stamp,x,y,yaw,v,w,collisions,blocked_commands,distance,quality_enabled,top_blocked,all_blocked,reset_sequence,evidence
1789808718.7099204,-4.3,0.0,0.0,0.0,0.0,0,0,0.0,True,False,False,4,synthetic_2d_kinematics_ideal_odometry
1789808718.7348685,-4.3,0.0,0.0,0.0,0.0,0,0,0.0,True,False,False,4,synthetic_2d_kinematics_ideal_odometry
1789808718.7598715,-4.3,0.0,0.0,0.0,0.0,0,0,0.0,True,False,False,4,synthetic_2d_kinematics_ideal_odometry
1789808718.7850728,-4.284884303496377,0.00016661999069827083,0.022045063249969132,0.5999999999999999,0.875,0,0,0.015116614799978436,True,False,False,4,synthetic_2d_kinematics_ideal_odometry
1789808718.8122406,-4.268583048132743,0.0007200684761685557,0.04583142462500689,0.5999999999999999,0.875,0,0,0.03142726260000448,True,False,False,4,synthetic_2d_kinematics_ideal_odometry
1789808718.8347797,-4.255081381258206,0.0014536922509144235,0.06273340362497493,0.5999999999999999,0.75,0,0,0.04494884579997902,True,False,False,4,synthetic_2d_kinematics_ideal_odometry
1789808718.8598483,-4.240076416175939,0.002537971177639369,0.08153851587499616,0.5999999999999999,0.75,0,0,0.05999293559999634,True,False,False,4,synthetic_2d_kinematics_ideal_odometry
1789808718.8849242,-4.225092795626083,0.0039043827022078167,0.10034576037497799,0.5999999999999999,0.75,0,0,0.07503873119998167,True,False,False,4,synthetic_2d_kinematics_ideal_odometry
1789808718.9099925,-4.210152795693189,0.005550508147064983,0.11913377712498628,0.5999999999999999,0.75,0,0,0.09006914459998837,True,False,False,4,synthetic_2d_kinematics_ideal_odometry
1789808718.9348788,-4.195364869619189,0.0074605788342489415,0.13777224237497876,0.5999999999999999,0.75,0,0,0.10497991679998267,True,False,False,4,synthetic_2d_kinematics_ideal_odometry
1789808718.959841,-4.1805292102654885,0.00963576901739304,0.15339127737498615,0.5999999999999999,0.625,0,0,0.1199741903999901,True,False,False,4,synthetic_2d_kinematics_ideal_odometry
1789808718.9850764,-4.1655819844707604,0.012067558286006164,0.16916601675000464,0.5999999999999999,0.625,0,0,0.13511794020000747,True,False,False,4,synthetic_2d_kinematics_ideal_odometry
1789808719.0100424,-4.150835034657277,0.014704894651984548,0.18477114549999385,0.5999999999999999,0.625,0,0,0.15009886379999673,True,False,False,4,synthetic_2d_kinematics_ideal_odometry
1789808719.0349278,-4.136184147110583,0.01758493950225504,0.20343524724997053,0.5999999999999999,0.75,0,0,0.16503014519997808,True,False,False,4,synthetic_2d_kinematics_ideal_odometry
1789808719.0602791,-4.121321299891843,0.020798541052292084,0.2224431182499842,0.5999999999999999,0.75,0,0,0.18023644199998895,True,False,False,4,synthetic_2d_kinematics_ideal_odometry
1789808719.0851007,-4.10683242611055,0.024217731496164963,0.24105168174999392,0.5999999999999999,0.75,0,0,0.1951232927999971,True,False,False,4,synthetic_2d_kinematics_ideal_odometry
1789808719.1100452,-4.092318436904887,0.027906007516351694,0.2566509404999948,0.5999999999999999,0.625,0,0,0.21009858119999766,True,False,False,4,synthetic_2d_kinematics_ideal_odometry
1789808719.13488,-4.07793759284146,0.031799619444427815,0.27217033674998703,0.5999999999999999,0.625,0,0,0.22499720159998995,True,False,False,4,synthetic_2d_kinematics_ideal_odometry
1789808719.1597753,-4.06357016640615,0.035930358517811053,0.28774267674998555,0.5999999999999999,0.625,0,0,0.23994664799998836,True,False,False,4,synthetic_2d_kinematics_ideal_odometry
1789808719.184843,-4.049177871513258,0.040312786643173795,0.30341426799997606,0.5999999999999999,0.625,0,0,0.2549913755999789,True,False,False,4,synthetic_2d_kinematics_ideal_odometry
1789808719.209727,-4.034964208518424,0.04488448213965818,0.3189671786249946,0.5999999999999999,0.625,0,0,0.2699221697999968,True,False,False,4,synthetic_2d_kinematics_ideal_odometry
1789808719.2348669,-4.020683088157756,0.04970039991269504,0.3315265781249863,0.5999999999999999,0.5,0,0,0.2849934491999865,True,False,False,4,synthetic_2d_kinematics_ideal_odometry
1789808719.2601879,-4.006349780390582,0.05473608007389224,0.3441867131249907,0.5999999999999999,0.5,0,0,0.30018561119999193,True,False,False,4,synthetic_2d_kinematics_ideal_odometry
1789808719.285162,-3.992286632185188,0.05987631231016797,0.3566643076250031,0.5999999999999999,0.5,0,0,0.31515872460000693,True,False,False,4,synthetic_2d_kinematics_ideal_odometry
1789808719.3202312,-3.9726211074439917,0.06740080693446185,0.3742108901249921,0.5999999999999999,0.5,0,0,0.33621462359999366,True,False,False,4,synthetic_2d_kinematics_ideal_odometry
1789808719.3346713,-3.964601227252586,0.07058366475997704,0.3814012126250006,0.5999999999999999,0.5,0,0,0.3448430106000037,True,False,False,4,synthetic_2d_kinematics_ideal_odometry
1789808719.3600664,-3.950465281950619,0.076357392328053,0.3941258846249909,0.5999999999999999,0.5,0,0,0.3601126169999919,True,False,False,4,synthetic_2d_kinematics_ideal_odometry
1789808719.3847718,-3.936800237898931,0.0821149134685076,0.4033936563749805,0.5999999999999999,0.375,0,0,0.37494105179997533,True,False,False,4,synthetic_2d_kinematics_ideal_odometry
1789808719.409999,-3.9229100272553796,0.0881210567086248,0.41285186437499277,0.5999999999999999,0.375,0,0,0.39007418459999516,True,False,False,4,synthetic_2d_kinematics_ideal_odometry
1789808719.4348793,-3.9100711595111255,0.09381632334211422,0.4221788718749835,0.5647058823529411,0.375,0,0,0.40411956059998133,True,False,False,4,synthetic_2d_kinematics_ideal_odometry
1789808719.4598494,-3.897225065390456,0.09965913323736478,0.43155040462499983,0.5647058823529411,0.375,0,0,0.4182319863882411,True,False,False,4,synthetic_2d_kinematics_ideal_odometry
1789808719.484807,-3.8844613248051294,0.10560931510736495,0.4409020867500004,0.5647058823529411,0.375,0,0,0.4323145194705949,True,False,False,4,synthetic_2d_kinematics_ideal_odometry
1789808719.5098083,-3.8709134019693634,0.11208024207524425,0.45028581412499596,0.5999999999999999,0.375,0,0,0.44732848327058783,True,False,False,4,synthetic_2d_kinematics_ideal_odometry
1789808719.534705,-3.8574926225310837,0.11864542765963383,0.4596236358749835,0.5999999999999999,0.375,0,0,0.46226899807056804,True,False,False,4,synthetic_2d_kinematics_ideal_odometry
1789808719.5598862,-3.843986898325185,0.12541005021134352,0.46906433699998473,0.5999999999999999,0.375,0,0,0.4773741198705701,True,False,False,4,synthetic_2d_kinematics_ideal_odometry
1789808719.58527,-3.8304432862646127,0.13235496858880375,0.4785771022500001,0.5999999999999999,0.375,0,0,0.4925945442705947,True,False,False,4,synthetic_2d_kinematics_ideal_odometry
1789808719.6100276,-3.817290555343228,0.1392563237734311,0.4878604676249836,0.5999999999999999,0.375,0,0,0.5074479288705681,True,False,False,4,synthetic_2d_kinematics_ideal_odometry
1789808719.6349723,-3.804877772430766,0.14591767453904844,0.49721528587498653,0.5647058823529411,0.375,0,0,0.5215351845882197,True,False,False,4,synthetic_2d_kinematics_ideal_odometry
1789808719.6606476,-3.7921813289412696,0.15288718183962688,0.5068332794999861,0.5647058823529411,0.375,0,0,0.5360187514588075,True,False,False,4,synthetic_2d_kinematics_ideal_odometry
1789808719.6850598,-3.780146957810079,0.159641091716346,0.5159973753749867,0.5647058823529411,0.375,0,0,0.5498188017176318,True,False,False,4,synthetic_2d_kinematics_ideal_odometry
1789808719.710007,-3.7679342920494605,0.16664449614685628,0.525346207499986,0.5647058823529411,0.375,0,0,0.5638970430352778,True,False,False,4,synthetic_2d_kinematics_ideal_odometry
1789808719.734954,-3.755774003456901,0.17376983891296222,0.5347055583749949,0.5647058823529411,0.375,0,0,0.5779911243529383,True,False,False,4,synthetic_2d_kinematics_ideal_odometry
1789808719.761828,-3.7419310522481366,0.18206297989298642,0.5447911972499853,0.5999999999999999,0.375,0,0,0.5941281465529228,True,False,False,4,synthetic_2d_kinematics_ideal_odometry
1789808719.7870011,-3.729052970694998,0.18994992535552246,0.5542295021249827,0.5999999999999999,0.375,0,0,0.6092294343529188,True,False,False,4,synthetic_2d_kinematics_ideal_odometry
1789808719.8111563,-3.716753159816062,0.19764010081438008,0.5632957544999825,0.5999999999999999,0.375,0,0,0.6237354381529187,True,False,False,4,synthetic_2d_kinematics_ideal_odometry
1789808719.8346887,-3.7048533427003805,0.20522905749157533,0.5721168476249828,0.5999999999999999,0.375,0,0,0.637849187152919,True,False,False,4,synthetic_2d_kinematics_ideal_odometry
1789808719.8598883,-3.6921863086422015,0.2134709972010892,0.5815620704999985,0.5999999999999999,0.375,0,0,0.6529615437529442,True,False,False,4,synthetic_2d_kinematics_ideal_odometry
1789808719.8848214,-3.6797188196204993,0.22175093553272054,0.5909161233749954,0.5999999999999999,0.375,0,0,0.6679280283529392,True,False,False,4,synthetic_2d_kinematics_ideal_odometry
1789808719.9098682,-3.66727119417009,0.2301584438697684,0.5971748613749951,0.5999999999999999,0.25,0,0,0.6829489995529383,True,False,False,4,synthetic_2d_kinematics_ideal_odometry
1789808719.9349635,-3.654872339960484,0.23864651404238799,0.603435670374992,0.5999999999999999,0.25,0,0,0.6979749411529308,True,False,False,4,synthetic_2d_kinematics_ideal_odometry
1789808719.9596303,-3.6426800667564754,0.24710505059387108,0.6096186213749917,0.5999999999999999,0.25,0,0,0.7128140235529298,True,False,False,4,synthetic_2d_kinematics_ideal_odometry
1789808719.985047,-3.6302156404769512,0.2558685929965957,0.6159673088749855,0.5999999999999999,0.25,0,0,0.7280508735529149,True,False,False,4,synthetic_2d_kinematics_ideal_odometry
1789808720.0100477,-3.6179981661680314,0.2645740336197828,0.6222180223749945,0.5999999999999999,0.25,0,0,0.7430525859529362,True,False,False,4,synthetic_2d_kinematics_ideal_odometry
1789808720.0349817,-3.605878482077536,0.2733243218097454,0.628446517124999,0.5999999999999999,0.25,0,0,0.7580009733529474,True,False,False,4,synthetic_2d_kinematics_ideal_odometry
1789808720.060034,-3.5937391300347072,0.282204712870713,0.6347135108749881,0.5999999999999999,0.25,0,0,0.7730417583529212,True,False,False,4,synthetic_2d_kinematics_ideal_odometry
1789808720.0851,-3.581655959357543,0.2911607899372666,0.640980353874994,0.5999999999999999,0.25,0,0,0.7880821815529353,True,False,False,4,synthetic_2d_kinematics_ideal_odometry
1789808720.1099956,-3.5704132009717457,0.2996032526189069,0.6472046943749915,0.5647058823529411,0.25,0,0,0.8021418683294005,True,False,False,4,synthetic_2d_kinematics_ideal_odometry
1789808720.1348963,-3.5592177080641987,0.30811974159802313,0.6534321018749977,0.5647058823529411,0.25,0,0,0.8162084829176497,True,False,False,4,synthetic_2d_kinematics_ideal_odometry
1789808720.1599302,-3.5473079092227313,0.317267878091999,0.6565607921249921,0.5999999999999999,0.125,0,0,0.8312261961176223,True,False,False,4,synthetic_2d_kinematics_ideal_odometry
1789808720.1848729,-3.5354662634566494,0.3264226164844068,0.659679075249997,0.5999999999999999,0.125,0,0,0.846193955117646,True,False,False,4,synthetic_2d_kinematics_ideal_odometry
1789808720.2099147,-3.5236102493464503,0.33564778084974684,0.6628087157499962,0.5999999999999999,0.125,0,0,0.8612162295176421,True,False,False,4,synthetic_2d_kinematics_ideal_odometry
1789808720.23506,-3.51183855794238,0.34489617229724306,0.66904627924999,0.5999999999999999,0.25,0,0,0.8761863819176274,True,False,False,4,synthetic_2d_kinematics_ideal_odometry
1789808720.260323,-3.49989175439774,0.3544044639418944,0.6754082447499954,0.5999999999999999,0.25,0,0,0.8914550991176401,True,False,False,4,synthetic_2d_kinematics_ideal_odometry
1789808720.2849624,-3.4883758026867944,0.36368824259530147,0.6815716122499893,0.5999999999999999,0.25,0,0,0.9062471811176255,True,False,False,4,synthetic_2d_kinematics_ideal_odometry
1789808720.3103516,-3.476577652720632,0.3733218965351982,0.6879181394999918,0.5999999999999999,0.25,0,0,0.9214788465176317,True,False,False,4,synthetic_2d_kinematics_ideal_odometry
1789808720.3348823,-3.4652455264514366,0.3826934277729313,0.6940453029999887,0.5999999999999999,0.25,0,0,0.9361840389176241,True,False,False,4,synthetic_2d_kinematics_ideal_odometry
1789808720.3599303,-3.4537018020466634,0.39233029510945283,0.6971781181249881,0.5999999999999999,0.125,0,0,0.9512215515176212,True,False,False,4,synthetic_2d_kinematics_ideal_odometry
1789808720.3849788,-3.4421921817771453,0.4020000286863663,0.700309882374988,0.5999999999999999,0.125,0,0,0.9662540199176209,True,False,False,4,synthetic_2d_kinematics_ideal_odometry
1789808720.4100635,-3.4307003504792184,0.4117164056425098,0.7034450752499879,0.5999999999999999,0.125,0,0,0.9813029457176203,True,False,False,4,synthetic_2d_kinematics_ideal_odometry
1789808720.434764,-3.4200679467071864,0.4207630383171,0.7065352426249945,0.5647058823529411,0.125,0,0,0.9952632312705911,True,False,False,4,synthetic_2d_kinematics_ideal_odometry
1789808720.4597538,-3.409348140155798,0.42994160932135345,0.7096590857499905,0.5647058823529411,0.125,0,0,1.0093756519764554,True,False,False,4,synthetic_2d_kinematics_ideal_odometry
1789808720.484854,-3.3986135139449885,0.43919126178149104,0.7127956693749908,0.5647058823529411,0.125,0,0,1.0235456297646925,True,False,False,4,synthetic_2d_kinematics_ideal_odometry
1789808720.5096905,-3.3873358750041267,0.44893966943393326,0.7127956693749908,0.5999999999999999,0.0,0,0,1.0384525607646884,True,False,False,4,synthetic_2d_kinematics_ideal_odometry
1789808720.535177,-3.375768684236941,0.458938366110019,0.7127956693749908,0.5999999999999999,0.0,0,0,1.053742225164695,True,False,False,4,synthetic_2d_kinematics_ideal_odometry
1789808720.55969,-3.364639120541014,0.46855877730341267,0.7127956693749908,0.5999999999999999,0.0,0,0,1.0684534283646945,True,False,False,4,synthetic_2d_kinematics_ideal_odometry
1789808720.584954,-3.353180332693223,0.47846377033687315,0.7127956693749908,0.5999999999999999,0.0,0,0,1.0835998043647015,True,False,False,4,synthetic_2d_kinematics_ideal_odometry
1789808720.6099842,-3.341817407262808,0.488285899756058,0.7127956693749908,0.5999999999999999,0.0,0,0,1.09861946816468,True,False,False,4,synthetic_2d_kinematics_ideal_odometry
1789808720.634855,-3.330545599983176,0.49805991397486615,0.7159038532499905,0.5999999999999999,0.125,0,0,1.113538750764679,True,False,False,4,synthetic_2d_kinematics_ideal_odometry
1789808720.6600747,-3.319144539885203,0.5080086991610905,0.7190562504999959,0.5999999999999999,0.125,0,0,1.128670257564705,True,False,False,4,synthetic_2d_kinematics_ideal_odometry
1789808720.6851323,-3.3078487941937307,0.5179282763706623,0.7221881309999957,0.5999999999999999,0.125,0,0,1.143703283964704,True,False,False,4,synthetic_2d_kinematics_ideal_odometry
1789808720.7099113,-3.297362945992043,0.5271946325953383,0.7252856531249917,0.5647058823529411,0.125,0,0,1.1576967956823334,True,False,False,4,synthetic_2d_kinematics_ideal_odometry
1789808720.7348297,-3.2868461193141525,0.5365467064885121,0.7284008929999927,0.5647058823529411,0.125,0,0,1.1717703499411614,True,False,False,4,synthetic_2d_kinematics_ideal_odometry
1789808720.7598898,-3.275625563873495,0.546555911482144,0.7284008929999927,0.5999999999999999,0.0,0,0,1.1868064747411695,True,False,False,4,synthetic_2d_kinematics_ideal_odometry
1789808720.784776,-3.2644743688892346,0.5565032440461796,0.7284008929999927,0.5999999999999999,0.0,0,0,1.2017496529411547,True,False,False,4,synthetic_2d_kinematics_ideal_odometry
1789808720.8097134,-3.2533088801284684,0.5664633272570024,0.7284008929999927,0.5999999999999999,0.0,0,0,1.2167119855411643,True,False,False,4,synthetic_2d_kinematics_ideal_odometry
1789808720.8347106,-3.2421329464348956,0.5764641237080331,0.7315253194999939,0.5999999999999999,0.125,0,0,1.2317092327411703,True,False,False,4,synthetic_2d_kinematics_ideal_odometry
1789808720.8598478,-3.2309279007455194,0.5865543634720217,0.7346667069999951,0.5999999999999999,0.125,0,0,1.2467878927411764,True,False,False,4,synthetic_2d_kinematics_ideal_odometry
1789808720.8849754,-3.219759390508276,0.5966754047905474,0.7378067478749911,0.5999999999999999,0.125,0,0,1.261860088941157,True,False,False,4,synthetic_2d_kinematics_ideal_odometry
1789808720.9099388,-3.209344617145257,0.6061729385334791,0.7409267476249964,0.5647058823529411,0.125,0,0,1.2759551466352987,True,False,False,4,synthetic_2d_kinematics_ideal_odometry
1789808720.9356859,-3.1986325267159583,0.6160039656598861,0.744145133499991,0.5647058823529411,0.125,0,0,1.2904946781176272,True,False,False,4,synthetic_2d_kinematics_ideal_odometry
1789808720.9598434,-3.187970965324808,0.6258202733628929,0.744145133499991,0.5999999999999999,0.0,0,0,1.3049870481176435,True,False,False,4,synthetic_2d_kinematics_ideal_odometry
1789808720.9850097,-3.1768611371847486,0.6360493090124811,0.744145133499991,0.5999999999999999,0.0,0,0,1.3200887517176418,True,False,False,4,synthetic_2d_kinematics_ideal_odometry
1789808721.0099041,-3.1658721931448195,0.6461670443112344,0.744145133499991,0.5999999999999999,0.0,0,0,1.3350261363176423,True,False,False,4,synthetic_2d_kinematics_ideal_odometry
1789808721.034899,-3.1548498033194288,0.6563155737975758,0.744145133499991,0.5999999999999999,0.0,0,0,1.3500089841176441,True,False,False,4,synthetic_2d_kinematics_ideal_odometry
1789808721.0597866,-3.143847784560455,0.6664453472453924,0.744145133499991,0.5999999999999999,0.0,0,0,1.3649641413176505,True,False,False,4,synthetic_2d_kinematics_ideal_odometry
1789808721.0848372,-3.1327912387364876,0.6766253248264014,0.744145133499991,0.5999999999999999,0.0,0,0,1.3799934177176418,True,False,False,4,synthetic_2d_kinematics_ideal_odometry
1789808721.1099231,-3.121736077766678,0.6868360952195786,0.7472803696249882,0.5999999999999999,0.125,0,0,1.3950425511176283,True,False,False,4,synthetic_2d_kinematics_ideal_odometry
1789808721.1348298,-3.110787431777167,0.6970120645234019,0.7503944003749936,0.5999999999999999,0.125,0,0,1.4099898987176538,True,False,False,4,synthetic_2d_kinematics_ideal_odometry
1789808721.159568,-3.1005822928436193,0.7065561992424337,0.7534873079999898,0.5647058823529411,0.125,0,0,1.4239625637529305,True,False,False,4,synthetic_2d_kinematics_ideal_odometry
1789808721.1850388,-3.090116446231906,0.7164058855941617,0.7566685783749918,0.5647058823529411,0.125,0,0,1.4383344205058808,True,False,False,4,synthetic_2d_kinematics_ideal_odometry
1789808721.2099705,-3.079892503046559,0.726088804521231,0.7597855714999895,0.5647058823529411,0.125,0,0,1.4524158953293997,True,False,False,4,synthetic_2d_kinematics_ideal_odometry
1789808721.234915,-3.0690435674196794,0.7363957643143814,0.7597855714999895,0.5999999999999999,0.0,0,0,1.4673802805293936,True,False,False,4,synthetic_2d_kinematics_ideal_odometry
1789808721.260049,-3.0581125304316044,0.7467807239646518,0.7597855714999895,0.5999999999999999,0.0,0,0,1.4824579115294019,True,False,False,4,synthetic_2d_kinematics_ideal_odometry
1789808721.2850218,-3.0472458911373055,0.7571045030103589,0.7597855714999895,0.5999999999999999,0.0,0,0,1.4974467161294018,True,False,False,4,synthetic_2d_kinematics_ideal_odometry
1789808721.3110719,-3.035926875922376,0.7678580588181088,0.7597855714999895,0.5999999999999999,0.0,0,0,1.5130595015293937,True,False,False,4,synthetic_2d_kinematics_ideal_odometry
1789808721.3348873,-3.0255736004129647,0.7777235053087889,0.762764937374989,0.5999999999999999,0.125,0,0,1.527360457729391,True,False,False,4,synthetic_2d_kinematics_ideal_odometry
1789808721.3600206,-3.014687394603796,0.7881605290044842,0.7659068426249931,0.5999999999999999,0.125,0,0,1.542441602929411,True,False,False,4,synthetic_2d_kinematics_ideal_odometry
1789808721.3847942,-3.0039822430305394,0.7984882710062297,0.7690057792499942,0.5999999999999999,0.125,0,0,1.5573164987294166,True,False,False,4,synthetic_2d_kinematics_ideal_odometry
1789808721.4098384,-2.993200916745193,0.8089545324070182,0.7721361886249909,0.5999999999999999,0.125,0,0,1.5723424637294003,True,False,False,4,synthetic_2d_kinematics_ideal_odometry
1789808721.434742,-2.9824958511524833,0.8193793574928471,0.7721361886249909,0.5999999999999999,0.0,0,0,1.5872848667293982,True,False,False,4,synthetic_2d_kinematics_ideal_odometry
1789808721.4609458,-2.971233129729726,0.8303472399225097,0.7721361886249909,0.5999999999999999,0.0,0,0,1.60300565992941,True,False,False,4,synthetic_2d_kinematics_ideal_odometry
1789808721.484794,-2.9609799043007983,0.840332053255642,0.7721361886249909,0.5999999999999999,0.0,0,0,1.6173173729293937,True,False,False,4,synthetic_2d_kinematics_ideal_odometry
1789808721.509964,-2.9507977806072017,0.8502476261765876,0.7721361886249909,0.5647058823529411,0.0,0,0,1.6315298403176515,True,False,False,4,synthetic_2d_kinematics_ideal_odometry
1789808721.534842,-2.9407381260274232,0.8600439360179272,0.7721361886249909,0.5647058823529411,0.0,0,0,1.6455713621999826,True,False,False,4,synthetic_2d_kinematics_ideal_odometry
1789808721.5595574,-2.9307366474727594,0.8697835927840701,0.7721361886249909,0.5647058823529411,0.0,0,0,1.6595316805058693,True,False,False,4,synthetic_2d_kinematics_ideal_odometry
1789808721.585025,-2.920436434919797,0.8798141631978207,0.7721361886249909,0.5647058823529411,0.0,0,0,1.6739089793294109,True,False,False,4,synthetic_2d_kinematics_ideal_odometry
1789808721.609822,-2.910401682695219,0.8895862225854906,0.7721361886249909,0.5647058823529411,0.0,0,0,1.6879157418705846,True,False,False,4,synthetic_2d_kinematics_ideal_odometry
1789808721.6349158,-2.8996179195834273,0.9000876850224888,0.7721361886249909,0.5999999999999999,0.0,0,0,1.7029679928705819,True,False,False,4,synthetic_2d_kinematics_ideal_odometry
1789808721.6598694,-2.8888910200285998,0.910533772494245,0.7721361886249909,0.5999999999999999,0.0,0,0,1.7179408722705818,True,False,False,4,synthetic_2d_kinematics_ideal_odometry
1789808721.6849184,-2.878123458512782,0.9210194574656432,0.7721361886249909,0.5999999999999999,0.0,0,0,1.7329705086705858,True,False,False,4,synthetic_2d_kinematics_ideal_odometry
1789808721.7098308,-2.86740752494227,0.9314548660240014,0.7721361886249909,0.5999999999999999,0.0,0,0,1.7479280814705918,True,False,False,4,synthetic_2d_kinematics_ideal_odometry
1789808721.7346878,-2.856722479331287,0.9418601952173565,0.7721361886249909,0.5999999999999999,0.0,0,0,1.7628425400705838,True,False,False,4,synthetic_2d_kinematics_ideal_odometry
1789808721.759771,-2.8465753568116683,0.9517416832358458,0.7721361886249909,0.5647058823529411,0.0,0,0,1.7770061519294178,True,False,False,4,synthetic_2d_kinematics_ideal_odometry
1789808721.787496,-2.835362187092847,0.9626613111413521,0.7721361886249909,0.5647058823529411,0.0,0,0,1.7926577795999767,True,False,False,4,synthetic_2d_kinematics_ideal_odometry
1789808721.8108027,-2.8259311368484314,0.9718454724453847,0.7721361886249909,0.5647058823529411,0.0,0,0,1.8058218795529237,True,False,False,4,synthetic_2d_kinematics_ideal_odometry
1789808721.834877,-2.8156020114119564,0.9819345114500319,0.7751442762499963,0.5999999999999999,0.125,0,0,1.8202607001529494,True,False,False,4,synthetic_2d_kinematics_ideal_odometry
1789808721.8599195,-2.804885084544487,0.9924668060898413,0.7782747003749931,0.5999999999999999,0.125,0,0,1.8352867359529348,True,False,False,4,synthetic_2d_kinematics_ideal_odometry
1789808721.8850465,-2.7941671240209875,1.0030663836960454,0.78141511874999,0.5999999999999999,0.125,0,0,1.8503607441529206,True,False,False,4,synthetic_2d_kinematics_ideal_odometry
1789808721.910016,-2.7835291735884558,1.0136199270164494,0.78141511874999,0.5999999999999999,0.0,0,0,1.865345511952945,True,False,False,4,synthetic_2d_kinematics_ideal_odometry
1789808721.9349287,-2.7729203505072477,1.0241445740973047,0.78141511874999,0.5999999999999999,0.0,0,0,1.8802892505529383,True,False,False,4,synthetic_2d_kinematics_ideal_odometry
1789808721.9597409,-2.7629733966444063,1.0340126035794248,0.78141511874999,0.5647058823529411,0.0,0,0,1.8943006707882137,True,False,False,4,synthetic_2d_kinematics_ideal_odometry
1789808721.9849153,-2.7528794250933117,1.0440264842338818,0.78141511874999,0.5647058823529411,0.0,0,0,1.9085191822235228,True,False,False,4,synthetic_2d_kinematics_ideal_odometry
1789808722.0100534,-2.742804150065842,1.0540218167127984,0.78141511874999,0.5647058823529411,0.0,0,0,1.922711357470582,True,False,False,4,synthetic_2d_kinematics_ideal_odometry
1789808722.0347314,-2.732902765897418,1.0638446380745028,0.78141511874999,0.5647058823529411,0.0,0,0,1.9366585875882316,True,False,False,4,synthetic_2d_kinematics_ideal_odometry
1789808722.059777,-2.7228608886011334,1.0738068378174568,0.78141511874999,0.5647058823529411,0.0,0,0,1.9508037183176434,True,False,False,4,synthetic_2d_kinematics_ideal_odometry
1789808722.0848813,-2.712797899791892,1.0837899815634833,0.78141511874999,0.5647058823529411,0.0,0,0,1.9649785870235168,True,False,False,4,synthetic_2d_kinematics_ideal_odometry
1789808722.1097848,-2.7021911723874386,1.094312549595789,0.78141511874999,0.5999999999999999,0.0,0,0,1.9799193736235217,True,False,False,4,synthetic_2d_kinematics_ideal_odometry
1789808722.134812,-2.6915317489352177,1.104887395557613,0.78141511874999,0.5999999999999999,0.0,0,0,1.9949343886235162,True,False,False,4,synthetic_2d_kinematics_ideal_odometry
1789808722.1596913,-2.6809612329370216,1.1154066710604307,0.7845219476249878,0.5999999999999999,0.125,0,0,2.0098471672235054,True,False,False,4,synthetic_2d_kinematics_ideal_odometry
1789808722.1849446,-2.670248592710539,1.1261343841963545,0.787680410749992,0.5999999999999999,0.125,0,0,2.0250077902235253,True,False,False,4,synthetic_2d_kinematics_ideal_odometry
1789808722.2099123,-2.6597070609667255,1.136757212056189,0.7907982383749894,0.5999999999999999,0.125,0,0,2.039973362823513,True,False,False,4,synthetic_2d_kinematics_ideal_odometry
1789808722.2352686,-2.6496602917466068,1.1469452978071029,0.7939654959999912,0.5647058823529411,0.125,0,0,2.054281914917638,True,False,False,4,synthetic_2d_kinematics_ideal_odometry
1789808722.2600496,-2.6398508833522953,1.156955255014988,0.7970678023749896,0.5647058823529411,0.125,0,0,2.0682970401882192,True,False,False,4,synthetic_2d_kinematics_ideal_odometry
1789808722.2850826,-2.6299866492390622,1.1670841019053995,0.8001974141249945,0.5647058823529411,0.125,0,0,2.082435521505888,True,False,False,4,synthetic_2d_kinematics_ideal_odometry
1789808722.3098211,-2.619648074715787,1.1777333024520236,0.8001974141249945,0.5999999999999999,0.0,0,0,2.097277744905889,True,False,False,4,synthetic_2d_kinematics_ideal_odometry
1789808722.3348167,-2.609197254302486,1.1884981213550012,0.8001974141249945,0.5999999999999999,0.0,0,0,2.1122811103058576,True,False,False,4,synthetic_2d_kinematics_ideal_odometry
1789808722.3597445,-2.598793055242071,1.199248388268274,0.8033141782499981,0.5999999999999999,0.125,0,0,2.127241578105875,True,False,False,4,synthetic_2d_kinematics_ideal_odometry
1789808722.3847947,-2.588372651444265,1.2100829309198307,0.8064459218749959,0.5999999999999999,0.125,0,0,2.1422739475058643,True,False,False,4,synthetic_2d_kinematics_ideal_odometry
1789808722.410041,-2.5779137604362585,1.2210261174481463,0.8095995527500007,0.5999999999999999,0.125,0,0,2.157411375705888,True,False,False,4,synthetic_2d_kinematics_ideal_odometry
1789808722.4348667,-2.5676564952038587,1.2318257793855996,0.8127025599999982,0.5999999999999999,0.125,0,0,2.1723058105058755,True,False,False,4,synthetic_2d_kinematics_ideal_odometry
1789808722.4601016,-2.5572680994558534,1.2428322507538812,0.8158556364999967,0.5999999999999999,0.125,0,0,2.187440577705868,True,False,False,4,synthetic_2d_kinematics_ideal_odometry
1789808722.4849234,-2.5470763118824573,1.2536983163038897,0.8189593411249945,0.5999999999999999,0.125,0,0,2.2023383599058572,True,False,False,4,synthetic_2d_kinematics_ideal_odometry
1789808722.5100045,-2.537417953029898,1.2640602565613595,0.8220948734999993,0.5647058823529411,0.125,0,0,2.216503588517644,True,False,False,4,synthetic_2d_kinematics_ideal_odometry
1789808722.5354037,-2.527681042095226,1.2745727461299947,0.8252666544999983,0.5647058823529411,0.125,0,0,2.2308325756235217,True,False,False,4,synthetic_2d_kinematics_ideal_odometry
1789808722.559833,-2.517731124646238,1.2853494404138497,0.8252666544999983,0.5999999999999999,0.0,0,0,2.245500158823536,True,False,False,4,synthetic_2d_kinematics_ideal_odometry
1789808722.584864,-2.507537293926836,1.2963903156580505,0.8252666544999983,0.5999999999999999,0.0,0,0,2.2605273046235155,True,False,False,4,synthetic_2d_kinematics_ideal_odometry
1789808722.6099656,-2.497322714313007,1.307453663901963,0.8252666544999983,0.5999999999999999,0.0,0,0,2.275585037223523,True,False,False,4,synthetic_2d_kinematics_ideal_odometry
1789808722.6348672,-2.487782252254607,1.3177868795750793,0.8252666544999983,0.5647058823529411,0.0,0,0,2.2896490253646906,True,False,False,4,synthetic_2d_kinematics_ideal_odometry
1789808722.6597815,-2.478232466163175,1.3281301940509245,0.8252666544999983,0.5647058823529411,0.0,0,0,2.3037267584470564,True,False,False,4,synthetic_2d_kinematics_ideal_odometry
1789808722.6847901,-2.4686569692614033,1.338501355747034,0.8252666544999983,0.5647058823529411,0.0,0,0,2.3178423928941045,True,False,False,4,synthetic_2d_kinematics_ideal_odometry
1789808722.70975,-2.4585114360529903,1.3495243842801348,0.8283877562500024,0.5999999999999999,0.125,0,0,2.332823681294124,True,False,False,4,synthetic_2d_kinematics_ideal_odometry
1789808722.7347493,-2.4483879079248427,1.360592677025356,0.8315127071250004,0.5999999999999999,0.125,0,0,2.3478234454941145,True,False,False,4,synthetic_2d_kinematics_ideal_odometry
1789808722.759736,-2.4382876767408717,1.3716702037048916,0.8315127071250004,0.5999999999999999,0.0,0,0,2.3628143182941046,True,False,False,4,synthetic_2d_kinematics_ideal_odometry
1789808722.7849143,-2.4281167295940103,1.3828252888037662,0.8315127071250004,0.5999999999999999,0.0,0,0,2.3779101484941094,True,False,False,4,synthetic_2d_kinematics_ideal_odometry
1789808722.8137136,-2.416469918969284,1.3955990415106998,0.8315127071250004,0.5999999999999999,0.0,0,0,2.395196471294119,True,False,False,4,synthetic_2d_kinematics_ideal_odometry
1789808722.835233,-2.408293541747287,1.4045665626662909,0.8315127071250004,0.5647058823529411,0.0,0,0,2.4073319391529355,True,False,False,4,synthetic_2d_kinematics_ideal_odometry
1789808722.860178,-2.398808669299049,1.4149691886739109,0.8315127071250004,0.5647058823529411,0.0,0,0,2.421409489835272,True,False,False,4,synthetic_2d_kinematics_ideal_odometry
1789808722.8850808,-2.389343793121659,1.4253498835772052,0.8315127071250004,0.5647058823529411,0.0,0,0,2.43545736183528,True,False,False,4,synthetic_2d_kinematics_ideal_odometry
1789808722.909986,-2.379842644692077,1.4357703604254923,0.8315127071250004,0.5647058823529411,0.0,0,0,2.449559069505865,True,False,False,4,synthetic_2d_kinematics_ideal_odometry
1789808722.9355621,-2.370135547913127,1.4464167131268344,0.8315127071250004,0.5647058823529411,0.0,0,0,2.463966447952941,True,False,False,4,synthetic_2d_kinematics_ideal_odometry
1789808722.9598475,-2.360276976418067,1.4571962061527386,0.8284694077499992,0.5999999999999999,-0.125,0,0,2.4785742849529466,True,False,False,4,synthetic_2d_kinematics_ideal_odometry
1789808722.984841,-2.3501180696138055,1.4682355252430772,0.8253439220000018,0.5999999999999999,-0.125,0,0,2.493576616552934,True,False,False,4,synthetic_2d_kinematics_ideal_odometry
1789808723.0098,-2.339939351744509,1.4792272763551166,0.8222229183750045,0.5999999999999999,-0.125,0,0,2.5085574339529213,True,False,False,4,synthetic_2d_kinematics_ideal_odometry
1789808723.034744,-2.33035325308982,1.4895467233705297,0.8222229183750045,0.5647058823529411,0.0,0,0,2.5226423292000058,True,False,False,4,synthetic_2d_kinematics_ideal_odometry
1789808723.0598836,-2.320692820476141,1.4999461909844027,0.8222229183750045,0.5647058823529411,0.0,0,0,2.536836443647037,True,False,False,4,synthetic_2d_kinematics_ideal_odometry
1789808723.0847797,-2.3111228938937476,1.5102482287440602,0.8222229183750045,0.5647058823529411,0.0,0,0,2.550897577199984,True,False,False,4,synthetic_2d_kinematics_ideal_odometry
1789808723.1098158,-2.3021030772434754,1.5199580724838486,0.8222229183750045,0.5294117647058822,0.0,0,0,2.5641504319058814,True,False,False,4,synthetic_2d_kinematics_ideal_odometry
1789808723.1347067,-2.293131707053166,1.529615763549783,0.8222229183750045,0.5294117647058822,0.0,0,0,2.5773321040235073,True,False,False,4,synthetic_2d_kinematics_ideal_odometry
1789808723.160427,-2.282628235151922,1.540886436842019,0.8190132933750007,0.5999999999999999,-0.125,0,0,2.5927383040235252,True,False,False,4,synthetic_2d_kinematics_ideal_odometry
1789808723.1851149,-2.2724894747559996,1.5516973085782317,0.8159255332500024,0.5999999999999999,-0.125,0,0,2.6075595526235174,True,False,False,4,synthetic_2d_kinematics_ideal_odometry
1789808723.2099757,-2.262249992574565,1.5625480136714631,0.8128173507500024,0.5999999999999999,-0.125,0,0,2.622478828623518,True,False,False,4,synthetic_2d_kinematics_ideal_odometry
1789808723.2348268,-2.251980334901912,1.5733631647534627,0.8097102257500027,0.5999999999999999,-0.125,0,0,2.6373930286235163,True,False,False,4,synthetic_2d_kinematics_ideal_odometry
1789808723.2601185,-2.241503730080741,1.5843272518935512,0.8065508972499985,0.5999999999999999,-0.125,0,0,2.6525578054235366,True,False,False,4,synthetic_2d_kinematics_ideal_odometry
1789808723.285195,-2.231070369268755,1.5951775001119486,0.8034149241250007,0.5999999999999999,-0.125,0,0,2.667610476423526,True,False,False,4,synthetic_2d_kinematics_ideal_odometry
1789808723.3098097,-2.2213962642669616,1.6051757758959664,0.800335364750005,0.5647058823529411,-0.125,0,0,2.6815228387764476,True,False,False,4,synthetic_2d_kinematics_ideal_odometry
1789808723.3347397,-2.211577230273626,1.61526113328057,0.7972196300000008,0.5647058823529411,-0.125,0,0,2.695598628705878,True,False,False,4,synthetic_2d_kinematics_ideal_odometry
1789808723.3598397,-2.2016605678278665,1.625383263430572,0.7940829726249988,0.5647058823529411,-0.125,0,0,2.709768939670593,True,False,False,4,synthetic_2d_kinematics_ideal_odometry
1789808723.384803,-2.1917598021421685,1.6354261092556133,0.7909612987499983,0.5647058823529411,-0.125,0,0,2.7238715604705948,True,False,False,4,synthetic_2d_kinematics_ideal_odometry
1789808723.4099863,-2.1817509516948292,1.6455151557828889,0.7878155301250018,0.5647058823529411,-0.125,0,0,2.7380830328470496,True,False,False,4,synthetic_2d_kinematics_ideal_odometry
1789808723.4348702,-2.1711867592438296,1.6560647167456943,0.7815948293749955,0.5999999999999999,-0.25,0,0,2.7530127146470647,True,False,False,4,synthetic_2d_kinematics_ideal_odometry
1789808723.4598515,-2.160509961306021,1.6665946041073925,0.7753465998750073,0.5999999999999999,-0.25,0,0,2.768008465447036,True,False,False,4,synthetic_2d_kinematics_ideal_odometry
1789808723.4848137,-2.1497799475556603,1.6770456034644339,0.7691055426249989,0.5999999999999999,-0.25,0,0,2.7829870028470562,True,False,False,4,synthetic_2d_kinematics_ideal_odometry
1789808723.5097277,-2.139007005296585,1.6874083190822557,0.7628772168749975,0.5999999999999999,-0.25,0,0,2.797934984647059,True,False,False,4,synthetic_2d_kinematics_ideal_odometry
1789808723.5349257,-2.1280530825477806,1.6978138554920699,0.7565820521249975,0.5999999999999999,-0.25,0,0,2.813043380047059,True,False,False,4,synthetic_2d_kinematics_ideal_odometry
1789808723.559796,-2.1191020634937736,1.706237043884631,0.7534726995000015,0.4941176470588234,-0.125,0,0,2.825334468070573,True,False,False,4,synthetic_2d_kinematics_ideal_odometry
1789808723.5850115,-2.1100032181301125,1.7147457932409287,0.7503212638750015,0.4941176470588234,-0.125,0,0,2.837791907717632,True,False,False,4,synthetic_2d_kinematics_ideal_odometry
1789808723.6100254,-2.10094819495741,1.7231604335511088,0.7471941709999969,0.4941176470588234,-0.125,0,0,2.8501531219058855,True,False,False,4,synthetic_2d_kinematics_ideal_odometry
1789808723.6349437,-2.0899459715152937,1.7332890439079105,0.7409631210000002,0.5999999999999999,-0.25,0,0,2.865107641905878,True,False,False,4,synthetic_2d_kinematics_ideal_odometry
1789808723.6600971,-2.0787835929026266,1.7434367674531142,0.7346774590000039,0.5999999999999999,-0.25,0,0,2.880193230705869,True,False,False,4,synthetic_2d_kinematics_ideal_odometry
1789808723.6850262,-2.0676491022017935,1.7534325462169873,0.7284428602500058,0.5999999999999999,-0.25,0,0,2.895156267705864,True,False,False,4,synthetic_2d_kinematics_ideal_odometry
1789808723.7098856,-2.056488504926506,1.7633269993389638,0.7222282502500051,0.5999999999999999,-0.25,0,0,2.910071331705866,True,False,False,4,synthetic_2d_kinematics_ideal_odometry
1789808723.7349265,-2.0451875677289197,1.7732206903094379,0.7159699737499993,0.5999999999999999,-0.25,0,0,2.92509119530588,True,False,False,4,synthetic_2d_kinematics_ideal_odometry
1789808723.7596714,-2.0346265220589435,1.782379739574412,0.7128755733750013,0.5647058823529411,-0.125,0,0,2.939070604058812,True,False,False,4,synthetic_2d_kinematics_ideal_odometry
1789808723.7847562,-2.0238905219253795,1.7916320650042217,0.7097383731249992,0.5647058823529411,-0.125,0,0,2.9532433675411744,True,False,False,4,synthetic_2d_kinematics_ideal_odometry
1789808723.8100173,-2.013060341830099,1.8009063254752924,0.7065821956250035,0.5647058823529411,-0.125,0,0,2.9675018635411554,True,False,False,4,synthetic_2d_kinematics_ideal_odometry
1789808723.8347123,-2.003099100661136,1.8093827191023912,0.7034939600000031,0.5294117647058822,-0.125,0,0,2.980581449717628,True,False,False,4,synthetic_2d_kinematics_ideal_odometry
1789808723.859825,-1.9929467811642287,1.8179673513864159,0.7003547875000039,0.5294117647058822,-0.125,0,0,2.993876768541154,True,False,False,4,synthetic_2d_kinematics_ideal_odometry
1789808723.8850563,-1.9827269962660923,1.8265540474405106,0.6972031211249999,0.5294117647058822,-0.125,0,0,3.0072250025999945,True,False,False,4,synthetic_2d_kinematics_ideal_odometry
1789808723.9101026,-1.9711751109688382,1.8361675862328917,0.6909411023750068,0.5999999999999999,-0.25,0,0,3.022253847599978,True,False,False,4,synthetic_2d_kinematics_ideal_odometry
1789808723.9349148,-1.9596767793415908,1.8456159063375253,0.6847401506250038,0.5999999999999999,-0.25,0,0,3.037136131799985,True,False,False,4,synthetic_2d_kinematics_ideal_odometry
1789808723.959738,-1.9481046602696637,1.8550051771378557,0.6785309456249992,0.5999999999999999,-0.25,0,0,3.0520382237999963,True,False,False,4,synthetic_2d_kinematics_ideal_odometry
1789808723.985064,-1.936280998089468,1.8644764046906364,0.6722187118750044,0.5999999999999999,-0.25,0,0,3.0671875847999837,True,False,False,4,synthetic_2d_kinematics_ideal_odometry
1789808724.0100772,-1.9244754564486601,1.8738117898361109,0.6659476331250006,0.5999999999999999,-0.25,0,0,3.082238173799993,True,False,False,4,synthetic_2d_kinematics_ideal_odometry
1789808724.0348604,-1.9127547668177936,1.8829619148803474,0.6597520456249982,0.5999999999999999,-0.25,0,0,3.0971075837999984,True,False,False,4,synthetic_2d_kinematics_ideal_odometry
1789808724.0600142,-1.9008028506280574,1.8921730733294984,0.6534647438750057,0.5999999999999999,-0.25,0,0,3.11219710799998,True,False,False,4,synthetic_2d_kinematics_ideal_odometry
1789808724.0850337,-1.8888565924124325,1.9012610374238832,0.6472105206249951,0.5999999999999999,-0.25,0,0,3.127207243800006,True,False,False,4,synthetic_2d_kinematics_ideal_odometry
1789808724.1098893,-1.8769210257999676,1.9102239031324977,0.6409912808749995,0.5999999999999999,-0.25,0,0,3.142133419199995,True,False,False,4,synthetic_2d_kinematics_ideal_odometry
1789808724.1350129,-1.8648147359087075,1.919197208510515,0.6347124243749961,0.5999999999999999,-0.25,0,0,3.1572026748000033,True,False,False,4,synthetic_2d_kinematics_ideal_odometry
1789808724.159608,-1.8528985496164334,1.927915377082029,0.6285603871250062,0.5999999999999999,-0.25,0,0,3.171967564199979,True,False,False,4,synthetic_2d_kinematics_ideal_odometry
1789808724.1848176,-1.8406366876938474,1.9367697556208072,0.6222584738750073,0.5999999999999999,-0.25,0,0,3.1870921559999763,True,False,False,4,synthetic_2d_kinematics_ideal_odometry
1789808724.2099853,-1.8283478974176934,1.945526422290517,0.6159711743750053,0.5999999999999999,-0.25,0,0,3.202181674799981,True,False,False,4,synthetic_2d_kinematics_ideal_odometry
1789808724.2348375,-1.8161467697929308,1.9541061338427381,0.6097562873750066,0.5999999999999999,-0.25,0,0,3.217097403599978,True,False,False,4,synthetic_2d_kinematics_ideal_odometry
1789808724.2600253,-1.8037356463569492,1.9627180079228757,0.6034619948750051,0.5999999999999999,-0.25,0,0,3.2322037055999817,True,False,False,4,synthetic_2d_kinematics_ideal_odometry
1789808724.2850258,-1.7913586625421958,1.971191683613219,0.5972120933750065,0.5999999999999999,-0.25,0,0,3.2472034691999783,True,False,False,4,synthetic_2d_kinematics_ideal_odometry
1789808724.3208923,-1.7735065921587658,1.98321530091702,0.588243941875007,0.5999999999999999,-0.25,0,0,3.268727032799977,True,False,False,4,synthetic_2d_kinematics_ideal_odometry
1789808724.3348708,-1.7665242922484485,1.9878550021927461,0.584750909625001,0.5999999999999999,-0.25,0,0,3.2771103101999914,True,False,False,4,synthetic_2d_kinematics_ideal_odometry
1789808724.360192,-1.7538349193835834,1.9961974936675733,0.5784233718750047,0.5999999999999999,-0.25,0,0,3.2922964007999824,True,False,False,4,synthetic_2d_kinematics_ideal_odometry
1789808724.385066,-1.7413043073827705,2.0043234521631947,0.5722005498750067,0.5999999999999999,-0.25,0,0,3.3072311735999778,True,False,False,4,synthetic_2d_kinematics_ideal_odometry
1789808724.4099557,-1.7287220404944827,2.0123721239324808,0.565977070624996,0.5999999999999999,-0.25,0,0,3.3221675238000032,True,False,False,4,synthetic_2d_kinematics_ideal_odometry
1789808724.4347248,-1.7161468369008364,2.02030667355606,0.5597815746250067,0.5999999999999999,-0.25,0,0,3.3370367141999777,True,False,False,4,synthetic_2d_kinematics_ideal_odometry
1789808724.4596872,-1.7034307144886787,2.028220020767829,0.5535410146249976,0.5999999999999999,-0.25,0,0,3.3520140581999995,True,False,False,4,synthetic_2d_kinematics_ideal_odometry
1789808724.4847968,-1.6905900905873632,2.0360997844164754,0.5472636813750004,0.5999999999999999,-0.25,0,0,3.367079657999993,True,False,False,4,synthetic_2d_kinematics_ideal_odometry
1789808724.5098474,-1.677734089656233,2.0438784618642205,0.5410027938749951,0.5999999999999999,-0.25,0,0,3.382105788000006,True,False,False,4,synthetic_2d_kinematics_ideal_odometry
1789808724.534895,-1.664833867612072,2.0515739931213233,0.5347439538750083,0.5999999999999999,-0.25,0,0,3.397127003999974,True,False,False,4,synthetic_2d_kinematics_ideal_odometry
1789808724.5596538,-1.6520223300810146,2.059108871145834,0.5285510216250062,0.5999999999999999,-0.25,0,0,3.411990041399979,True,False,False,4,synthetic_2d_kinematics_ideal_odometry
1789808724.5850363,-1.6388546715381778,2.0667425292364325,0.5222091966249993,0.5999999999999999,-0.25,0,0,3.4272104213999954,True,False,False,4,synthetic_2d_kinematics_ideal_odometry
1789808724.6103494,-1.6256763301393211,2.0742712819565234,0.5158853166250028,0.5999999999999999,-0.25,0,0,3.442387733399987,True,False,False,4,synthetic_2d_kinematics_ideal_odometry
1789808724.634792,-1.6136359026121154,2.081050953722516,0.5097679933750074,0.5647058823529411,-0.25,0,0,3.4562056870940943,True,False,False,4,synthetic_2d_kinematics_ideal_odometry
1789808724.6600819,-1.6011509239330468,2.087979031465416,0.503446822875006,0.5647058823529411,-0.25,0,0,3.470484095752921,True,False,False,4,synthetic_2d_kinematics_ideal_odometry
1789808724.6851778,-1.5887149425888454,2.0947778382167312,0.4971722633750064,0.5647058823529411,-0.25,0,0,3.484657218388214,True,False,False,4,synthetic_2d_kinematics_ideal_odometry
1789808724.71057,-1.5753207757747716,2.1019911448195683,0.4908335116249989,0.5999999999999999,-0.25,0,0,3.4998702225882323,True,False,False,4,synthetic_2d_kinematics_ideal_odometry
1789808724.7350004,-1.5623794578901515,2.1088570547176184,0.48472940287500443,0.5999999999999999,-0.25,0,0,3.514520083588219,True,False,False,4,synthetic_2d_kinematics_ideal_odometry
1789808724.7598698,-1.5491248767452626,2.11578474076317,0.47849780837499645,0.5999999999999999,-0.25,0,0,3.5294759103882383,True,False,False,4,synthetic_2d_kinematics_ideal_odometry
1789808724.7848577,-1.5357942783820293,2.1226466056904423,0.47225072512500804,0.5999999999999999,-0.25,0,0,3.5444689101882103,True,False,False,4,synthetic_2d_kinematics_ideal_odometry
1789808724.809645,-1.5225244348031735,2.129373071507536,0.46605184962500357,0.5999999999999999,-0.25,0,0,3.559346211388221,True,False,False,4,synthetic_2d_kinematics_ideal_odometry
1789808724.834761,-1.509044696844329,2.136100571319922,0.45977465062500766,0.5999999999999999,-0.25,0,0,3.574411488988211,True,False,False,4,synthetic_2d_kinematics_ideal_odometry
1789808724.859869,-1.4955229635968506,2.1427433393945687,0.4534974371250088,0.5999999999999999,-0.25,0,0,3.589476801388208,True,False,False,4,synthetic_2d_kinematics_ideal_odometry
1789808724.885075,-1.4819131184736956,2.1493234871427362,0.4471986521249961,0.5999999999999999,-0.25,0,0,3.6045938853882387,True,False,False,4,synthetic_2d_kinematics_ideal_odometry
1789808724.9099767,-1.468421378317077,2.1557426104178745,0.4409732533750061,0.5999999999999999,-0.25,0,0,3.619534842388215,True,False,False,4,synthetic_2d_kinematics_ideal_odometry
1789808724.9348876,-1.4548869637211432,2.1620789996974676,0.43474648812500066,0.5999999999999999,-0.25,0,0,3.6344790789882278,True,False,False,4,synthetic_2d_kinematics_ideal_odometry
1789808724.9599152,-1.441259737233716,2.1683554852114333,0.4284951608750022,0.5999999999999999,-0.25,0,0,3.649482264388224,True,False,False,4,synthetic_2d_kinematics_ideal_odometry
1789808724.985081,-1.4274914306519544,2.1745925322510624,0.4221971918750002,0.5999999999999999,-0.25,0,0,3.664597389988229,True,False,False,4,synthetic_2d_kinematics_ideal_odometry
1789808725.0099962,-1.4138334896157678,2.1806767652284793,0.41596726237500564,0.5999999999999999,-0.25,0,0,3.679549220788216,True,False,False,4,synthetic_2d_kinematics_ideal_odometry
1789808725.0350788,-1.400081399958996,2.1867003349915004,0.4097116626250001,0.5999999999999999,-0.25,0,0,3.6945626601882293,True,False,False,4,synthetic_2d_kinematics_ideal_odometry
1789808725.0600977,-1.3862703225956337,2.192646969971462,0.40344628812499667,0.5999999999999999,-0.25,0,0,3.7095995589882373,True,False,False,4,synthetic_2d_kinematics_ideal_odometry
1789808725.0849261,-1.3725581048508018,2.1984499683563774,0.39724229487499957,0.5999999999999999,-0.25,0,0,3.7244891427882303,True,False,False,4,synthetic_2d_kinematics_ideal_odometry
1789808725.1098218,-1.3587436625040497,2.204195194462106,0.3910083371250012,0.5999999999999999,-0.25,0,0,3.7394506413882262,True,False,False,4,synthetic_2d_kinematics_ideal_odometry
1789808725.1347451,-1.3449007339763555,2.2098513315484234,0.3847775533750026,0.5999999999999999,-0.25,0,0,3.754404522388223,True,False,False,4,synthetic_2d_kinematics_ideal_odometry
1789808725.1597388,-1.3309822036012198,2.2154372658421386,0.37852855137499847,0.5999999999999999,-0.25,0,0,3.7694021271882328,True,False,False,4,synthetic_2d_kinematics_ideal_odometry
1789808725.1849937,-1.3168938462624584,2.2209889010224253,0.372219077875002,0.5999999999999999,-0.25,0,0,3.7845448635882244,True,False,False,4,synthetic_2d_kinematics_ideal_odometry
1789808725.2099316,-1.302938633930033,2.2263871985517723,0.36598451962500195,0.5999999999999999,-0.25,0,0,3.7995078033882246,True,False,False,4,synthetic_2d_kinematics_ideal_odometry
1789808725.234927,-1.2889345347805414,2.2317042177516115,0.35974306037499576,0.5999999999999999,-0.25,0,0,3.8144873055882393,True,False,False,4,synthetic_2d_kinematics_ideal_odometry
1789808725.2600656,-1.274784944492502,2.236975266285981,0.3534516026250005,0.5999999999999999,-0.25,0,0,3.829586804188228,True,False,False,4,synthetic_2d_kinematics_ideal_odometry
1789808725.2852426,-1.2605927234802161,2.242160716617895,0.3471558253749978,0.5999999999999999,-0.25,0,0,3.8446966695882345,True,False,False,4,synthetic_2d_kinematics_ideal_odometry
1789808725.3098905,-1.2466732248180272,2.247148474598268,0.34099493037500417,0.5999999999999999,-0.25,0,0,3.859482817588219,True,False,False,4,synthetic_2d_kinematics_ideal_odometry
1789808725.3349214,-1.2325046586528987,2.2521264296581,0.33473759712499906,0.5999999999999999,-0.25,0,0,3.8745004173882314,True,False,False,4,synthetic_2d_kinematics_ideal_odometry
1789808725.3600526,-1.218248036364397,2.257035119826459,0.32845509112500815,0.5999999999999999,-0.25,0,0,3.8895784317882094,True,False,False,4,synthetic_2d_kinematics_ideal_odometry
1789808725.4057465,-1.192250608318335,2.265729638101131,0.3170330963749992,0.5999999999999999,-0.25,0,0,3.916991219188231,True,False,False,4,synthetic_2d_kinematics_ideal_odometry
1789808725.4098141,-1.1899189779658121,2.2664933259107047,0.31601079987500236,0.5999999999999999,-0.25,0,0,3.9194447307882236,True,False,False,4,synthetic_2d_kinematics_ideal_odometry
1789808725.434852,-1.1756334002152833,2.2711148392408247,0.30975474562500005,0.5999999999999999,-0.25,0,0,3.934459260988229,True,False,False,4,synthetic_2d_kinematics_ideal_odometry
1789808725.460027,-1.161234411241754,2.27567344006602,0.3034616756250019,0.5999999999999999,-0.25,0,0,3.9495626289882244,True,False,False,4,synthetic_2d_kinematics_ideal_odometry
1789808725.485069,-1.1468794079401259,2.2801191682837394,0.2972001498749963,0.5999999999999999,-0.25,0,0,3.9645902907882378,True,False,False,4,synthetic_2d_kinematics_ideal_odometry
1789808725.5103974,-1.1323677128061853,2.2845135897525544,0.29088245762500287,0.5999999999999999,-0.25,0,0,3.9797527521882223,True,False,False,4,synthetic_2d_kinematics_ideal_odometry
1789808725.5348806,-1.1182482674519358,2.2886934320448478,0.28474698162500567,0.5999999999999999,-0.25,0,0,3.994477894588216,True,False,False,4,synthetic_2d_kinematics_ideal_odometry
1789808725.559799,-1.1038788853658954,2.2928507898584383,0.27851418912500514,0.5999999999999999,-0.25,0,0,4.009436596588217,True,False,False,4,synthetic_2d_kinematics_ideal_odometry
1789808725.584871,-1.0894043958567985,2.2969406952600187,0.2722470158749959,0.5999999999999999,-0.25,0,0,4.024477812388239,True,False,False,4,synthetic_2d_kinematics_ideal_odometry
1789808725.6098392,-1.0749586987238966,2.3009250564731736,0.26600322312499736,0.5999999999999999,-0.25,0,0,4.039462914988236,True,False,False,4,synthetic_2d_kinematics_ideal_odometry
1789808725.6347985,-1.0605106648194986,2.304813228910938,0.2597690268750059,0.5999999999999999,-0.25,0,0,4.0544249859882155,True,False,False,4,synthetic_2d_kinematics_ideal_odometry
1789808725.6600182,-1.0458746256736153,2.3086537545189527,0.25346422162499516,0.5999999999999999,-0.25,0,0,4.069556518588241,True,False,False,4,synthetic_2d_kinematics_ideal_odometry
1789808725.6852534,-1.031200826996625,2.3124054182701226,0.2471534703749969,0.5999999999999999,-0.25,0,0,4.084702321588237,True,False,False,4,synthetic_2d_kinematics_ideal_odometry
1789808725.709834,-1.0168884499403257,2.315969859544178,0.24100782237499652,0.5999999999999999,-0.25,0,0,4.099451876788238,True,False,False,4,synthetic_2d_kinematics_ideal_odometry
1789808725.7350025,-1.002226607380862,2.319524693421978,0.23472172562500784,0.5999999999999999,-0.25,0,0,4.11453850898821,True,False,False,4,synthetic_2d_kinematics_ideal_odometry
1789808725.7598748,-0.9876934231066821,2.3229522466002686,0.22850010162500234,0.5999999999999999,-0.25,0,0,4.129470406588223,True,False,False,4,synthetic_2d_kinematics_ideal_odometry
1789808725.7850668,-0.9729572070134143,2.326330438312772,0.22220073762500214,0.5999999999999999,-0.25,0,0,4.144588880188223,True,False,False,4,synthetic_2d_kinematics_ideal_odometry
1789808725.8233626,-0.9505374238742607,2.3312831740157773,0.21263393787499774,0.5999999999999999,-0.25,0,0,4.167549199588234,True,False,False,4,synthetic_2d_kinematics_ideal_odometry
1789808725.8348873,-0.9437621303108024,2.332735710113685,0.2097467516250051,0.5999999999999999,-0.25,0,0,4.174478446588217,True,False,False,4,synthetic_2d_kinematics_ideal_odometry
1789808725.8601038,-0.9289550547946218,2.33583905460944,0.20344308987499482,0.5999999999999999,-0.25,0,0,4.189607234788242,True,False,False,4,synthetic_2d_kinematics_ideal_odometry
1789808725.8848548,-0.9143891859020844,2.3387969587112085,0.1972501036249954,0.5999999999999999,-0.25,0,0,4.204470401788241,True,False,False,4,synthetic_2d_kinematics_ideal_odometry
1789808725.9098284,-0.9005491741706542,2.341517958366277,0.19100572237499613,0.5647058823529411,-0.25,0,0,4.218575357082357,True,False,False,4,synthetic_2d_kinematics_ideal_odometry
1789808725.9348247,-0.8867313381346406,2.3441452133534506,0.1847788591250039,0.5647058823529411,-0.25,0,0,4.232640742305869,True,False,False,4,synthetic_2d_kinematics_ideal_odometry
1789808725.959889,-0.8718963679460123,2.3468698154372025,0.1784942356249959,0.5999999999999999,-0.25,0,0,4.247723838705888,True,False,False,4,synthetic_2d_kinematics_ideal_odometry
1789808725.985218,-0.8569374312640291,2.3495197641316796,0.1721643021249977,0.5999999999999999,-0.25,0,0,4.262915679105884,True,False,False,4,synthetic_2d_kinematics_ideal_odometry
1789808726.0101655,-0.8421822482052833,2.352038100902908,0.16592740687499966,0.5999999999999999,-0.25,0,0,4.277884227705879,True,False,False,4,synthetic_2d_kinematics_ideal_odometry
1789808726.0348747,-0.8275527791784482,2.3544416272035775,0.15975007512500408,0.5999999999999999,-0.25,0,0,4.292709823905868,True,False,False,4,synthetic_2d_kinematics_ideal_odometry
1789808726.0600138,-0.8126524438952654,2.3567943957421043,0.1534646821250052,0.5999999999999999,-0.25,0,0,4.307794767105865,True,False,False,4,synthetic_2d_kinematics_ideal_odometry
1789808726.0849113,-0.7978793964273285,2.3590324403451937,0.1472390103750032,0.5999999999999999,-0.25,0,0,4.32273637930587,True,False,False,4,synthetic_2d_kinematics_ideal_odometry
1789808726.109963,-0.7830060570120134,2.3611907681501694,0.14097687487500843,0.5999999999999999,-0.25,0,0,4.337765504505858,True,False,False,4,synthetic_2d_kinematics_ideal_odometry
1789808726.1349227,-0.7681960896452461,2.3632455326234627,0.1347469461250059,0.5999999999999999,-0.25,0,0,4.352717333505864,True,False,False,4,synthetic_2d_kinematics_ideal_odometry
1789808726.1598485,-0.7533583392506209,2.365233504795871,0.13162812675000188,0.5999999999999999,-0.125,0,0,4.3676876665058835,True,False,False,4,synthetic_2d_kinematics_ideal_odometry
1789808726.184837,-0.7384781441970063,2.3671798838676907,0.12850167850000124,0.5999999999999999,-0.125,0,0,4.382694618105886,True,False,False,4,synthetic_2d_kinematics_ideal_odometry
1789808726.2097664,-0.7236339349915181,2.369074437835526,0.1253840491250033,0.5999999999999999,-0.125,0,0,4.397659239105876,True,False,False,4,synthetic_2d_kinematics_ideal_odometry
1789808726.2347276,-0.7087705803176506,2.370924339568946,0.12226362575000158,0.5999999999999999,-0.125,0,0,4.412637271305885,True,False,False,4,synthetic_2d_kinematics_ideal_odometry
1789808726.2597954,-0.6938405525503644,2.3727351511034174,0.11913040900000046,0.5999999999999999,-0.125,0,0,4.42767671170589,True,False,False,4,synthetic_2d_kinematics_ideal_odometry
1789808726.2848113,-0.6789727950528768,2.374491266017873,0.11601142762500435,0.5999999999999999,-0.125,0,0,4.442647822305871,True,False,False,4,synthetic_2d_kinematics_ideal_odometry
1789808726.3098762,-0.6640107221803605,2.376211079540956,0.1128738046250037,0.5999999999999999,-0.125,0,0,4.457708412705874,True,False,False,4,synthetic_2d_kinematics_ideal_odometry
1789808726.3349369,-0.6490640442901513,2.3778816566621734,0.1097405238750044,0.5999999999999999,-0.125,0,0,4.472748160305871,True,False,False,4,synthetic_2d_kinematics_ideal_odometry
1789808726.3602908,-0.6339526429399964,2.3795224660732903,0.10657381125000161,0.5999999999999999,-0.125,0,0,4.487948380905884,True,False,False,4,synthetic_2d_kinematics_ideal_odometry
1789808726.3850908,-0.6191423231114382,2.381083627171456,0.10347123337500382,0.5999999999999999,-0.125,0,0,4.502840754705874,True,False,False,4,synthetic_2d_kinematics_ideal_odometry
1789808726.4101286,-0.6041991329590611,2.3826117292946725,0.10034183350000365,0.5999999999999999,-0.125,0,0,4.517861874105875,True,False,False,4,synthetic_2d_kinematics_ideal_odometry
1789808726.4348779,-0.5894193471603074,2.384076663436791,0.09724762337500455,0.5999999999999999,-0.125,0,0,4.53271408270587,True,False,False,4,synthetic_2d_kinematics_ideal_odometry
1789808726.4600215,-0.5744051640518558,2.385517566684558,0.09410529712500466,0.5999999999999999,-0.125,0,0,4.547797248705869,True,False,False,4,synthetic_2d_kinematics_ideal_odometry
1789808726.4850435,-0.5594526577920308,2.386905250899887,0.09097680525000147,0.5999999999999999,-0.125,0,0,4.5628140097058845,True,False,False,4,synthetic_2d_kinematics_ideal_odometry
1789808726.5097141,-0.5447000397042103,2.38822816414359,0.08789101062500056,0.5999999999999999,-0.125,0,0,4.577625823905889,True,False,False,4,synthetic_2d_kinematics_ideal_odometry
1789808726.5349588,-0.5297304600201819,2.3895236454922437,0.08476069162500739,0.5999999999999999,-0.125,0,0,4.592651355105856,True,False,False,4,synthetic_2d_kinematics_ideal_odometry
1789808726.55965,-0.5148422650444012,2.390765276214371,0.08164821675000429,0.5999999999999999,-0.125,0,0,4.607591234505871,True,False,False,4,synthetic_2d_kinematics_ideal_odometry
1789808726.584764,-0.499823004069787,2.39197057628732,0.07850914462500232,0.5999999999999999,-0.125,0,0,4.622658780705881,True,False,False,4,synthetic_2d_kinematics_ideal_odometry
1789808726.609868,-0.4848103129215971,2.393127947719321,0.0753722201250044,0.5999999999999999,-0.125,0,0,4.637716018305871,True,False,False,4,synthetic_2d_kinematics_ideal_odometry
1789808726.634912,-0.46984547368456764,2.3942344995880473,0.07224603375000545,0.5999999999999999,-0.125,0,0,4.652721712905866,True,False,False,4,synthetic_2d_kinematics_ideal_odometry
1789808726.6601784,-0.4547111430658786,2.395305759841579,0.06908515937500699,0.5999999999999999,-0.125,0,0,4.6678939099058585,True,False,False,4,synthetic_2d_kinematics_ideal_odometry
1789808726.6850204,-0.43983730070572075,2.3963117538261858,0.06597936275000667,0.5999999999999999,-0.125,0,0,4.68280173370586,True,False,False,4,synthetic_2d_kinematics_ideal_odometry
1789808726.7098496,-0.4249730424699702,2.3972707523180037,0.06287620400000567,0.5999999999999999,-0.125,0,0,4.697696895705865,True,False,False,4,synthetic_2d_kinematics_ideal_odometry
1789808726.7349315,-0.4099508235503547,2.398192896838599,0.05974068412500362,0.5999999999999999,-0.125,0,0,4.712747391105874,True,False,False,4,synthetic_2d_kinematics_ideal_odometry
1789808726.7599142,-0.3949915562254998,2.399064207129837,0.056618888125001564,0.5999999999999999,-0.125,0,0,4.727732011905884,True,False,False,4,synthetic_2d_kinematics_ideal_odometry
1789808726.785052,-0.37992777250826176,2.39989426729766,0.053475839000000934,0.5999999999999999,-0.125,0,0,4.742818647705887,True,False,False,4,synthetic_2d_kinematics_ideal_odometry
1789808726.822018,-0.35777614107486294,2.4010286534295617,0.0488548685000014,0.5999999999999999,-0.125,0,0,4.764999306105885,True,False,False,4,synthetic_2d_kinematics_ideal_odometry
1789808726.834753,-0.3501356333454198,2.401396124370545,0.04726125612500473,0.5999999999999999,-0.125,0,0,4.772648645505869,True,False,False,4,synthetic_2d_kinematics_ideal_odometry
1789808726.85985,-0.33509161192978193,2.4020840026050716,0.04412381037500543,0.5999999999999999,-0.125,0,0,4.787708385105866,True,False,False,4,synthetic_2d_kinematics_ideal_odometry
1789808726.8850036,-0.320022773457823,2.4027256099383996,0.04098162462500474,0.5999999999999999,-0.125,0,0,4.802790876705869,True,False,False,4,synthetic_2d_kinematics_ideal_odometry
1789808726.910078,-0.3049897075542084,2.4033184371775977,0.03784730162500713,0.5999999999999999,-0.125,0,0,4.8178356271058576,True,False,False,4,synthetic_2d_kinematics_ideal_odometry
1789808726.9348714,-0.2901211240604136,2.40385836628174,0.03474763837500225,0.5999999999999999,-0.125,0,0,4.832714010705881,True,False,False,4,synthetic_2d_kinematics_ideal_odometry
1789808726.9596465,-0.2752602229581274,2.4043519113194076,0.03164991037500206,0.5999999999999999,-0.125,0,0,4.8475831051058815,True,False,False,4,synthetic_2d_kinematics_ideal_odometry
1789808726.9850364,-0.2600396979131937,2.404809634866195,0.02847753412500273,0.5999999999999999,-0.125,0,0,4.862810511105878,True,False,False,4,synthetic_2d_kinematics_ideal_odometry
1789808727.0102167,-0.24494937916673098,2.4052157387445567,0.02533257950000253,0.5999999999999999,-0.125,0,0,4.877906293305879,True,False,False,4,synthetic_2d_kinematics_ideal_odometry
1789808727.0349517,-0.23011536923256826,2.405568660908897,0.02224128625000096,0.5999999999999999,-0.125,0,0,4.892744500905887,True,False,False,4,synthetic_2d_kinematics_ideal_odometry
1789808727.0909529,-0.20012085055164414,2.4061421145684836,0.015991286250000958,0.5999999999999999,-0.125,0,0,4.922744500905887,True,False,False,4,synthetic_2d_kinematics_ideal_odometry
1789808727.1102326,-0.18856744708894438,2.4063129749999805,0.013584064000001393,0.5999999999999999,-0.125,0,0,4.934299167705885,True,False,False,4,synthetic_2d_kinematics_ideal_odometry
1789808727.1349177,-0.1737504669925996,2.40649138771791,0.010496969375006602,0.5999999999999999,-0.125,0,0,4.94911722190586,True,False,False,4,synthetic_2d_kinematics_ideal_odometry
1789808727.1597722,-0.1588271160955331,2.40662484172142,0.007387813625003235,0.5999999999999999,-0.125,0,0,4.964041169505876,True,False,False,4,synthetic_2d_kinematics_ideal_odometry
1789808727.1847959,-0.14380974934034693,2.406712296015887,0.00425914250000564,0.5999999999999999,-0.125,0,0,4.979058790905865,True,False,False,4,synthetic_2d_kinematics_ideal_odometry
1789808727.2097616,-0.1288292294905647,2.40675272353361,0.0011381895000058245,0.5999999999999999,-0.125,0,0,4.994039365305864,True,False,False,4,synthetic_2d_kinematics_ideal_odometry
1789808727.2348049,-0.11380371586015285,2.406746308115021,-0.0019921261249946105,0.5999999999999999,-0.125,0,0,5.009064880305866,True,False,False,4,synthetic_2d_kinematics_ideal_odometry
1789808727.2598333,-0.0987885378067331,2.4066929106575308,-0.00512030799999347,0.5999999999999999,-0.125,0,0,5.02408015330586,True,False,False,4,synthetic_2d_kinematics_ideal_odometry
1789808727.2848365,-0.08378675722422183,2.4065926518396026,-0.008245748749997787,0.5999999999999999,-0.125,0,0,5.039082268905881,True,False,False,4,synthetic_2d_kinematics_ideal_odometry
1789808727.3097472,-0.06884158151760483,2.406469414882631,-0.008245748749997787,0.5999999999999999,0.0,0,0,5.054027952705869,True,False,False,4,synthetic_2d_kinematics_ideal_odometry
1789808727.334791,-0.05381842166221572,2.4063455348733878,-0.008245748749997787,0.5999999999999999,0.0,0,0,5.069051623305868,True,False,False,4,synthetic_2d_kinematics_ideal_odometry
1789808727.359743,-0.038847584827973895,2.406222086316409,-0.008245748749997787,0.5999999999999999,0.0,0,0,5.084022969105886,True,False,False,4,synthetic_2d_kinematics_ideal_odometry
1789808727.3850327,-0.02368188721848795,2.40609703095002,-0.008245748749997787,0.5999999999999999,0.0,0,0,5.099189182305859,True,False,False,4,synthetic_2d_kinematics_ideal_odometry
1789808727.4099803,-0.008716146011006775,2.4059736244112515,-0.008245748749997787,0.5999999999999999,0.0,0,0,5.114155432305879,True,False,False,4,synthetic_2d_kinematics_ideal_odometry
1789808727.4347997,0.006178207823411665,2.405850806528167,-0.008245748749997787,0.5999999999999999,0.0,0,0,5.12905029250587,True,False,False,4,synthetic_2d_kinematics_ideal_odometry
1789808727.4599302,0.021256453606026186,2.4057264722839133,-0.008245748749997787,0.5999999999999999,0.0,0,0,5.144129050905859,True,False,False,4,synthetic_2d_kinematics_ideal_odometry
1789808727.4848213,0.036196910473112534,2.4056032742381888,-0.008245748749997787,0.5999999999999999,0.0,0,0,5.159070015705889,True,False,False,4,synthetic_2d_kinematics_ideal_odometry
1789808727.5098376,0.05121066624821562,2.4054794717743864,-0.008245748749997787,0.5999999999999999,0.0,0,0,5.174084281905889,True,False,False,4,synthetic_2d_kinematics_ideal_odometry
1789808727.534887,0.06623117359376553,2.4053556136375684,-0.008245748749997787,0.5999999999999999,0.0,0,0,5.189105299905871,True,False,False,4,synthetic_2d_kinematics_ideal_odometry
1789808727.5597644,0.08115056157710439,2.4052325893245032,-0.008245748749997787,0.5999999999999999,0.0,0,0,5.204025195105872,True,False,False,4,synthetic_2d_kinematics_ideal_odometry
1789808727.5849123,0.09624664055344805,2.4051081080288816,-0.008245748749997787,0.5999999999999999,0.0,0,0,5.219121787305867,True,False,False,4,synthetic_2d_kinematics_ideal_odometry
1789808727.6100168,0.11130472882137883,2.4049839400021966,-0.008245748749997787,0.5999999999999999,0.0,0,0,5.234180387505874,True,False,False,4,synthetic_2d_kinematics_ideal_odometry
1789808727.6349616,0.1262555605357131,2.404860656406149,-0.008245748749997787,0.5999999999999999,0.0,0,0,5.249131727505867,True,False,False,4,synthetic_2d_kinematics_ideal_odometry
1789808727.660107,0.14135112352959864,2.404736179365286,-0.008245748749997787,0.5999999999999999,0.0,0,0,5.264227803705863,True,False,False,4,synthetic_2d_kinematics_ideal_odometry
1789808727.6849148,0.15624703851097366,2.404613348609084,-0.008245748749997787,0.5999999999999999,0.0,0,0,5.2791242251058845,True,False,False,4,synthetic_2d_kinematics_ideal_odometry
1789808727.7103403,0.171461780853078,2.4044878888229864,-0.008245748749997787,0.5999999999999999,0.0,0,0,5.294339484705857,True,False,False,4,synthetic_2d_kinematics_ideal_odometry
1789808727.7349713,0.18627223713978533,2.4043657627536805,-0.008245748749997787,0.5999999999999999,0.0,0,0,5.309150444505859,True,False,False,4,synthetic_2d_kinematics_ideal_odometry
1789808727.7597058,0.20110551125077025,2.4042434485300643,-0.008245748749997787,0.5999999999999999,0.0,0,0,5.323984222905879,True,False,False,4,synthetic_2d_kinematics_ideal_odometry
1789808727.7850354,0.21631069051800422,2.404118067600466,-0.008245748749997787,0.5999999999999999,0.0,0,0,5.339189919105864,True,False,False,4,synthetic_2d_kinematics_ideal_odometry
1789808727.8095772,0.23105117238364198,2.4039965185357324,-0.008245748749997787,0.5999999999999999,0.0,0,0,5.353930902105865,True,False,False,4,synthetic_2d_kinematics_ideal_odometry
1789808727.8347595,0.24615816918882932,2.403871947212397,-0.008245748749997787,0.5999999999999999,0.0,0,0,5.369038412505879,True,False,False,4,synthetic_2d_kinematics_ideal_odometry
1789808727.8598723,0.2612201411247174,2.403747747161236,-0.008245748749997787,0.5999999999999999,0.0,0,0,5.384100896505877,True,False,False,4,synthetic_2d_kinematics_ideal_odometry
1789808727.88485,0.276206546229666,2.4036241702292993,-0.008245748749997787,0.5999999999999999,0.0,0,0,5.399087811105878,True,False,False,4,synthetic_2d_kinematics_ideal_odometry
1789808727.910182,0.2913872601286641,2.403498991039553,-0.008245748749997787,0.5999999999999999,0.0,0,0,5.414269041105874,True,False,False,4,synthetic_2d_kinematics_ideal_odometry
1789808727.9349244,0.30623714527489304,2.403376539842409,-0.008245748749997787,0.5999999999999999,0.0,0,0,5.429119431105867,True,False,False,4,synthetic_2d_kinematics_ideal_odometry
1789808727.9598904,0.3212237693701102,2.4032295623495505,-0.011368112250002397,0.5999999999999999,-0.125,0,0,5.4441067759058885,True,False,False,4,synthetic_2d_kinematics_ideal_odometry
1789808727.9848657,0.3362161548423034,2.403035700757023,-0.014491786999995596,0.5999999999999999,-0.125,0,0,5.459100414705856,True,False,False,4,synthetic_2d_kinematics_ideal_odometry
1789808728.009931,0.35123995246984174,2.40279444338946,-0.01762214837500248,0.5999999999999999,-0.125,0,0,5.474126149305889,True,False,False,4,synthetic_2d_kinematics_ideal_odometry
1789808728.0349388,0.36624412249051536,2.4025065475058835,-0.020748592499997002,0.5999999999999999,-0.125,0,0,5.489133081105862,True,False,False,4,synthetic_2d_kinematics_ideal_odometry
1789808728.0600078,0.38128322369729395,2.402170885885522,-0.023882518874996872,0.5999999999999999,-0.125,0,0,5.5041759277058615,True,False,False,4,synthetic_2d_kinematics_ideal_odometry
1789808728.0850184,0.39626614033742097,2.4017895820929622,-0.027004970500000336,0.5999999999999999,-0.125,0,0,5.5191636955058785,True,False,False,4,synthetic_2d_kinematics_ideal_odometry
1789808728.109939,0.4112268622132836,2.401362127548757,-0.030123059499997662,0.5999999999999999,-0.125,0,0,5.5341305227058655,True,False,False,4,synthetic_2d_kinematics_ideal_odometry
1789808728.1349406,0.42622174070470364,2.4008868436004946,-0.03324856137500215,0.5999999999999999,-0.125,0,0,5.549132931705887,True,False,False,4,synthetic_2d_kinematics_ideal_odometry
1789808728.159839,0.44115166192816535,2.4003670021892325,-0.0363608465000011,0.5999999999999999,-0.125,0,0,5.564071900305882,True,False,False,4,synthetic_2d_kinematics_ideal_odometry
1789808728.185019,0.4562479462318206,2.3997940572136547,-0.03950816999999612,0.5999999999999999,-0.125,0,0,5.579179053105857,True,False,False,4,synthetic_2d_kinematics_ideal_odometry
1789808728.2098897,0.47115834487723285,2.399181452427927,-0.04261712374999698,0.5999999999999999,-0.125,0,0,5.594102031105861,True,False,False,4,synthetic_2d_kinematics_ideal_odometry
1789808728.235096,0.4861416172515885,2.3985190693522678,-0.04574168762500202,0.5999999999999999,-0.125,0,0,5.609099937705886,True,False,False,4,synthetic_2d_kinematics_ideal_odometry
1789808728.260165,0.5012922662934802,2.3978015800100017,-0.04890161024999722,0.5999999999999999,-0.125,0,0,5.624267566305863,True,False,False,4,synthetic_2d_kinematics_ideal_odometry
1789808728.2854757,0.5163582140871026,2.397040510323881,-0.05204435162499814,0.5999999999999999,-0.125,0,0,5.6393527249058675,True,False,False,4,synthetic_2d_kinematics_ideal_odometry
1789808728.310165,0.5312390606933243,2.396242181942503,-0.05514898612499601,0.5999999999999999,-0.125,0,0,5.654254970505857,True,False,False,4,synthetic_2d_kinematics_ideal_odometry
1789808728.3348136,0.5460208764314853,2.395403283630953,-0.05823348637500041,0.5999999999999999,-0.125,0,0,5.669060571705878,True,False,False,4,synthetic_2d_kinematics_ideal_odometry
1789808728.35994,0.5610702118161072,2.394502199684323,-0.06137437962499896,0.5999999999999999,-0.125,0,0,5.684136859305871,True,False,False,4,synthetic_2d_kinematics_ideal_odometry
1789808728.3849227,0.5760281722397288,2.3935595667157927,-0.06449680312500143,0.5999999999999999,-0.125,0,0,5.6991244921058835,True,False,False,4,synthetic_2d_kinematics_ideal_odometry
1789808728.4098198,0.590933943208752,2.3925735632112253,-0.06760895874999855,0.5999999999999999,-0.125,0,0,5.714062839105869,True,False,False,4,synthetic_2d_kinematics_ideal_odometry
1789808728.4348056,0.605897540866133,2.391536856197793,-0.07073384774999718,0.5999999999999999,-0.125,0,0,5.729062306305863,True,False,False,4,synthetic_2d_kinematics_ideal_odometry
1789808728.4597528,0.6208273864452952,2.390455646957953,-0.0738523778749977,0.5999999999999999,-0.125,0,0,5.7440312509058655,True,False,False,4,synthetic_2d_kinematics_ideal_odometry
1789808728.4847887,0.6358071899077702,2.389323765021124,-0.07698206649999954,0.5999999999999999,-0.125,0,0,5.759053756305875,True,False,False,4,synthetic_2d_kinematics_ideal_odometry
1789808728.5096607,0.6506863258459383,2.3881527972530736,-0.0800914710000013,0.5999999999999999,-0.125,0,0,5.773978897905883,True,False,False,4,synthetic_2d_kinematics_ideal_odometry
1789808728.534875,0.6657524968396582,2.386919659016708,-0.0832407526250007,0.5999999999999999,-0.125,0,0,5.789095449705879,True,False,False,4,synthetic_2d_kinematics_ideal_odometry
1789808728.559652,0.6796966041489314,2.385734502093135,-0.08633846737499891,0.5647058823529411,-0.125,0,0,5.803089831635283,True,False,False,4,synthetic_2d_kinematics_ideal_odometry
1789808728.5849984,0.6939542529026806,2.3844776926025757,-0.08950669525000006,0.5647058823529411,-0.125,0,0,5.817402766976465,True,False,False,4,synthetic_2d_kinematics_ideal_odometry
1789808728.6098983,0.7079552547563813,2.3831991871923415,-0.09261876975000245,0.5647058823529411,-0.125,0,0,5.831462021188241,True,False,False,4,synthetic_2d_kinematics_ideal_odometry
1789808728.6349447,0.7229127559805019,2.381786252879901,-0.09574878812499872,0.5999999999999999,-0.125,0,0,5.8464861093882226,True,False,False,4,synthetic_2d_kinematics_ideal_odometry
1789808728.6601214,0.7379493081732226,2.3803182195433408,-0.09889629749999625,0.5999999999999999,-0.125,0,0,5.861594154388211,True,False,False,4,synthetic_2d_kinematics_ideal_odometry
1789808728.6850438,0.7528268095456533,2.3788186692896995,-0.10201148137499967,0.5999999999999999,-0.125,0,0,5.876547036988227,True,False,False,4,synthetic_2d_kinematics_ideal_odometry
1789808728.7100532,0.7677417685164079,2.3772447665404197,-0.10826055312500511,0.5999999999999999,-0.25,0,0,5.8915448091882405,True,False,False,4,synthetic_2d_kinematics_ideal_odometry
1789808728.7349582,0.7826005958987985,2.3755829811922244,-0.11449032987499502,0.5999999999999999,-0.25,0,0,5.906496273388217,True,False,False,4,synthetic_2d_kinematics_ideal_odometry
1789808728.7597637,0.7973910181746707,2.3738356681854897,-0.12069586187500486,0.5999999999999999,-0.25,0,0,5.92138955018824,True,False,False,4,synthetic_2d_kinematics_ideal_odometry
1789808728.784789,0.8122937415679437,2.3719808558053694,-0.12695323937499678,0.5999999999999999,-0.25,0,0,5.936407256188221,True,False,False,4,synthetic_2d_kinematics_ideal_odometry
1789808728.8110688,0.8279210940824813,2.3699340145958794,-0.1335202511250044,0.5999999999999999,-0.25,0,0,5.952168084388239,True,False,False,4,synthetic_2d_kinematics_ideal_odometry
1789808728.8348427,0.8420591263454209,2.367992193553887,-0.13946640162499888,0.5999999999999999,-0.25,0,0,5.966438845588225,True,False,False,4,synthetic_2d_kinematics_ideal_odometry
1789808728.8601313,0.8570665722454471,2.3658371236203086,-0.14578364762499357,0.5999999999999999,-0.25,0,0,5.981600235988212,True,False,False,4,synthetic_2d_kinematics_ideal_odometry
1789808728.8850367,0.8718456190748392,2.36362015904458,-0.15201048187499405,0.5999999999999999,-0.25,0,0,5.9965446381882135,True,False,False,4,synthetic_2d_kinematics_ideal_odometry
1789808728.9097881,0.8865188218819178,2.361325850686926,-0.15819860237499322,0.5999999999999999,-0.25,0,0,6.0113961273882115,True,False,False,4,synthetic_2d_kinematics_ideal_odometry
1789808728.9349911,0.9014234905441273,2.358899976052338,-0.16449060037500213,0.5999999999999999,-0.25,0,0,6.026496922588233,True,False,False,4,synthetic_2d_kinematics_ideal_odometry
1789808728.9597447,0.9160884876251081,2.3564190100911686,-0.17068784062500536,0.5999999999999999,-0.25,0,0,6.041370299188241,True,False,False,4,synthetic_2d_kinematics_ideal_odometry
1789808728.985046,0.9310383397439248,2.3537934726730287,-0.17701227962500193,0.5999999999999999,-0.25,0,0,6.056548952788233,True,False,False,4,synthetic_2d_kinematics_ideal_odometry
1789808729.0098007,0.9456532256243275,2.351132391537565,-0.1832019361250003,0.5999999999999999,-0.25,0,0,6.071404128388228,True,False,False,4,synthetic_2d_kinematics_ideal_odometry
1789808729.0349329,0.9604463745182246,2.3483435104220365,-0.18947432812499992,0.5999999999999999,-0.25,0,0,6.086457869188227,True,False,False,4,synthetic_2d_kinematics_ideal_odometry
1789808729.062595,0.9767538699727443,2.3451575784746153,-0.19639757512500305,0.5999999999999999,-0.25,0,0,6.103073661988235,True,False,False,4,synthetic_2d_kinematics_ideal_odometry
1789808729.0848074,0.9898333371230361,2.342517438329773,-0.20195727012500533,0.5999999999999999,-0.25,0,0,6.11641692998824,True,False,False,4,synthetic_2d_kinematics_ideal_odometry
1789808729.109687,1.0044492917887082,2.3394774489637618,-0.20817758387499743,0.5999999999999999,-0.25,0,0,6.131345682988221,True,False,False,4,synthetic_2d_kinematics_ideal_odometry
1789808729.1348317,1.0191973928564881,2.3363136448858146,-0.21446243312500549,0.5999999999999999,-0.25,0,0,6.146429321188241,True,False,False,4,synthetic_2d_kinematics_ideal_odometry
1789808729.1595907,1.0337038636923424,2.333106898756188,-0.22065271612500062,0.5999999999999999,-0.25,0,0,6.1612860003882295,True,False,False,4,synthetic_2d_kinematics_ideal_odometry
1789808729.1849704,1.0485419172544976,2.3297292071460474,-0.2269934003749922,0.5999999999999999,-0.25,0,0,6.17650364258821,True,False,False,4,synthetic_2d_kinematics_ideal_odometry
1789808729.2098308,1.0630488260690578,2.326331018986771,-0.23320156712499177,0.5999999999999999,-0.25,0,0,6.191403242788208,True,False,False,4,synthetic_2d_kinematics_ideal_odometry
1789808729.2348993,1.0768265549002773,2.323012798846168,-0.2394754861250005,0.5647058823529411,-0.25,0,0,6.205574918647051,True,False,False,4,synthetic_2d_kinematics_ideal_odometry
1789808729.2600372,1.0906046664783837,2.3196028185215907,-0.2457592053749932,0.5647058823529411,-0.25,0,0,6.219768731541152,True,False,False,4,synthetic_2d_kinematics_ideal_odometry
1789808729.28505,1.1042966604202453,2.3161229162659196,-0.25201347587500156,0.5647058823529411,-0.25,0,0,6.233896024905877,True,False,False,4,synthetic_2d_kinematics_ideal_odometry
1789808729.309727,1.118618440476932,2.3123881064006433,-0.2581804548750012,0.5999999999999999,-0.25,0,0,6.248696774505876,True,False,False,4,synthetic_2d_kinematics_ideal_odometry
1789808729.3351195,1.1333342964017512,2.3084520282222916,-0.2645276043750028,0.5999999999999999,-0.25,0,0,6.26392993330588,True,False,False,4,synthetic_2d_kinematics_ideal_odometry
1789808729.3599687,1.1477265517927044,2.3045054493786377,-0.27074575237500487,0.5999999999999999,-0.25,0,0,6.278853488505884,True,False,False,4,synthetic_2d_kinematics_ideal_odometry
1789808729.3849654,1.1621614407007073,2.3004502785856316,-0.2769931188749962,0.5999999999999999,-0.25,0,0,6.293847168105864,True,False,False,4,synthetic_2d_kinematics_ideal_odometry
1789808729.4097261,1.1764458977906693,2.2963413335488334,-0.2831863211249993,0.5999999999999999,-0.25,0,0,6.308710853505871,True,False,False,4,synthetic_2d_kinematics_ideal_odometry
1789808729.434808,1.1900199711180166,2.2923450199296713,-0.2894506986250019,0.5647058823529411,-0.25,0,0,6.322860976799994,True,False,False,4,synthetic_2d_kinematics_ideal_odometry
1789808729.4598322,1.2035639884980922,2.288265200860584,-0.29571287537500096,0.5647058823529411,-0.25,0,0,6.337006128988227,True,False,False,4,synthetic_2d_kinematics_ideal_odometry
1789808729.48478,1.2170306910115596,2.284116689255266,-0.30195117187500214,0.5647058823529411,-0.25,0,0,6.351097339905877,True,False,False,4,synthetic_2d_kinematics_ideal_odometry
1789808729.5099957,1.231448298818816,2.2795761023679093,-0.3082493796249946,0.5999999999999999,-0.25,0,0,6.366213038505859,True,False,False,4,synthetic_2d_kinematics_ideal_odometry
1789808729.5349488,1.2457005177994547,2.274989208470251,-0.3144877763750014,0.5999999999999999,-0.25,0,0,6.381185190705875,True,False,False,4,synthetic_2d_kinematics_ideal_odometry
1789808729.5598173,1.2598842378584627,2.270326650264152,-0.3207087836249923,0.5999999999999999,-0.25,0,0,6.396115608105854,True,False,False,4,synthetic_2d_kinematics_ideal_odometry
1789808729.5849102,1.2741600609805253,2.265534781424539,-0.32698319612499743,0.5999999999999999,-0.25,0,0,6.411174198105866,True,False,False,4,synthetic_2d_kinematics_ideal_odometry
1789808729.6098156,1.2882886813475547,2.260693883541159,-0.33320608462500273,0.5999999999999999,-0.25,0,0,6.426109130505878,True,False,False,4,synthetic_2d_kinematics_ideal_odometry
1789808729.635069,1.301747276012952,2.2559880998910753,-0.33951802762500277,0.5647058823529411,-0.25,0,0,6.440366695870584,True,False,False,4,synthetic_2d_kinematics_ideal_odometry
1789808729.660022,1.3150189249506345,2.2512540138382575,-0.3457561043749973,0.5647058823529411,-0.25,0,0,6.454457410411749,True,False,False,4,synthetic_2d_kinematics_ideal_odometry
1789808729.6850483,1.3282990816959472,2.2464231642103902,-0.3520122431250013,0.5647058823529411,-0.25,0,0,6.468588923823522,True,False,False,4,synthetic_2d_kinematics_ideal_odometry
1789808729.7171993,1.3453154786438746,2.2400951377417466,-0.3600495843750036,0.5647058823529411,-0.25,0,0,6.486743859352939,True,False,False,4,synthetic_2d_kinematics_ideal_odometry
1789808729.7349274,1.3546766828301804,2.2365473200357537,-0.36448151612499485,0.5647058823529411,-0.25,0,0,6.496754811070566,True,False,False,4,synthetic_2d_kinematics_ideal_odometry
1789808729.7598886,1.3686310356451223,2.231173484939453,-0.37071207012499313,0.5999999999999999,-0.25,0,0,6.511708140670562,True,False,False,4,synthetic_2d_kinematics_ideal_odometry
1789808729.7851593,1.3827069768909621,2.225651309956618,-0.37701223737499673,0.5999999999999999,-0.25,0,0,6.526828542070571,True,False,False,4,synthetic_2d_kinematics_ideal_odometry
1789808729.8101401,1.3966172019775263,2.2200932442072667,-0.38325371012500226,0.5999999999999999,-0.25,0,0,6.541808076670584,True,False,False,4,synthetic_2d_kinematics_ideal_odometry
1789808729.8347263,1.4103571186374175,2.214504017443942,-0.3894342233750035,0.5999999999999999,-0.25,0,0,6.556641308470587,True,False,False,4,synthetic_2d_kinematics_ideal_odometry
1789808729.860042,1.4243869473861817,2.208694336887025,-0.39576136512499543,0.5999999999999999,-0.25,0,0,6.571826448670567,True,False,False,4,synthetic_2d_kinematics_ideal_odometry
1789808729.884949,1.438166209963543,2.2028867961718444,-0.40199182912499337,0.5999999999999999,-0.25,0,0,6.586779562270562,True,False,False,4,synthetic_2d_kinematics_ideal_odometry
1789808729.9097104,1.4510207038348293,2.1973747448563277,-0.4081837461250029,0.5647058823529411,-0.25,0,0,6.600766010082348,True,False,False,4,synthetic_2d_kinematics_ideal_odometry
1789808729.9347641,1.4639871011600356,2.191718859369488,-0.41444641062500237,0.5647058823529411,-0.25,0,0,6.614912264011759,True,False,False,4,synthetic_2d_kinematics_ideal_odometry
1789808729.9597147,1.4768660019113424,2.186005066547602,-0.42068394187499625,0.5647058823529411,-0.25,0,0,6.629001746364686,True,False,False,4,synthetic_2d_kinematics_ideal_odometry
1789808729.9847817,1.48976962867658,2.1801834774153894,-0.42695095462499755,0.5647058823529411,-0.25,0,0,6.643157822223513,True,False,False,4,synthetic_2d_kinematics_ideal_odometry
1789808730.0097048,1.5025617451796849,2.1743157184737867,-0.43318149587500276,0.5647058823529411,-0.25,0,0,6.657231515399995,True,False,False,4,synthetic_2d_kinematics_ideal_odometry
1789808730.0348558,1.5154255428774,2.1683419738012635,-0.4363210043750013,0.5647058823529411,-0.125,0,0,6.671414706741165,True,False,False,4,synthetic_2d_kinematics_ideal_odometry
1789808730.0610807,1.5288260145224064,2.1620666777744004,-0.4395963877499992,0.5647058823529411,-0.125,0,0,6.686211732811743,True,False,False,4,synthetic_2d_kinematics_ideal_odometry
1789808730.0850332,1.5410771492941793,2.156282673015988,-0.4425952671249985,0.5647058823529411,-0.125,0,0,6.699759611399975,True,False,False,4,synthetic_2d_kinematics_ideal_odometry
1789808730.109934,1.5545718353243134,2.149861054975733,-0.44570874399999927,0.5999999999999999,-0.125,0,0,6.714704300399979,True,False,False,4,synthetic_2d_kinematics_ideal_odometry
1789808730.134878,1.5680627072528028,2.1433896291330297,-0.44882597725000123,0.5999999999999999,-0.125,0,0,6.729667019999988,True,False,False,4,synthetic_2d_kinematics_ideal_odometry
1789808730.1597667,1.5815121917926296,2.1368864473742057,-0.45193831275000035,0.5999999999999999,-0.125,0,0,6.744606230399984,True,False,False,4,synthetic_2d_kinematics_ideal_odometry
1789808730.1849172,1.595072463424688,2.1302772920091786,-0.4550810533750021,0.5999999999999999,-0.125,0,0,6.759691385399992,True,False,False,4,synthetic_2d_kinematics_ideal_odometry
1789808730.2098231,1.608483307114071,2.123688976161212,-0.4581939231250001,0.5999999999999999,-0.125,0,0,6.774633160199983,True,False,False,4,synthetic_2d_kinematics_ideal_odometry
1789808730.2349274,1.621185985009506,2.1173992034492515,-0.4613315297500034,0.5647058823529411,-0.125,0,0,6.788807759541174,True,False,False,4,synthetic_2d_kinematics_ideal_odometry
1789808730.260096,1.6339031605761516,2.1110524228432177,-0.4644776272500035,0.5647058823529411,-0.125,0,0,6.803020717658822,True,False,False,4,synthetic_2d_kinematics_ideal_odometry
1789808730.2849905,1.6464674081819286,2.104732772062566,-0.46759076962500323,0.5647058823529411,-0.125,0,0,6.817084796152939,True,False,False,4,synthetic_2d_kinematics_ideal_odometry
1789808730.3122444,1.660117841595154,2.097811096788193,-0.4709786016249975,0.5647058823529411,-0.125,0,0,6.832389825423501,True,False,False,4,synthetic_2d_kinematics_ideal_odometry
1789808730.3348382,1.6722677711711447,2.091602619990532,-0.47382115687500287,0.5999999999999999,-0.125,0,0,6.846034090623527,True,False,False,4,synthetic_2d_kinematics_ideal_odometry
1789808730.3597376,1.6855601463660739,2.084760359877221,-0.4769357489999973,0.5999999999999999,-0.125,0,0,6.8609841328235,True,False,False,4,synthetic_2d_kinematics_ideal_odometry
1789808730.384834,1.698889000285999,2.0778466090632493,-0.4800639299999983,0.5999999999999999,-0.125,0,0,6.875999401623505,True,False,False,4,synthetic_2d_kinematics_ideal_odometry
1789808730.4096928,1.7121459307844045,2.070917551526775,-0.483180293374998,0.5999999999999999,-0.125,0,0,6.890957945823504,True,False,False,4,synthetic_2d_kinematics_ideal_odometry
1789808730.4348881,1.7247237781671472,2.0642932027631407,-0.4863269831250019,0.5647058823529411,-0.125,0,0,6.90517357951764,True,False,False,4,synthetic_2d_kinematics_ideal_odometry
1789808730.4600906,1.7372978858765293,2.0576201629809003,-0.48947797850000363,0.5647058823529411,-0.125,0,0,6.919408664505883,True,False,False,4,synthetic_2d_kinematics_ideal_odometry
1789808730.4849112,1.749658304449606,2.051010911318353,-0.4925805882499983,0.5647058823529411,-0.125,0,0,6.933425160317624,True,False,False,4,synthetic_2d_kinematics_ideal_odometry
1789808730.5098064,1.7628070612498525,2.0439275040053717,-0.4956921179999991,0.5999999999999999,-0.125,0,0,6.948360503117628,True,False,False,4,synthetic_2d_kinematics_ideal_odometry
1789808730.5348861,1.7760281577841872,2.0367517687769854,-0.49882605362500065,0.5999999999999999,-0.125,0,0,6.963403394117635,True,False,False,4,synthetic_2d_kinematics_ideal_odometry
1789808730.5598354,1.789164687737573,2.0295686702591564,-0.5019452518749983,0.5999999999999999,-0.125,0,0,6.978375545717624,True,False,False,4,synthetic_2d_kinematics_ideal_odometry
1789808730.5849066,1.8023432554558714,2.022308964877012,-0.5050798064999977,0.5999999999999999,-0.125,0,0,6.993421407917621,True,False,False,4,synthetic_2d_kinematics_ideal_odometry
1789808730.6099217,1.8154665547890858,2.015026060054286,-0.5082066232500022,0.5999999999999999,-0.125,0,0,7.0084301283176424,True,False,False,4,synthetic_2d_kinematics_ideal_odometry
1789808730.6350067,1.827832020999111,2.008112988308309,-0.5113424807500007,0.5647058823529411,-0.125,0,0,7.0225968257294005,True,False,False,4,synthetic_2d_kinematics_ideal_odometry
1789808730.6600623,1.8401598136255621,2.001170181208888,-0.5144742866250009,0.5647058823529411,-0.125,0,0,7.036745219329402,True,False,False,4,synthetic_2d_kinematics_ideal_odometry
1789808730.6848292,1.8523312457952879,1.994265411706751,-0.5175718185000004,0.5647058823529411,-0.125,0,0,7.050738775094105,True,False,False,4,synthetic_2d_kinematics_ideal_odometry
1789808730.709931,1.865394820287107,1.9867734005956579,-0.523846591749999,0.5999999999999999,-0.25,0,0,7.065798230894102,True,False,False,4,synthetic_2d_kinematics_ideal_odometry
1789808730.7347536,1.8782564950905292,1.9792901856059106,-0.5300466867499961,0.5999999999999999,-0.25,0,0,7.080678458894095,True,False,False,4,synthetic_2d_kinematics_ideal_odometry
1789808730.7597919,1.891216535594776,1.9716685726479286,-0.5331789812500017,0.5999999999999999,-0.125,0,0,7.095713472494122,True,False,False,4,synthetic_2d_kinematics_ideal_odometry
1789808730.7848003,1.9041324809062263,1.9640183851727966,-0.536306390124997,0.5999999999999999,-0.125,0,0,7.1107250350941,True,False,False,4,synthetic_2d_kinematics_ideal_odometry
1789808730.816595,1.920505787324665,1.9542416964452605,-0.540279328125001,0.5999999999999999,-0.125,0,0,7.129795137494119,True,False,False,4,synthetic_2d_kinematics_ideal_odometry
1789808730.8347425,1.929840814224619,1.9486280468579436,-0.5425486872499957,0.5999999999999999,-0.125,0,0,7.140688061294093,True,False,False,4,synthetic_2d_kinematics_ideal_odometry
1789808730.8598182,1.9427145808767372,1.9408389222186497,-0.5456834243749978,0.5999999999999999,-0.125,0,0,7.155734799494104,True,False,False,4,synthetic_2d_kinematics_ideal_odometry
1789808730.8847194,1.9554750019893365,1.9330638182001085,-0.548796461124999,0.5999999999999999,-0.125,0,0,7.170677375894109,True,False,False,4,synthetic_2d_kinematics_ideal_odometry
1789808730.909806,1.9675384607711952,1.9256616235906026,-0.5519293813749951,0.5647058823529411,-0.125,0,0,7.184830803847033,True,False,False,4,synthetic_2d_kinematics_ideal_odometry
1789808730.9349468,1.979615610163912,1.9181987649031182,-0.5550719229999982,0.5647058823529411,-0.125,0,0,7.199027697776459,True,False,False,4,synthetic_2d_kinematics_ideal_odometry
1789808730.960001,1.9923816473883578,1.9102547649210082,-0.5582044059999999,0.5999999999999999,-0.125,0,0,7.214063616176467,True,False,False,4,synthetic_2d_kinematics_ideal_odometry
1789808730.985059,2.0051189956751707,1.9022731675397289,-0.5613359681249986,0.5999999999999999,-0.125,0,0,7.22909511437646,True,False,False,4,synthetic_2d_kinematics_ideal_odometry
1789808731.0098267,2.0176767401844398,1.894349574827983,-0.564429421874996,0.5999999999999999,-0.125,0,0,7.2439436923764475,True,False,False,4,synthetic_2d_kinematics_ideal_odometry
1789808731.0348155,2.030341847940849,1.886303064718714,-0.5675554722499979,0.5999999999999999,-0.125,0,0,7.258948734176457,True,False,False,4,synthetic_2d_kinematics_ideal_odometry
1789808731.0604973,2.0433203745209876,1.877999602394452,-0.5707653584999958,0.5999999999999999,-0.125,0,0,7.274356188176446,True,False,False,4,synthetic_2d_kinematics_ideal_odometry
1789808731.0850706,2.05571746633407,1.8700131429778477,-0.5738376318749996,0.5999999999999999,-0.125,0,0,7.289103100376465,True,False,False,4,synthetic_2d_kinematics_ideal_odometry
1789808731.1098063,2.0674380303212647,1.8624112954416414,-0.5769299401249963,0.5647058823529411,-0.125,0,0,7.303073057647039,True,False,False,4,synthetic_2d_kinematics_ideal_odometry
1789808731.134889,2.0792962731815505,1.8546675899122709,-0.5800649192499971,0.5647058823529411,-0.125,0,0,7.3172357868705715,True,False,False,4,synthetic_2d_kinematics_ideal_odometry
1789808731.1597552,2.091034073449326,1.84695015279678,-0.5831744118749976,0.5647058823529411,-0.125,0,0,7.331283377082339,True,False,False,4,synthetic_2d_kinematics_ideal_odometry
1789808731.1848047,2.102834079466201,1.8391389604089805,-0.5863068264999977,0.5647058823529411,-0.125,0,0,7.345434520799985,True,False,False,4,synthetic_2d_kinematics_ideal_odometry
1789808731.2096896,2.11452649635852,1.8313463906830625,-0.5894171223750017,0.5647058823529411,-0.125,0,0,7.359485739811769,True,False,False,4,synthetic_2d_kinematics_ideal_odometry
1789808731.2347498,2.1270109397201784,1.8229695718618988,-0.5925492837500012,0.5999999999999999,-0.125,0,0,7.374520114411766,True,False,False,4,synthetic_2d_kinematics_ideal_odometry
1789808731.2602348,2.139672667375558,1.8144156915286573,-0.595732683999996,0.5999999999999999,-0.125,0,0,7.3898004356117415,True,False,False,4,synthetic_2d_kinematics_ideal_odometry
1789808731.285004,2.1519636036027405,1.806055978134723,-0.5988294447500006,0.5999999999999999,-0.125,0,0,7.404664887211763,True,False,False,4,synthetic_2d_kinematics_ideal_odometry
1789808731.3177333,2.1681636398953525,1.7949521078864548,-0.6029211512499993,0.5999999999999999,-0.125,0,0,7.4243050784117575,True,False,False,4,synthetic_2d_kinematics_ideal_odometry
1789808731.3349729,2.1766598605757714,1.7890895470560504,-0.6050716860000004,0.5999999999999999,-0.125,0,0,7.434627645211763,True,False,False,4,synthetic_2d_kinematics_ideal_odometry
1789808731.3598697,2.1882225273681613,1.7810660571858545,-0.6081869787499964,0.5647058823529411,-0.125,0,0,7.448701438341157,True,False,False,4,synthetic_2d_kinematics_ideal_odometry
1789808731.3850343,2.199873297395378,1.7729272770550693,-0.6113328582499997,0.5647058823529411,-0.125,0,0,7.462913411611761,True,False,False,4,synthetic_2d_kinematics_ideal_odometry
1789808731.4098341,2.2113303497974286,1.7648704612738577,-0.6144332102499968,0.5647058823529411,-0.125,0,0,7.476919707705865,True,False,False,4,synthetic_2d_kinematics_ideal_odometry
1789808731.4348505,2.223578597104343,1.7562001465348436,-0.6175595566249947,0.5999999999999999,-0.125,0,0,7.491926170305855,True,False,False,4,synthetic_2d_kinematics_ideal_odometry
1789808731.4600096,2.2358737172887357,1.7474386470233505,-0.6207048646249953,0.5999999999999999,-0.125,0,0,7.507023648705858,True,False,False,4,synthetic_2d_kinematics_ideal_odometry
1789808731.4849372,2.2480245569555546,1.7387224824366747,-0.6238202277500002,0.5999999999999999,-0.125,0,0,7.521977391705882,True,False,False,4,synthetic_2d_kinematics_ideal_odometry
1789808731.509728,2.2600921530301648,1.7300090956966103,-0.6269211767500005,0.5999999999999999,-0.125,0,0,7.536861946905883,True,False,False,4,synthetic_2d_kinematics_ideal_odometry
1789808731.5353057,2.2724896564529518,1.720998009558343,-0.6301141714999952,0.5999999999999999,-0.125,0,0,7.552188321705857,True,False,False,4,synthetic_2d_kinematics_ideal_odometry
1789808731.5598977,2.2843841085488523,1.7122955051335935,-0.6331846088749964,0.5999999999999999,-0.125,0,0,7.566926421105863,True,False,False,4,synthetic_2d_kinematics_ideal_odometry
1789808731.5851045,2.296587917731708,1.70330818298407,-0.6363421128749971,0.5999999999999999,-0.125,0,0,7.582082440305866,True,False,False,4,synthetic_2d_kinematics_ideal_odometry
1789808731.6099596,2.308555932803181,1.6944365877322105,-0.639445780249998,0.5999999999999999,-0.125,0,0,7.59698004370587,True,False,False,4,synthetic_2d_kinematics_ideal_odometry
1789808731.6350925,2.3199409349166373,1.6859419275413774,-0.6425900811249983,0.5647058823529411,-0.125,0,0,7.611184885305872,True,False,False,4,synthetic_2d_kinematics_ideal_odometry
1789808731.660022,2.3311970798930157,1.6774884344593568,-0.6457060869999987,0.5647058823529411,-0.125,0,0,7.625261900082344,True,False,False,4,synthetic_2d_kinematics_ideal_odometry
1789808731.6849394,2.342424960464622,1.6690013253582572,-0.6488215737499965,0.5647058823529411,-0.125,0,0,7.639336569635275,True,False,False,4,synthetic_2d_kinematics_ideal_odometry
1789808731.709801,2.353610552596577,1.660518769471385,-0.6488215737499965,0.5647058823529411,0.0,0,0,7.6533747755646795,True,False,False,4,synthetic_2d_kinematics_ideal_odometry
1789808731.7349398,2.364906566987762,1.6519524752384314,-0.6488215737499965,0.5647058823529411,0.0,0,0,7.667551564270568,True,False,False,4,synthetic_2d_kinematics_ideal_odometry
1789808731.7600205,2.3762051839222598,1.643384207375576,-0.6488215737499965,0.5647058823529411,0.0,0,0,7.6817316192352765,True,False,False,4,synthetic_2d_kinematics_ideal_odometry
1789808731.7865853,2.388891491204645,1.6337303651864907,-0.6521427695000008,0.5999999999999999,-0.125,0,0,7.6976733588352975,True,False,False,4,synthetic_2d_kinematics_ideal_odometry
1789808731.8095913,2.399860589103943,1.6253294411209676,-0.6550212142499967,0.5999999999999999,-0.125,0,0,7.711489893635278,True,False,False,4,synthetic_2d_kinematics_ideal_odometry
1789808731.8352134,2.4120099660281404,1.6159658969220771,-0.6582168283749945,0.5999999999999999,-0.125,0,0,7.7268288414352675,True,False,False,4,synthetic_2d_kinematics_ideal_odometry
1789808731.8601785,2.423862663266992,1.6067711486844753,-0.6613420354999968,0.5999999999999999,-0.125,0,0,7.741829835635278,True,False,False,4,synthetic_2d_kinematics_ideal_odometry
1789808731.8851075,2.435650963356752,1.5975672910469878,-0.6644578206250011,0.5999999999999999,-0.125,0,0,7.756785604235299,True,False,False,4,synthetic_2d_kinematics_ideal_odometry
1789808731.9099894,2.4473891304297655,1.5883731052531729,-0.6644578206250011,0.5999999999999999,0.0,0,0,7.771695923435274,True,False,False,4,synthetic_2d_kinematics_ideal_odometry
1789808731.9348464,2.4591462420737713,1.5791640806941227,-0.6644578206250011,0.5999999999999999,0.0,0,0,7.786630306835295,True,False,False,4,synthetic_2d_kinematics_ideal_odometry
1789808731.9598095,2.4702298269420764,1.5704826112699062,-0.6644578206250011,0.5647058823529411,0.0,0,0,7.8007091478705695,True,False,False,4,synthetic_2d_kinematics_ideal_odometry
1789808731.9850016,2.4814356232829744,1.561705416935815,-0.6644578206250011,0.5647058823529411,0.0,0,0,7.814943227117647,True,False,False,4,synthetic_2d_kinematics_ideal_odometry
1789808732.0098603,2.4924932931005177,1.5530442460633298,-0.6644578206250011,0.5647058823529411,0.0,0,0,7.828989149752924,True,False,False,4,synthetic_2d_kinematics_ideal_odometry
1789808732.0355923,2.504616281462434,1.5435171843378332,-0.6676700190000042,0.5999999999999999,-0.125,0,0,7.844407701952939,True,False,False,4,synthetic_2d_kinematics_ideal_odometry
1789808732.0601418,2.5161840572915857,1.5343674992357565,-0.6707427073750034,0.5999999999999999,-0.125,0,0,7.8591566061529345,True,False,False,4,synthetic_2d_kinematics_ideal_odometry
1789808732.0850391,2.5278744773270896,1.5250618866755916,-0.6738556030000049,0.5999999999999999,-0.125,0,0,7.874098505152942,True,False,False,4,synthetic_2d_kinematics_ideal_odometry
1789808732.1098862,2.5395295538372644,1.5157547361565893,-0.6738556030000049,0.5999999999999999,0.0,0,0,7.889013727552939,True,False,False,4,synthetic_2d_kinematics_ideal_odometry
1789808732.1348085,2.5512141099450414,1.5064240447323098,-0.6738556030000049,0.5999999999999999,0.0,0,0,7.903966675552946,True,False,False,4,synthetic_2d_kinematics_ideal_odometry
1789808732.1597595,2.562898223924479,1.4970937063692051,-0.6738556030000049,0.5999999999999999,0.0,0,0,7.918919057752934,True,False,False,4,synthetic_2d_kinematics_ideal_odometry
1789808732.1852703,2.574875066238396,1.4875296100665623,-0.6738556030000049,0.5999999999999999,0.0,0,0,7.934246049952927,True,False,False,4,synthetic_2d_kinematics_ideal_odometry
1789808732.2097373,2.5863465844774356,1.4783690398344393,-0.6738556030000049,0.5999999999999999,0.0,0,0,7.948926369352936,True,False,False,4,synthetic_2d_kinematics_ideal_odometry
1789808732.2349575,2.5974656771295237,1.469489898727354,-0.6738556030000049,0.5647058823529411,0.0,0,0,7.963155683047042,True,False,False,4,synthetic_2d_kinematics_ideal_odometry
1789808732.2600405,2.6085356370821993,1.4606499924917373,-0.6738556030000049,0.5647058823529411,0.0,0,0,7.977322120694112,True,False,False,4,synthetic_2d_kinematics_ideal_odometry
1789808732.2850697,2.6195765109427946,1.451833312927929,-0.6738556030000049,0.5647058823529411,0.0,0,0,7.991451336317651,True,False,False,4,synthetic_2d_kinematics_ideal_odometry
1789808732.3105195,2.630814344077529,1.442859351718743,-0.6738556030000049,0.5647058823529411,0.0,0,0,8.005832604458817,True,False,False,4,synthetic_2d_kinematics_ideal_odometry
1789808732.3350346,2.6409455829412365,1.4347690603365992,-0.6738556030000049,0.5294117647058822,0.0,0,0,8.018797742929404,True,False,False,4,synthetic_2d_kinematics_ideal_odometry
1789808732.3597918,2.652561812640876,1.4254929309020592,-0.6738556030000049,0.5999999999999999,0.0,0,0,8.033663252329392,True,False,False,4,synthetic_2d_kinematics_ideal_odometry
1789808732.393077,2.668118360296543,1.4130702642245019,-0.6738556030000049,0.5999999999999999,0.0,0,0,8.053571261329408,True,False,False,4,synthetic_2d_kinematics_ideal_odometry
1789808732.409892,2.676052300568411,1.4067346235914622,-0.6738556030000049,0.5999999999999999,0.0,0,0,8.063724475129412,True,False,False,4,synthetic_2d_kinematics_ideal_odometry
1789808732.434826,2.6877157132839016,1.3974208162034494,-0.6738556030000049,0.5999999999999999,0.0,0,0,8.078650365529414,True,False,False,4,synthetic_2d_kinematics_ideal_odometry
1789808732.4597676,2.6994410816337235,1.3880575342012014,-0.6738556030000049,0.5999999999999999,0.0,0,0,8.093655541729401,True,False,False,4,synthetic_2d_kinematics_ideal_odometry
1789808732.4849749,2.7112613233141243,1.3786184911889625,-0.6738556030000049,0.5999999999999999,0.0,0,0,8.108782129129406,True,False,False,4,synthetic_2d_kinematics_ideal_odometry
1789808732.5099547,2.7222805911073045,1.3698190651302156,-0.6738556030000049,0.5647058823529411,0.0,0,0,8.122883695058803,True,False,False,4,synthetic_2d_kinematics_ideal_odometry
1789808732.5347872,2.7332417661455413,1.3610660289869572,-0.6738556030000049,0.5647058823529411,0.0,0,0,8.136910918588214,True,False,False,4,synthetic_2d_kinematics_ideal_odometry
1789808732.5601668,2.7444442952053305,1.3521202598140192,-0.6738556030000049,0.5647058823529411,0.0,0,0,8.151247007435277,True,False,False,4,synthetic_2d_kinematics_ideal_odometry
1789808732.5855196,2.7556222819648077,1.343194088872194,-0.6738556030000049,0.5647058823529411,0.0,0,0,8.16555168903529,True,False,False,4,synthetic_2d_kinematics_ideal_odometry
1789808732.6099324,2.766395896851399,1.3345908287137787,-0.6738556030000049,0.5647058823529411,0.0,0,0,8.179338888282343,True,False,False,4,synthetic_2d_kinematics_ideal_odometry
1789808732.6349401,2.778110031015894,1.3252365177597865,-0.6738556030000049,0.5999999999999999,0.0,0,0,8.194329687882357,True,False,False,4,synthetic_2d_kinematics_ideal_odometry
1789808732.660088,2.7899032897405918,1.3158190219617558,-0.6738556030000049,0.5999999999999999,0.0,0,0,8.209421744682329,True,False,False,4,synthetic_2d_kinematics_ideal_odometry
1789808732.6850433,2.8016112617708724,1.3064696317743159,-0.6738556030000049,0.5999999999999999,0.0,0,0,8.22440465848235,True,False,False,4,synthetic_2d_kinematics_ideal_odometry
1789808732.7193565,2.817699067633067,1.2936227293495037,-0.6738556030000049,0.5999999999999999,0.0,0,0,8.244992528682356,True,False,False,4,synthetic_2d_kinematics_ideal_odometry
1789808732.735004,2.825036542568901,1.2877633955564054,-0.6738556030000049,0.5999999999999999,0.0,0,0,8.254382434482359,True,False,False,4,synthetic_2d_kinematics_ideal_odometry
1789808732.7597437,2.8366408910661196,1.27849675384502,-0.6738556030000049,0.5999999999999999,0.0,0,0,8.269232739282332,True,False,False,4,synthetic_2d_kinematics_ideal_odometry
1789808732.784779,2.848380917634341,1.2691217665360879,-0.6738556030000049,0.5999999999999999,0.0,0,0,8.284256673882336,True,False,False,4,synthetic_2d_kinematics_ideal_odometry
1789808732.8190646,2.8644587838141646,1.2562828014353988,-0.6738556030000049,0.5999999999999999,0.0,0,0,8.304831824082347,True,False,False,4,synthetic_2d_kinematics_ideal_odometry
1789808732.834703,2.8713562173450935,1.250774862297365,-0.6738556030000049,0.5647058823529411,0.0,0,0,8.313658600552943,True,False,False,4,synthetic_2d_kinematics_ideal_odometry
1789808732.8600075,2.882513443075628,1.2418652700559139,-0.6738556030000049,0.5647058823529411,0.0,0,0,8.32793671387057,True,False,False,4,synthetic_2d_kinematics_ideal_odometry
1789808732.8850973,2.8935849360119392,1.2330241396576394,-0.6738556030000049,0.5647058823529411,0.0,0,0,8.342105113305866,True,False,False,4,synthetic_2d_kinematics_ideal_odometry
1789808732.9120212,2.9061973142156843,1.2229177161734124,-0.6772226968750041,0.5999999999999999,-0.125,0,0,8.358267163905863,True,False,False,4,synthetic_2d_kinematics_ideal_odometry
1789808732.9396777,2.9190983631671243,1.2125075320664416,-0.6806763143750041,0.5999999999999999,-0.125,0,0,8.374844527905863,True,False,False,4,synthetic_2d_kinematics_ideal_odometry
1789808732.9596987,2.9284435882647104,1.2049399503954559,-0.6806763143750041,0.5999999999999999,0.0,0,0,8.38686956530587,True,False,False,4,synthetic_2d_kinematics_ideal_odometry
1789808732.984939,2.9402127015316064,1.1954095511902703,-0.6806763143750041,0.5999999999999999,0.0,0,0,8.40201355870587,True,False,False,4,synthetic_2d_kinematics_ideal_odometry
1789808733.0098245,2.9518192918531594,1.186010759907788,-0.6806763143750041,0.5999999999999999,0.0,0,0,8.41694842450587,True,False,False,4,synthetic_2d_kinematics_ideal_odometry
1789808733.0350604,2.9635822519787585,1.1764853433968456,-0.6806763143750041,0.5999999999999999,0.0,0,0,8.432084500305871,True,False,False,4,synthetic_2d_kinematics_ideal_odometry
1789808733.059998,2.97520686621086,1.1670719567018741,-0.6806763143750041,0.5999999999999999,0.0,0,0,8.44704255850586,True,False,False,4,synthetic_2d_kinematics_ideal_odometry
1789808733.0848436,2.9868051850430684,1.1576798635107173,-0.6806763143750041,0.5999999999999999,0.0,0,0,8.461966780905868,True,False,False,4,synthetic_2d_kinematics_ideal_odometry
1789808733.109665,2.9983650675842015,1.148289163674253,-0.6837791253750021,0.5999999999999999,-0.125,0,0,8.476860273705858,True,False,False,4,synthetic_2d_kinematics_ideal_odometry
1789808733.1357722,3.010490566034775,1.1383747538456723,-0.6870422082500036,0.5999999999999999,-0.125,0,0,8.492523071505866,True,False,False,4,synthetic_2d_kinematics_ideal_odometry
1789808733.1595716,3.021532264205895,1.1293164138539271,-0.6870422082500036,0.5999999999999999,0.0,0,0,8.506804969905875,True,False,False,4,synthetic_2d_kinematics_ideal_odometry
1789808733.184801,3.0332336203224646,1.119716906565673,-0.6870422082500036,0.5999999999999999,0.0,0,0,8.52194010370588,True,False,False,4,synthetic_2d_kinematics_ideal_odometry
1789808733.2103066,3.0450672611299536,1.110008876141984,-0.6870422082500036,0.5999999999999999,0.0,0,0,8.53724634130589,True,False,False,4,synthetic_2d_kinematics_ideal_odometry
1789808733.2351384,3.0565467665984736,1.1005913697168468,-0.6870422082500036,0.5999999999999999,0.0,0,0,8.552094522105882,True,False,False,4,synthetic_2d_kinematics_ideal_odometry
1789808733.2599392,3.0680846275708955,1.0911259898589694,-0.6870422082500036,0.5999999999999999,0.0,0,0,8.567018182905862,True,False,False,4,synthetic_2d_kinematics_ideal_odometry
1789808733.285399,3.0798692363027187,1.0814581841547937,-0.6870422082500036,0.5999999999999999,0.0,0,0,8.582260999905873,True,False,False,4,synthetic_2d_kinematics_ideal_odometry
1789808733.320424,3.096137551212108,1.0681120552117425,-0.6870422082500036,0.5999999999999999,0.0,0,0,8.603303272305869,True,False,False,4,synthetic_2d_kinematics_ideal_odometry
1789808733.3355703,3.1027153006612886,1.062715829923948,-0.6870422082500036,0.5647058823529411,0.0,0,0,8.611811270611748,True,False,False,4,synthetic_2d_kinematics_ideal_odometry
1789808733.3596487,3.1132664809014607,1.0540598988843148,-0.6870422082500036,0.5647058823529411,0.0,0,0,8.62545870797645,True,False,False,4,synthetic_2d_kinematics_ideal_odometry
1789808733.385055,3.124354624770978,1.0449634559739143,-0.6870422082500036,0.5647058823529411,0.0,0,0,8.639800681623521,True,False,False,4,synthetic_2d_kinematics_ideal_odometry
1789808733.4099414,3.135223618701325,1.036046798330907,-0.6870422082500036,0.5647058823529411,0.0,0,0,8.653859195505882,True,False,False,4,synthetic_2d_kinematics_ideal_odometry
1789808733.4347403,3.146732884549093,1.0266048772161689,-0.6870422082500036,0.5999999999999999,0.0,0,0,8.66874586990588,True,False,False,4,synthetic_2d_kinematics_ideal_odometry
1789808733.459868,3.1583848532615577,1.0170458861502165,-0.6870422082500036,0.5999999999999999,0.0,0,0,8.68381712350587,True,False,False,4,synthetic_2d_kinematics_ideal_odometry
1789808733.484909,3.1699979956172837,1.0075187472807767,-0.6870422082500036,0.5999999999999999,0.0,0,0,8.698838157105858,True,False,False,4,synthetic_2d_kinematics_ideal_odometry
1789808733.5098884,3.181582354978897,0.9980152212780004,-0.6870422082500036,0.5999999999999999,0.0,0,0,8.713821961305875,True,False,False,4,synthetic_2d_kinematics_ideal_odometry
1789808733.534853,3.1931633869634735,0.9885144249742263,-0.6870422082500036,0.5999999999999999,0.0,0,0,8.728801461705874,True,False,False,4,synthetic_2d_kinematics_ideal_odometry
1789808733.5597093,3.2040182079229056,0.979609394491032,-0.6870422082500036,0.5647058823529411,0.0,0,0,8.742841643541162,True,False,False,4,synthetic_2d_kinematics_ideal_odometry
1789808733.5851989,3.21513166519085,0.9704921850856821,-0.6870422082500036,0.5647058823529411,0.0,0,0,8.757216358835297,True,False,False,4,synthetic_2d_kinematics_ideal_odometry
1789808733.6098368,3.2258920459559626,0.9616646310355306,-0.6870422082500036,0.5647058823529411,0.0,0,0,8.77113438688235,True,False,False,4,synthetic_2d_kinematics_ideal_odometry
1789808733.634953,3.236167040969247,0.9532352756228593,-0.6870422082500036,0.5294117647058822,0.0,0,0,8.784424592117642,True,False,False,4,synthetic_2d_kinematics_ideal_odometry
1789808733.6600614,3.2464544296371916,0.9447957527580524,-0.6870422082500036,0.5294117647058822,0.0,0,0,8.797730827941155,True,False,False,4,synthetic_2d_kinematics_ideal_odometry
1789808733.6850271,3.2566751446997704,0.936410927293638,-0.6870422082500036,0.5294117647058822,0.0,0,0,8.810950824705872,True,False,False,4,synthetic_2d_kinematics_ideal_odometry
1789808733.7097616,3.2681585406898597,0.926990229179453,-0.6870422082500036,0.5999999999999999,0.0,0,0,8.825804037705886,True,False,False,4,synthetic_2d_kinematics_ideal_odometry
1789808733.7347,3.2797264617049233,0.917500188795432,-0.6870422082500036,0.5999999999999999,0.0,0,0,8.840766579705864,True,False,False,4,synthetic_2d_kinematics_ideal_odometry
1789808733.7597651,3.291338152131188,0.9079742410535252,-0.6870422082500036,0.5999999999999999,0.0,0,0,8.855785735305862,True,False,False,4,synthetic_2d_kinematics_ideal_odometry
1789808733.784864,3.302995119563134,0.898411149159975,-0.6870422082500036,0.5999999999999999,0.0,0,0,8.870863454505859,True,False,False,4,synthetic_2d_kinematics_ideal_odometry
1789808733.8096988,3.3145159943524316,0.8889597043526231,-0.6870422082500036,0.5999999999999999,0.0,0,0,8.885765144505893,True,False,False,4,synthetic_2d_kinematics_ideal_odometry
1789808733.8347027,3.3261143381605804,0.8794447058508386,-0.6870422082500036,0.5999999999999999,0.0,0,0,8.900767036905886,True,False,False,4,synthetic_2d_kinematics_ideal_odometry
1789808733.859847,3.3377702447098625,0.8698824842795626,-0.6870422082500036,0.5999999999999999,0.0,0,0,8.915843383905866,True,False,False,4,synthetic_2d_kinematics_ideal_odometry
1789808733.8850796,3.3494747602806183,0.8602803850521188,-0.6870422082500036,0.5999999999999999,0.0,0,0,8.930982604305864,True,False,False,4,synthetic_2d_kinematics_ideal_odometry
1789808733.9098015,3.360269613633284,0.8514245505315531,-0.6870422082500036,0.5647058823529411,0.0,0,0,8.944945220964685,True,False,False,4,synthetic_2d_kinematics_ideal_odometry
1789808733.9351325,3.3713201004390823,0.842359000558178,-0.6870422082500036,0.5647058823529411,0.0,0,0,8.959238487035282,True,False,False,4,synthetic_2d_kinematics_ideal_odometry
1789808733.9599214,3.382823887920391,0.832921573761725,-0.6870422082500036,0.5999999999999999,0.0,0,0,8.974118075435285,True,False,False,4,synthetic_2d_kinematics_ideal_odometry
1789808733.985012,3.394452519533937,0.8233817278827855,-0.6870422082500036,0.5999999999999999,0.0,0,0,8.9891591436353,True,False,False,4,synthetic_2d_kinematics_ideal_odometry
1789808734.0098746,3.406000359390298,0.8139081615918017,-0.6870422082500036,0.5999999999999999,0.0,0,0,9.004095711635273,True,False,False,4,synthetic_2d_kinematics_ideal_odometry
1789808734.0347333,3.4175389978176365,0.8044421439288644,-0.6870422082500036,0.5999999999999999,0.0,0,0,9.019020378035293,True,False,False,4,synthetic_2d_kinematics_ideal_odometry
1789808734.059776,3.4291541580306046,0.794913349658537,-0.6870422082500036,0.5999999999999999,0.0,0,0,9.034044021635271,True,False,False,4,synthetic_2d_kinematics_ideal_odometry
1789808734.0848577,3.440775944237396,0.7853791195844133,-0.6870422082500036,0.5999999999999999,0.0,0,0,9.049076235635301,True,False,False,4,synthetic_2d_kinematics_ideal_odometry
1789808734.1097145,3.4523101503368783,0.7759167380951928,-0.6870422082500036,0.5999999999999999,0.0,0,0,9.063995169035275,True,False,False,4,synthetic_2d_kinematics_ideal_odometry
1789808734.1347468,3.463933927960013,0.76638087431165,-0.6870422082500036,0.5999999999999999,0.0,0,0,9.079029958835282,True,False,False,4,synthetic_2d_kinematics_ideal_odometry
1789808734.1597288,3.4748338720822862,0.757438825885728,-0.6870422082500036,0.5647058823529411,0.0,0,0,9.093128505282353,True,False,False,4,synthetic_2d_kinematics_ideal_odometry
1789808734.184971,3.485850485299881,0.748401064978304,-0.6870422082500036,0.5647058823529411,0.0,0,0,9.107377957517643,True,False,False,4,synthetic_2d_kinematics_ideal_odometry
1789808734.2098334,3.4967079794903984,0.7394938414414985,-0.6870422082500036,0.5647058823529411,0.0,0,0,9.121421597047044,True,False,False,4,synthetic_2d_kinematics_ideal_odometry
1789808734.234865,3.5083018995079582,0.729952094352288,-0.6901704282500043,0.5999999999999999,-0.125,0,0,9.136437053047048,True,False,False,4,synthetic_2d_kinematics_ideal_odometry
1789808734.2600327,3.5199330372316098,0.7203183522959766,-0.6933168296250025,0.5999999999999999,-0.125,0,0,9.15153977964704,True,False,False,4,synthetic_2d_kinematics_ideal_odometry
1789808734.284919,3.5314033343443585,0.7107571659506597,-0.6964277981250058,0.5999999999999999,-0.125,0,0,9.166472428447056,True,False,False,4,synthetic_2d_kinematics_ideal_odometry
1789808734.3180954,3.546638778197384,0.6979635417059153,-0.7005725088750034,0.5999999999999999,-0.125,0,0,9.186367040047045,True,False,False,4,synthetic_2d_kinematics_ideal_odometry
1789808734.3351068,3.5544428576510287,0.6913683894812787,-0.7027011790000068,0.5999999999999999,-0.125,0,0,9.196584656647062,True,False,False,4,synthetic_2d_kinematics_ideal_odometry
1789808734.359724,3.5657067695814257,0.681798977803584,-0.7057803523750061,0.5999999999999999,-0.125,0,0,9.211364688847059,True,False,False,4,synthetic_2d_kinematics_ideal_odometry
1789808734.3847485,3.5771198176958254,0.6720417148934411,-0.7089085580000025,0.5999999999999999,-0.125,0,0,9.226380075847041,True,False,False,4,synthetic_2d_kinematics_ideal_odometry
1789808734.4096706,3.5884563749235747,0.662288422796592,-0.7120241287500072,0.5999999999999999,-0.125,0,0,9.241334815447065,True,False,False,4,synthetic_2d_kinematics_ideal_odometry
1789808734.4347715,3.599856780833667,0.6524492530225682,-0.7120241287500072,0.5999999999999999,0.0,0,0,9.256393982647044,True,False,False,4,synthetic_2d_kinematics_ideal_odometry
1789808734.4597597,3.611206114188842,0.6426541616386108,-0.7120241287500072,0.5999999999999999,0.0,0,0,9.271385686447045,True,False,False,4,synthetic_2d_kinematics_ideal_odometry
1789808734.4847355,3.622552207560256,0.6328618665366934,-0.7120241287500072,0.5999999999999999,0.0,0,0,9.286373110447048,True,False,False,4,synthetic_2d_kinematics_ideal_odometry
1789808734.5098977,3.6326029556274855,0.6241599632864239,-0.715163080625009,0.5294117647058822,-0.125,0,0,9.29966749485882,True,False,False,4,synthetic_2d_kinematics_ideal_odometry
1789808734.5348957,3.642590945645973,0.6154574903260054,-0.7182909333750068,0.5294117647058822,-0.125,0,0,9.312914871211753,True,False,False,4,synthetic_2d_kinematics_ideal_odometry
1789808734.5598235,3.6531943014898647,0.6061896413612996,-0.7182909333750068,0.5647058823529411,0.0,0,0,9.32699763300001,True,False,False,4,synthetic_2d_kinematics_ideal_odometry
1789808734.5849779,3.6638858640635577,0.5968446954226262,-0.7182909333750068,0.5647058823529411,0.0,0,0,9.341197545847065,True,False,False,4,synthetic_2d_kinematics_ideal_odometry
1789808734.6098635,3.6744695801925027,0.5875940125244485,-0.7182909333750068,0.5647058823529411,0.0,0,0,9.355254223305865,True,False,False,4,synthetic_2d_kinematics_ideal_odometry
1789808734.635375,3.6846345640712124,0.5787093219884029,-0.7182909333750068,0.5294117647058822,0.0,0,0,9.368754764894103,True,False,False,4,synthetic_2d_kinematics_ideal_odometry
1789808734.6601255,3.6945030325164945,0.5700838003695536,-0.7182909333750068,0.5294117647058822,0.0,0,0,9.381861491894112,True,False,False,4,synthetic_2d_kinematics_ideal_odometry
1789808734.6849163,3.704390625113448,0.561441563311566,-0.7182909333750068,0.5294117647058822,0.0,0,0,9.39499361848236,True,False,False,4,synthetic_2d_kinematics_ideal_odometry
1789808734.709791,3.7143066645720784,0.5527744623122547,-0.7182909333750068,0.5294117647058822,0.0,0,0,9.408163526541165,True,False,False,4,synthetic_2d_kinematics_ideal_odometry
1789808734.73471,3.724240356909832,0.5440919318376042,-0.7182909333750068,0.5294117647058822,0.0,0,0,9.421356880129407,True,False,False,4,synthetic_2d_kinematics_ideal_odometry
1789808734.7598674,3.7335980869760736,0.5359128204144624,-0.7182909333750068,0.4941176470588234,0.0,0,0,9.433785274058826,True,False,False,4,synthetic_2d_kinematics_ideal_odometry
1789808734.784781,3.7428696261671592,0.5278090440102374,-0.7182909333750068,0.4941176470588234,0.0,0,0,9.446099194270582,True,False,False,4,synthetic_2d_kinematics_ideal_odometry
1789808734.809847,3.7521862934187395,0.5196658234852176,-0.7182909333750068,0.4941176470588234,0.0,0,0,9.45847305095295,True,False,False,4,synthetic_2d_kinematics_ideal_odometry
1789808734.8347247,3.761450744193197,0.5115682427020469,-0.7182909333750068,0.4941176470588234,0.0,0,0,9.470777556741169,True,False,False,4,synthetic_2d_kinematics_ideal_odometry
1789808734.8597944,3.7707762990312217,0.5034172539940067,-0.7182909333750068,0.4941176470588234,0.0,0,0,9.483163217399996,True,False,False,4,synthetic_2d_kinematics_ideal_odometry
1789808734.8849807,3.780141921485556,0.49523124423963005,-0.7182909333750068,0.4941176470588234,0.0,0,0,9.495602093541187,True,False,False,4,synthetic_2d_kinematics_ideal_odometry
1789808734.909865,3.7887216867950833,0.4877085559339694,-0.7213996073750032,0.4588235294117646,-0.125,0,0,9.507012755752939,True,False,False,4,synthetic_2d_kinematics_ideal_odometry
1789808734.935114,3.7974101415242147,0.4800422936032511,-0.7245563486250056,0.4588235294117646,-0.125,0,0,9.518599853047066,True,False,False,4,synthetic_2d_kinematics_ideal_odometry
1789808734.9597018,3.8058608282094823,0.47256207015994167,-0.7245563486250056,0.4588235294117646,0.0,0,0,9.529885589541172,True,False,False,4,synthetic_2d_kinematics_ideal_odometry
1789808734.985057,3.8145706323125324,0.46485248592558015,-0.7245563486250056,0.4588235294117646,0.0,0,0,9.541517372576468,True,False,False,4,synthetic_2d_kinematics_ideal_odometry
1789808735.0098522,3.823090852248698,0.45731071431786363,-0.7245563486250056,0.4588235294117646,0.0,0,0,9.552895969447066,True,False,False,4,synthetic_2d_kinematics_ideal_odometry
1789808735.0349252,3.8310302977729114,0.4502608043373413,-0.7276900513750043,0.42352941176470577,-0.125,0,0,9.563513691705886,True,False,False,4,synthetic_2d_kinematics_ideal_odometry
1789808735.06008,3.8389726302901,0.44316362250415214,-0.7308336703750037,0.42352941176470577,-0.125,0,0,9.574165012552942,True,False,False,4,synthetic_2d_kinematics_ideal_odometry
1789808735.0853772,3.846922847127842,0.4360142331897161,-0.7339893071250053,0.42352941176470577,-0.125,0,0,9.584857052364713,True,False,False,4,synthetic_2d_kinematics_ideal_odometry
1789808735.1098392,3.8533570034899345,0.43022766244727395,-0.7309245318750094,0.35294117647058815,0.125,0,0,9.593510535423524,True,False,False,4,synthetic_2d_kinematics_ideal_odometry
1789808735.1348736,3.859945620165346,0.4243389867852943,-0.7277948852500039,0.35294117647058815,0.125,0,0,9.602347184717658,True,False,False,4,synthetic_2d_kinematics_ideal_odometry
1789808735.1598551,3.866531953196785,0.41847086569021436,-0.7277948852500039,0.35294117647058815,0.0,0,0,9.611168444717656,True,False,False,4,synthetic_2d_kinematics_ideal_odometry
1789808735.184823,3.873111558534566,0.41260873866207454,-0.7277948852500039,0.35294117647058815,0.0,0,0,9.619980694129412,True,False,False,4,synthetic_2d_kinematics_ideal_odometry
1789808735.2098653,3.8797097144401085,0.4067300839276238,-0.7277948852500039,0.35294117647058815,0.0,0,0,9.628817788835294,True,False,False,4,synthetic_2d_kinematics_ideal_odometry
1789808735.2347736,3.885621930285856,0.401479047982231,-0.7246831595000011,0.31764705882352934,0.125,0,0,9.636725233094124,True,False,False,4,synthetic_2d_kinematics_ideal_odometry
1789808735.2598083,3.8915894724241653,0.3962121077663346,-0.7215509840000017,0.31764705882352934,0.125,0,0,9.644684643776475,True,False,False,4,synthetic_2d_kinematics_ideal_odometry
1789808735.284842,3.8975670046671618,0.390969547943101,-0.7184221943750068,0.31764705882352934,0.125,0,0,9.652635450352934,True,False,False,4,synthetic_2d_kinematics_ideal_odometry
1789808735.3095887,3.90349448518101,0.38580342685458163,-0.7153280317500027,0.31764705882352934,0.125,0,0,9.660498263611768,True,False,False,4,synthetic_2d_kinematics_ideal_odometry
1789808735.3347216,3.909527339297536,0.3805784700647211,-0.7121873816250052,0.31764705882352934,0.125,0,0,9.668479209811762,True,False,False,4,synthetic_2d_kinematics_ideal_odometry
1789808735.3597586,3.9155486749419968,0.37538001477462557,-0.7121873816250052,0.31764705882352934,0.0,0,0,9.676434108952945,True,False,False,4,synthetic_2d_kinematics_ideal_odometry
1789808735.3849719,3.9216062621358883,0.37015026209969043,-0.7121873816250052,0.31764705882352934,0.0,0,0,9.684436900694118,True,False,False,4,synthetic_2d_kinematics_ideal_odometry
1789808735.4098797,3.927595596933234,0.3649794343963622,-0.7121873816250052,0.31764705882352934,0.0,0,0,9.692349522917642,True,False,False,4,synthetic_2d_kinematics_ideal_odometry
1789808735.435141,3.9330014087778085,0.3603272598125579,-0.7090299825000038,0.28235294117647053,0.125,0,0,9.699481530352939,True,False,False,4,synthetic_2d_kinematics_ideal_odometry
1789808735.4599662,3.938328083107155,0.35577213352116793,-0.7059271486249991,0.28235294117647053,0.125,0,0,9.706490284517656,True,False,False,4,synthetic_2d_kinematics_ideal_odometry
1789808735.4848495,3.94368540246817,0.35121954818625295,-0.7028147200000042,0.28235294117647053,0.125,0,0,9.713520711529409,True,False,False,4,synthetic_2d_kinematics_ideal_odometry
1789808735.5096934,3.949045772298918,0.3466929972022774,-0.6997087107500001,0.28235294117647053,0.125,0,0,9.720536638305889,True,False,False,4,synthetic_2d_kinematics_ideal_odometry
1789808735.5347078,3.9544557591295955,0.3421533526082923,-0.696582163875005,0.28235294117647053,0.125,0,0,9.727598955952937,True,False,False,4,synthetic_2d_kinematics_ideal_odometry
1789808735.5597212,3.9598805235086076,0.3376301372432372,-0.693455265500004,0.28235294117647053,0.125,0,0,9.734662067576469,True,False,False,4,synthetic_2d_kinematics_ideal_odometry
1789808735.5848064,3.965333820570614,0.3331120010822368,-0.6903200901250038,0.28235294117647053,0.125,0,0,9.741743875482351,True,False,False,4,synthetic_2d_kinematics_ideal_odometry
1789808735.6097236,3.9707665100097307,0.32863949774465423,-0.6872048135000007,0.28235294117647053,0.125,0,0,9.748780735623535,True,False,False,4,synthetic_2d_kinematics_ideal_odometry
1789808735.6348681,3.9755710209117145,0.3247092960391598,-0.6840642463749994,0.24705882352941172,0.125,0,0,9.75498797417648,True,False,False,4,synthetic_2d_kinematics_ideal_odometry
1789808735.6602528,3.980435768386206,0.3207553817514775,-0.6808924775000001,0.24705882352941172,0.125,0,0,9.761256882070596,True,False,False,4,synthetic_2d_kinematics_ideal_odometry
1789808735.685032,3.985200158568592,0.3169077758749409,-0.6777940206249987,0.24705882352941172,0.125,0,0,9.767380890952952,True,False,False,4,synthetic_2d_kinematics_ideal_odometry
1789808735.7103302,3.990071076070339,0.31299925964624714,-0.6746342543750053,0.24705882352941172,0.125,0,0,9.773626076011762,True,False,False,4,synthetic_2d_kinematics_ideal_odometry
1789808735.7350101,3.994838140719078,0.30919848304509656,-0.6715495706250018,0.24705882352941172,0.125,0,0,9.779722862717652,True,False,False,4,synthetic_2d_kinematics_ideal_odometry
1789808735.7599225,3.999667653773288,0.3053723529314816,-0.668432170250005,0.24705882352941172,0.125,0,0,9.785884312870586,True,False,False,4,synthetic_2d_kinematics_ideal_odometry
1789808735.7849934,4.004533822737748,0.3015418755590624,-0.6652988517499998,0.24705882352941172,0.125,0,0,9.79207722472942,True,False,False,4,synthetic_2d_kinematics_ideal_odometry
1789808735.8096213,4.009331358739372,0.2977895104775811,-0.6622172488750002,0.24705882352941172,0.125,0,0,9.798167922176479,True,False,False,4,synthetic_2d_kinematics_ideal_odometry
1789808735.83479,4.014239405485311,0.29397527799457,-0.6590723043749995,0.24705882352941172,0.125,0,0,9.804383812482362,True,False,False,4,synthetic_2d_kinematics_ideal_odometry
1789808735.8597765,4.019126207777512,0.2902020632454969,-0.6559485662500015,0.24705882352941172,0.125,0,0,9.810557789011769,True,False,False,4,synthetic_2d_kinematics_ideal_odometry
1789808735.884846,4.0240390875550265,0.2864331859484643,-0.6528157107500028,0.24705882352941172,0.125,0,0,9.816749785764708,True,False,False,4,synthetic_2d_kinematics_ideal_odometry
1789808735.9098637,4.0282440943062525,0.2832281845328147,-0.6496948146249983,0.2117647058823529,0.125,0,0,9.822036950964716,True,False,False,4,synthetic_2d_kinematics_ideal_odometry
1789808735.9348745,4.032473692576003,0.28002529475836024,-0.6465631140000005,0.2117647058823529,0.125,0,0,9.827342420258828,True,False,False,4,synthetic_2d_kinematics_ideal_odometry
1789808735.959945,4.036711354105457,0.2768371261503874,-0.6434328494999995,0.2117647058823529,0.125,0,0,9.832645456588242,True,False,False,4,synthetic_2d_kinematics_ideal_odometry
1789808735.9850562,4.040975503420637,0.27364992414210976,-0.6402904184999989,0.2117647058823529,0.125,0,0,9.837969104400008,True,False,False,4,synthetic_2d_kinematics_ideal_odometry
1789808736.0098498,4.0451895937021005,0.2705205865200206,-0.6371920892500049,0.2117647058823529,0.125,0,0,9.843218038658822,True,False,False,4,synthetic_2d_kinematics_ideal_odometry
1789808736.0349278,4.0494633415926575,0.26736756490725516,-0.6340571381249994,0.2117647058823529,0.125,0,0,9.848529014682361,True,False,False,4,synthetic_2d_kinematics_ideal_odometry
1789808736.0599675,4.053739984244352,0.2642330476815599,-0.6309272812500005,0.2117647058823529,0.125,0,0,9.853831360447066,True,False,False,4,synthetic_2d_kinematics_ideal_odometry
1789808736.0849864,4.0580233091209665,0.26111418625851257,-0.6277996907500004,0.2117647058823529,0.125,0,0,9.85912986670589,True,False,False,4,synthetic_2d_kinematics_ideal_odometry
1789808736.1096685,4.061551818476511,0.2585533702066079,-0.6277996907500004,0.1764705882352941,0.0,0,0,9.863489701235302,True,False,False,4,synthetic_2d_kinematics_ideal_odometry
1789808736.134762,4.065134651133398,0.2559531290127938,-0.6277996907500004,0.1764705882352941,0.0,0,0,9.86791665776471,True,False,False,4,synthetic_2d_kinematics_ideal_odometry
1789808736.1600146,4.0687420220955905,0.25333507914121234,-0.6277996907500004,0.1764705882352941,0.0,0,0,9.872373933882358,True,False,False,4,synthetic_2d_kinematics_ideal_odometry
1789808736.1849265,4.0723001641994605,0.25075275711895917,-0.6277996907500004,0.1764705882352941,0.0,0,0,9.87677038270589,True,False,False,4,synthetic_2d_kinematics_ideal_odometry
1789808736.2097359,4.0758432022152435,0.24818139689029228,-0.6277996907500004,0.1764705882352941,0.0,0,0,9.881148168882357,True,False,False,4,synthetic_2d_kinematics_ideal_odometry
1789808736.2349553,4.07944654172585,0.24557492776068332,-0.624649578874999,0.1764705882352941,0.125,0,0,9.885595385647065,True,False,False,4,synthetic_2d_kinematics_ideal_odometry
1789808736.259842,4.083015116527623,0.2430105887667154,-0.6215368942499971,0.1764705882352941,0.125,0,0,9.889989763941184,True,False,False,4,synthetic_2d_kinematics_ideal_odometry
1789808736.2848768,4.086610650549468,0.24044385502268736,-0.618407697,0.1764705882352941,0.125,0,0,9.894407454176473,True,False,False,4,synthetic_2d_kinematics_ideal_odometry
1789808736.3096185,4.088743557013974,0.23892130016670762,-0.6215014426250015,0.10588235294117647,-0.125,0,0,9.897028038705887,True,False,False,4,synthetic_2d_kinematics_ideal_odometry
1789808736.33473,4.090902025293022,0.23737032326903304,-0.6246392594999982,0.10588235294117647,-0.125,0,0,9.899685954176473,True,False,False,4,synthetic_2d_kinematics_ideal_odometry
1789808736.3598187,4.093053732278996,0.23581394837918654,-0.6277743282500033,0.10588235294117647,-0.125,0,0,9.902341541823535,True,False,False,4,synthetic_2d_kinematics_ideal_odometry
1789808736.3849926,4.095206509315456,0.23424648155913758,-0.6309181105000029,0.10588235294117647,-0.125,0,0,9.905004510317653,True,False,False,4,synthetic_2d_kinematics_ideal_odometry
1789808736.409965,4.097340879451641,0.2326821585476476,-0.6340421563750006,0.10588235294117647,-0.125,0,0,9.90765076094118,True,False,False,4,synthetic_2d_kinematics_ideal_odometry
1789808736.434906,4.099465185914834,0.231114999070711,-0.6371586143750014,0.10588235294117647,-0.125,0,0,9.91029058418824,True,False,False,4,synthetic_2d_kinematics_ideal_odometry
1789808736.4599314,4.10159294950149,0.2295350052548985,-0.6402873668749982,0.10588235294117647,-0.125,0,0,9.912940821600003,True,False,False,4,synthetic_2d_kinematics_ideal_odometry
1789808736.4850717,4.103725245881039,0.22794124813699512,-0.6434301178749967,0.10588235294117647,-0.125,0,0,9.915602916564708,True,False,False,4,synthetic_2d_kinematics_ideal_odometry
1789808736.5097902,4.107207722153611,0.22531292357041904,-0.6496110283750032,0.1764705882352941,-0.25,0,0,9.919965912211772,True,False,False,4,synthetic_2d_kinematics_ideal_odometry
1789808736.535484,4.110808757913858,0.22255933072371026,-0.6560330351250034,0.1764705882352941,-0.25,0,0,9.924499093447066,True,False,False,4,synthetic_2d_kinematics_ideal_odometry
1789808736.5597463,4.112166264076162,0.22151436596389268,-0.6560330351250034,0.07058823529411765,0.0,0,0,9.926212211752949,True,False,False,4,synthetic_2d_kinematics_ideal_odometry
1789808736.5850027,4.113578697406725,0.2204271200293882,-0.6560330351250034,0.07058823529411765,0.0,0,0,9.927994645941181,True,False,False,4,synthetic_2d_kinematics_ideal_odometry
1789808736.6097143,4.114962161064441,0.21936217402107824,-0.6560330351250034,0.07058823529411765,0.0,0,0,9.929740521564712,True,False,False,4,synthetic_2d_kinematics_ideal_odometry
1789808736.6347475,4.11636231288211,0.21828438200179498,-0.6560330351250034,0.07058823529411765,0.0,0,0,9.931507456976478,True,False,False,4,synthetic_2d_kinematics_ideal_odometry
1789808736.6597004,4.117758150458009,0.217209910947632,-0.6560330351250034,0.07058823529411765,0.0,0,0,9.933268947988243,True,False,False,4,synthetic_2d_kinematics_ideal_odometry
1789808736.684823,4.119163017406485,0.21612848937169027,-0.6560330351250034,0.07058823529411765,0.0,0,0,9.935041833705888,True,False,False,4,synthetic_2d_kinematics_ideal_odometry
1789808736.7097147,4.120553822388689,0.21505444193312992,-0.6591448263750028,0.07058823529411765,-0.125,0,0,9.936799080529417,True,False,False,4,synthetic_2d_kinematics_ideal_odometry
1789808736.7347646,4.121949929762212,0.21396932599424517,-0.6622760445000087,0.07058823529411765,-0.125,0,0,9.938567297823537,True,False,False,4,synthetic_2d_kinematics_ideal_odometry
1789808736.7597141,4.123337044223578,0.21288422956918948,-0.665394683000007,0.07058823529411765,-0.125,0,0,9.94032841132942,True,False,False,4,synthetic_2d_kinematics_ideal_odometry
1789808736.7848482,4.12473081736785,0.21178687490772305,-0.6685359990000042,0.07058823529411765,-0.125,0,0,9.942102330952947,True,False,False,4,synthetic_2d_kinematics_ideal_odometry
1789808736.8096085,4.12610069126025,0.21070140033540474,-0.6716310638750091,0.07058823529411765,-0.125,0,0,9.943850132294127,True,False,False,4,synthetic_2d_kinematics_ideal_odometry
1789808736.8349755,4.127499572283824,0.20958579131693778,-0.6747995452500081,0.07058823529411765,-0.125,0,0,9.945639392364715,True,False,False,4,synthetic_2d_kinematics_ideal_odometry
1789808736.8599713,4.128876005415206,0.2084809800976244,-0.6779250415000081,0.07058823529411765,-0.125,0,0,9.947404378482362,True,False,False,4,synthetic_2d_kinematics_ideal_odometry
1789808736.8850427,4.1302524642573974,0.2073690475622673,-0.6810584823750051,0.07058823529411765,-0.125,0,0,9.949173850976479,True,False,False,4,synthetic_2d_kinematics_ideal_odometry
1789808736.909666,4.132952267984854,0.20517419147542368,-0.6841392150000064,0.1411764705882353,-0.125,0,0,9.952653266647069,True,False,False,4,synthetic_2d_kinematics_ideal_odometry
1789808736.9347298,4.135690573788659,0.20293386916025233,-0.6872718090000066,0.1411764705882353,-0.125,0,0,9.956191255164716,True,False,False,4,synthetic_2d_kinematics_ideal_odometry
1789808736.9598622,4.138428622457088,0.20067938411767527,-0.6904121827500066,0.1411764705882353,-0.125,0,0,9.959738030223539,True,False,False,4,synthetic_2d_kinematics_ideal_odometry
1789808736.984829,4.141143948140791,0.1984293047422878,-0.6935345605000026,0.1411764705882353,-0.125,0,0,9.96326448038824,True,False,False,4,synthetic_2d_kinematics_ideal_odometry
1789808737.0099163,4.1438614503488616,0.19616304852967792,-0.6966675765000022,0.1411764705882353,-0.125,0,0,9.966802945517651,True,False,False,4,synthetic_2d_kinematics_ideal_odometry
1789808737.0350678,4.14522324163102,0.19502376346549646,-0.6966675765000022,0.07058823529411765,0.0,0,0,9.96857845838824,True,False,False,4,synthetic_2d_kinematics_ideal_odometry
1789808737.0600626,4.146576260105596,0.19389181779963527,-0.6966675765000022,0.07058823529411765,0.0,0,0,9.970342533211769,True,False,False,4,synthetic_2d_kinematics_ideal_odometry
1789808737.0850046,4.147926497565685,0.19276219875189204,-0.6966675765000022,0.07058823529411765,0.0,0,0,9.972102982129417,True,False,False,4,synthetic_2d_kinematics_ideal_odometry
1789808737.109895,4.149274513440928,0.1916344382991227,-0.6966675765000022,0.07058823529411765,0.0,0,0,9.973860534529415,True,False,False,4,synthetic_2d_kinematics_ideal_odometry
1789808737.1348515,4.150625631976997,0.19050408213643572,-0.6966675765000022,0.07058823529411765,0.0,0,0,9.975622132200005,True,False,False,4,synthetic_2d_kinematics_ideal_odometry
1789808737.159934,4.151982290615303,0.18936909108159153,-0.6966675765000022,0.07058823529411765,0.0,0,0,9.977390953094122,True,False,False,4,synthetic_2d_kinematics_ideal_odometry
1789808737.1850038,4.153341047669725,0.1882323444756795,-0.6966675765000022,0.07058823529411765,0.0,0,0,9.979162509917652,True,False,False,4,synthetic_2d_kinematics_ideal_odometry
1789808737.2099636,4.154692553632342,0.1871016641889618,-0.6966675765000022,0.07058823529411765,0.0,0,0,9.980924612717649,True,False,False,4,synthetic_2d_kinematics_ideal_odometry
1789808737.2347288,4.157368415345792,0.18484889323319176,-0.7028617512500094,0.1411764705882353,-0.25,0,0,9.9844224996353,True,False,False,4,synthetic_2d_kinematics_ideal_odometry
1789808737.2597368,4.160055289203866,0.18255812740034896,-0.7091142975000057,0.1411764705882353,-0.25,0,0,9.987953349282357,True,False,False,4,synthetic_2d_kinematics_ideal_odometry
1789808737.2848365,4.162737093154569,0.18024252076823152,-0.7153886742500052,0.1411764705882353,-0.25,0,0,9.99149652674118,True,False,False,4,synthetic_2d_kinematics_ideal_odometry
1789808737.309682,4.163398267967272,0.17966799812003043,-0.7153886742500052,0.03529411764705882,0.0,0,0,9.992372442494121,True,False,False,4,synthetic_2d_kinematics_ideal_odometry
1789808737.3347661,4.164067105552696,0.17908681696580162,-0.7153886742500052,0.03529411764705882,0.0,0,0,9.99325850978824,True,False,False,4,synthetic_2d_kinematics_ideal_odometry
1789808737.3596883,4.164730814277858,0.17851009249431826,-0.7153886742500052,0.03529411764705882,0.0,0,0,9.994137782435297,True,False,False,4,synthetic_2d_kinematics_ideal_odometry
1789808737.3849096,4.165402230266802,0.17792667085664948,-0.7153886742500052,0.03529411764705882,0.0,0,0,9.99502726556471,True,False,False,4,synthetic_2d_kinematics_ideal_odometry
1789808737.4099252,4.166069070469994,0.1773472253119866,-0.7153886742500052,0.03529411764705882,0.0,0,0,9.995910686752945,True,False,False,4,synthetic_2d_kinematics_ideal_odometry
1789808737.4349759,4.16673656381262,0.17676721222695335,-0.7153886742500052,0.03529411764705882,0.0,0,0,9.996794973211768,True,False,False,4,synthetic_2d_kinematics_ideal_odometry
1789808737.4599922,4.167402860425625,0.17618823903070338,-0.7153886742500052,0.03529411764705882,0.0,0,0,9.997677674258826,True,False,False,4,synthetic_2d_kinematics_ideal_odometry
1789808737.4850202,4.1680699096835205,0.1756086118296006,-0.7153886742500052,0.03529411764705882,0.0,0,0,9.998561372400001,True,False,False,4,synthetic_2d_kinematics_ideal_odometry
1789808737.5098152,4.168730389556507,0.17503469304379543,-0.7153886742500052,0.03529411764705882,0.0,0,0,9.999436367505885,True,False,False,4,synthetic_2d_kinematics_ideal_odometry
1789808737.5349488,4.168730389556507,0.17503469304379543,-0.7059692341250045,0.0,0.375,0,0,9.999436367505885,True,False,False,4,synthetic_2d_kinematics_ideal_odometry
1789808737.5598903,4.168730389556507,0.17503469304379543,-0.6966095588750153,0.0,0.375,0,0,9.999436367505885,True,False,False,4,synthetic_2d_kinematics_ideal_odometry
1789808737.5851097,4.168730389556507,0.17503469304379543,-0.6871561876250115,0.0,0.375,0,0,9.999436367505885,True,False,False,4,synthetic_2d_kinematics_ideal_odometry
1789808737.6099167,4.168730389556507,0.17503469304379543,-0.6778514468750007,0.0,0.375,0,0,9.999436367505885,True,False,False,4,synthetic_2d_kinematics_ideal_odometry
1789808737.6349292,4.168730389556507,0.17503469304379543,-0.6684725108750033,0.0,0.375,0,0,9.999436367505885,True,False,False,4,synthetic_2d_kinematics_ideal_odometry
1789808737.6602533,4.168730389556507,0.17503469304379543,-0.6589779691250089,0.0,0.375,0,0,9.999436367505885,True,False,False,4,synthetic_2d_kinematics_ideal_odometry
1789808737.6849754,4.168730389556507,0.17503469304379543,-0.6497030105000096,0.0,0.375,0,0,9.999436367505885,True,False,False,4,synthetic_2d_kinematics_ideal_odometry
1789808737.7097437,4.168730389556507,0.17503469304379543,-0.6404109319999992,0.0,0.375,0,0,9.999436367505885,True,False,False,4,synthetic_2d_kinematics_ideal_odometry
1789808737.7347603,4.168730389556507,0.17503469304379543,-0.6310305965000086,0.0,0.375,0,0,9.999436367505885,True,False,False,4,synthetic_2d_kinematics_ideal_odometry
1789808737.759696,4.168730389556507,0.17503469304379543,-0.6216764236250018,0.0,0.375,0,0,9.999436367505885,True,False,False,4,synthetic_2d_kinematics_ideal_odometry
1789808737.784858,4.168730389556507,0.17503469304379543,-0.6122422955000008,0.0,0.375,0,0,9.999436367505885,True,False,False,4,synthetic_2d_kinematics_ideal_odometry
1789808737.8200362,4.168730389556507,0.17503469304379543,-0.5990469406249989,0.0,0.375,0,0,9.999436367505885,True,False,False,4,synthetic_2d_kinematics_ideal_odometry
1789808737.8347452,4.168730389556507,0.17503469304379543,-0.5935351107500084,0.0,0.375,0,0,9.999436367505885,True,False,False,4,synthetic_2d_kinematics_ideal_odometry
1789808737.8597567,4.168730389556507,0.17503469304379543,-0.584155618625009,0.0,0.375,0,0,9.999436367505885,True,False,False,4,synthetic_2d_kinematics_ideal_odometry
1789808737.884977,4.168730389556507,0.17503469304379543,-0.5747027810000107,0.0,0.375,0,0,9.999436367505885,True,False,False,4,synthetic_2d_kinematics_ideal_odometry
1789808737.9099329,4.168730389556507,0.17503469304379543,-0.5653445236250123,0.0,0.375,0,0,9.999436367505885,True,False,False,4,synthetic_2d_kinematics_ideal_odometry
1789808737.934828,4.168730389556507,0.17503469304379543,-0.5560090823750032,0.0,0.375,0,0,9.999436367505885,True,False,False,4,synthetic_2d_kinematics_ideal_odometry
1789808737.959742,4.168730389556507,0.17503469304379543,-0.5466647768750095,0.0,0.375,0,0,9.999436367505885,True,False,False,4,synthetic_2d_kinematics_ideal_odometry
1789808737.9851031,4.168730389556507,0.17503469304379543,-0.5371551151250005,0.0,0.375,0,0,9.999436367505885,True,False,False,4,synthetic_2d_kinematics_ideal_odometry
1789808738.0098991,4.168730389556507,0.17503469304379543,-0.5278665976250183,0.0,0.375,0,0,9.999436367505885,True,False,False,4,synthetic_2d_kinematics_ideal_odometry
1789808738.0348883,4.168730389556507,0.17503469304379543,-0.5216141856250092,0.0,0.25,0,0,9.999436367505885,True,False,False,4,synthetic_2d_kinematics_ideal_odometry
1789808738.0600095,4.168730389556507,0.17503469304379543,-0.5153339403750126,0.0,0.25,0,0,9.999436367505885,True,False,False,4,synthetic_2d_kinematics_ideal_odometry
1789808738.085082,4.168730389556507,0.17503469304379543,-0.5090666863750188,0.0,0.25,0,0,9.999436367505885,True,False,False,4,synthetic_2d_kinematics_ideal_odometry
1789808738.1098156,4.168730389556507,0.17503469304379543,-0.5028810086250077,0.0,0.25,0,0,9.999436367505885,True,False,False,4,synthetic_2d_kinematics_ideal_odometry
1789808738.1349664,4.168730389556507,0.17503469304379543,-0.4965969303750173,0.0,0.25,0,0,9.999436367505885,True,False,False,4,synthetic_2d_kinematics_ideal_odometry
1789808738.159777,4.168730389556507,0.17503469304379543,-0.49039040962501895,0.0,0.25,0,0,9.999436367505885,True,False,False,4,synthetic_2d_kinematics_ideal_odometry
1789808738.1849966,4.168730389556507,0.17503469304379543,-0.48408573312501085,0.0,0.25,0,0,9.999436367505885,True,False,False,4,synthetic_2d_kinematics_ideal_odometry
1789808738.209741,4.168730389556507,0.17503469304379543,-0.4778958166250052,0.0,0.25,0,0,9.999436367505885,True,False,False,4,synthetic_2d_kinematics_ideal_odometry
1789808738.2348156,4.168730389556507,0.17503469304379543,-0.471627354625011,0.0,0.25,0,0,9.999436367505885,True,False,False,4,synthetic_2d_kinematics_ideal_odometry
1789808738.259879,4.168730389556507,0.17503469304379543,-0.46536368662500843,0.0,0.25,0,0,9.999436367505885,True,False,False,4,synthetic_2d_kinematics_ideal_odometry
1789808738.284853,4.168730389556507,0.17503469304379543,-0.45911969812500525,0.0,0.25,0,0,9.999436367505885,True,False,False,4,synthetic_2d_kinematics_ideal_odometry
1789808738.309618,4.168730389556507,0.17503469304379543,-0.45292773662501157,0.0,0.25,0,0,9.999436367505885,True,False,False,4,synthetic_2d_kinematics_ideal_odometry
1789808738.3347895,4.168730389556507,0.17503469304379543,-0.44663333337501593,0.0,0.25,0,0,9.999436367505885,True,False,False,4,synthetic_2d_kinematics_ideal_odometry
1789808738.3595667,4.168730389556507,0.17503469304379543,-0.4404375281250142,0.0,0.25,0,0,9.999436367505885,True,False,False,4,synthetic_2d_kinematics_ideal_odometry
1789808738.3848019,4.168730389556507,0.17503469304379543,-0.4341306421250098,0.0,0.25,0,0,9.999436367505885,True,False,False,4,synthetic_2d_kinematics_ideal_odometry
1789808738.4098322,4.168730389556507,0.17503469304379543,-0.42787810812501187,0.0,0.25,0,0,9.999436367505885,True,False,False,4,synthetic_2d_kinematics_ideal_odometry
1789808738.4349222,4.168730389556507,0.17503469304379543,-0.42160467262500584,0.0,0.25,0,0,9.999436367505885,True,False,False,4,synthetic_2d_kinematics_ideal_odometry
1789808738.459892,4.168730389556507,0.17503469304379543,-0.41536790612501046,0.0,0.25,0,0,9.999436367505885,True,False,False,4,synthetic_2d_kinematics_ideal_odometry
1789808738.4849803,4.168730389556507,0.17503469304379543,-0.4090904133750089,0.0,0.25,0,0,9.999436367505885,True,False,False,4,synthetic_2d_kinematics_ideal_odometry
1789808738.5098367,4.168730389556507,0.17503469304379543,-0.4028751301250085,0.0,0.25,0,0,9.999436367505885,True,False,False,4,synthetic_2d_kinematics_ideal_odometry
1789808738.5347767,4.168730389556507,0.17503469304379543,-0.3966385068750187,0.0,0.25,0,0,9.999436367505885,True,False,False,4,synthetic_2d_kinematics_ideal_odometry
1789808738.5596542,4.168730389556507,0.17503469304379543,-0.3904167666250063,0.0,0.25,0,0,9.999436367505885,True,False,False,4,synthetic_2d_kinematics_ideal_odometry
1789808738.5849738,4.168730389556507,0.17503469304379543,-0.3840892081250163,0.0,0.25,0,0,9.999436367505885,True,False,False,4,synthetic_2d_kinematics_ideal_odometry
1789808738.609687,4.168730389556507,0.17503469304379543,-0.37790874037501704,0.0,0.25,0,0,9.999436367505885,True,False,False,4,synthetic_2d_kinematics_ideal_odometry
1789808738.6348672,4.168730389556507,0.17503469304379543,-0.3716194331250167,0.0,0.25,0,0,9.999436367505885,True,False,False,4,synthetic_2d_kinematics_ideal_odometry
1789808738.6601865,4.168730389556507,0.17503469304379543,-0.36529189462501416,0.0,0.25,0,0,9.999436367505885,True,False,False,4,synthetic_2d_kinematics_ideal_odometry
1789808738.6851666,4.168730389556507,0.17503469304379543,-0.35904413612501873,0.0,0.25,0,0,9.999436367505885,True,False,False,4,synthetic_2d_kinematics_ideal_odometry
1789808738.7097723,4.168730389556507,0.17503469304379543,-0.3528908111250191,0.0,0.25,0,0,9.999436367505885,True,False,False,4,synthetic_2d_kinematics_ideal_odometry
1789808738.7348778,4.168730389556507,0.17503469304379543,-0.34661526887501015,0.0,0.25,0,0,9.999436367505885,True,False,False,4,synthetic_2d_kinematics_ideal_odometry
1789808738.7598395,4.168730389556507,0.17503469304379543,-0.3403728981250085,0.0,0.25,0,0,9.999436367505885,True,False,False,4,synthetic_2d_kinematics_ideal_odometry
1789808738.7855089,4.168730389556507,0.17503469304379543,-0.33396012712500767,0.0,0.25,0,0,9.999436367505885,True,False,False,4,synthetic_2d_kinematics_ideal_odometry
1789808738.8210235,4.168730389556507,0.17503469304379543,-0.32507662812501525,0.0,0.25,0,0,9.999436367505885,True,False,False,4,synthetic_2d_kinematics_ideal_odometry
1789808738.8347251,4.168730389556507,0.17503469304379543,-0.32164915512501313,0.0,0.25,0,0,9.999436367505885,True,False,False,4,synthetic_2d_kinematics_ideal_odometry
1789808738.8597636,4.168730389556507,0.17503469304379543,-0.3153896398750051,0.0,0.25,0,0,9.999436367505885,True,False,False,4,synthetic_2d_kinematics_ideal_odometry
1789808738.8848612,4.168730389556507,0.17503469304379543,-0.30911500612500925,0.0,0.25,0,0,9.999436367505885,True,False,False,4,synthetic_2d_kinematics_ideal_odometry
1789808738.9097135,4.168730389556507,0.17503469304379543,-0.30600938875001044,0.0,0.125,0,0,9.999436367505885,True,False,False,4,synthetic_2d_kinematics_ideal_odometry
1789808738.934797,4.168730389556507,0.17503469304379543,-0.3028745613750106,0.0,0.125,0,0,9.999436367505885,True,False,False,4,synthetic_2d_kinematics_ideal_odometry
1789808738.9596684,4.168730389556507,0.17503469304379543,-0.2997656725000129,0.0,0.125,0,0,9.999436367505885,True,False,False,4,synthetic_2d_kinematics_ideal_odometry
1789808738.9848964,4.168730389556507,0.17503469304379543,-0.2966122223750079,0.0,0.125,0,0,9.999436367505885,True,False,False,4,synthetic_2d_kinematics_ideal_odometry
1789808739.0098567,4.168730389556507,0.17503469304379543,-0.29349249625000795,0.0,0.125,0,0,9.999436367505885,True,False,False,4,synthetic_2d_kinematics_ideal_odometry
1789808739.035397,4.168730389556507,0.17503469304379543,-0.29030438375000955,0.0,0.125,0,0,9.999436367505885,True,False,False,4,synthetic_2d_kinematics_ideal_odometry
1789808739.0601156,4.168730389556507,0.17503469304379543,-0.2872109266250124,0.0,0.125,0,0,9.999436367505885,True,False,False,4,synthetic_2d_kinematics_ideal_odometry
1789808739.085199,4.168730389556507,0.17503469304379543,-0.2840793193750077,0.0,0.125,0,0,9.999436367505885,True,False,False,4,synthetic_2d_kinematics_ideal_odometry
1789808739.1098008,4.168730389556507,0.17503469304379543,-0.28099971487501313,0.0,0.125,0,0,9.999436367505885,True,False,False,4,synthetic_2d_kinematics_ideal_odometry
1789808739.1349864,4.168730389556507,0.17503469304379543,-0.27785161525001206,0.0,0.125,0,0,9.999436367505885,True,False,False,4,synthetic_2d_kinematics_ideal_odometry
1789808739.159709,4.168730389556507,0.17503469304379543,-0.2747591608750117,0.0,0.125,0,0,9.999436367505885,True,False,False,4,synthetic_2d_kinematics_ideal_odometry
1789808739.1848674,4.168730389556507,0.17503469304379543,-0.2716151516250111,0.0,0.125,0,0,9.999436367505885,True,False,False,4,synthetic_2d_kinematics_ideal_odometry
1789808739.2096941,4.168730389556507,0.17503469304379543,-0.26851097950001196,0.0,0.125,0,0,9.999436367505885,True,False,False,4,synthetic_2d_kinematics_ideal_odometry
1789808739.2347286,4.168730389556507,0.17503469304379543,-0.26538230187501205,0.0,0.125,0,0,9.999436367505885,True,False,False,4,synthetic_2d_kinematics_ideal_odometry
1789808739.259927,4.168730389556507,0.17503469304379543,-0.2622319855000132,0.0,0.125,0,0,9.999436367505885,True,False,False,4,synthetic_2d_kinematics_ideal_odometry
1789808739.2850904,4.168730389556507,0.17503469304379543,-0.25908864212501215,0.0,0.125,0,0,9.999436367505885,True,False,False,4,synthetic_2d_kinematics_ideal_odometry
1789808739.309792,4.168730389556507,0.17503469304379543,-0.2560011820000102,0.0,0.125,0,0,9.999436367505885,True,False,False,4,synthetic_2d_kinematics_ideal_odometry
1789808739.33493,4.168730389556507,0.17503469304379543,-0.2528597602500088,0.0,0.125,0,0,9.999436367505885,True,False,False,4,synthetic_2d_kinematics_ideal_odometry
1789808739.3602495,4.168730389556507,0.17503469304379543,-0.24969675100001354,0.0,0.125,0,0,9.999436367505885,True,False,False,4,synthetic_2d_kinematics_ideal_odometry
1789808739.385027,4.168730389556507,0.17503469304379543,-0.24659695462500966,0.0,0.125,0,0,9.999436367505885,True,False,False,4,synthetic_2d_kinematics_ideal_odometry
1789808739.4098861,4.168730389556507,0.17503469304379543,-0.2434891603750106,0.0,0.125,0,0,9.999436367505885,True,False,False,4,synthetic_2d_kinematics_ideal_odometry
1789808739.4350529,4.168730389556507,0.17503469304379543,-0.2434891603750106,0.0,0.0,0,0,9.999436367505885,True,False,False,4,synthetic_2d_kinematics_ideal_odometry
1789808739.4598815,4.168730389556507,0.17503469304379543,-0.2434891603750106,0.0,0.0,0,0,9.999436367505885,True,False,False,4,synthetic_2d_kinematics_ideal_odometry
1789808739.4849126,4.168730389556507,0.17503469304379543,-0.2434891603750106,0.0,0.0,0,0,9.999436367505885,True,False,False,4,synthetic_2d_kinematics_ideal_odometry
1789808739.509868,4.168730389556507,0.17503469304379543,-0.2434891603750106,0.0,0.0,0,0,9.999436367505885,True,False,False,4,synthetic_2d_kinematics_ideal_odometry
1789808739.5349236,4.168730389556507,0.17503469304379543,-0.2434891603750106,0.0,0.0,0,0,9.999436367505885,True,False,False,4,synthetic_2d_kinematics_ideal_odometry
1789808739.5599675,4.168730389556507,0.17503469304379543,-0.2434891603750106,0.0,0.0,0,0,9.999436367505885,True,False,False,4,synthetic_2d_kinematics_ideal_odometry
1789808739.5851016,4.168730389556507,0.17503469304379543,-0.2434891603750106,0.0,0.0,0,0,9.999436367505885,True,False,False,4,synthetic_2d_kinematics_ideal_odometry
1789808739.6101465,4.168730389556507,0.17503469304379543,-0.2434891603750106,0.0,0.0,0,0,9.999436367505885,True,False,False,4,synthetic_2d_kinematics_ideal_odometry
1789808739.6347525,4.168730389556507,0.17503469304379543,-0.2434891603750106,0.0,0.0,0,0,9.999436367505885,True,False,False,4,synthetic_2d_kinematics_ideal_odometry
1789808739.6598332,4.168730389556507,0.17503469304379543,-0.2434891603750106,0.0,0.0,0,0,9.999436367505885,True,False,False,4,synthetic_2d_kinematics_ideal_odometry
1789808739.6849713,4.168730389556507,0.17503469304379543,-0.2434891603750106,0.0,0.0,0,0,9.999436367505885,True,False,False,4,synthetic_2d_kinematics_ideal_odometry
1789808739.7097847,4.168730389556507,0.17503469304379543,-0.2434891603750106,0.0,0.0,0,0,9.999436367505885,True,False,False,4,synthetic_2d_kinematics_ideal_odometry
1789808739.7347836,4.168730389556507,0.17503469304379543,-0.2434891603750106,0.0,0.0,0,0,9.999436367505885,True,False,False,4,synthetic_2d_kinematics_ideal_odometry
1789808739.7598014,4.168730389556507,0.17503469304379543,-0.2434891603750106,0.0,0.0,0,0,9.999436367505885,True,False,False,4,synthetic_2d_kinematics_ideal_odometry
1789808739.7848737,4.168730389556507,0.17503469304379543,-0.2434891603750106,0.0,0.0,0,0,9.999436367505885,True,False,False,4,synthetic_2d_kinematics_ideal_odometry
1789808739.824497,4.168730389556507,0.17503469304379543,-0.2434891603750106,0.0,0.0,0,0,9.999436367505885,True,False,False,4,synthetic_2d_kinematics_ideal_odometry
1789808739.8349638,4.168730389556507,0.17503469304379543,-0.2434891603750106,0.0,0.0,0,0,9.999436367505885,True,False,False,4,synthetic_2d_kinematics_ideal_odometry
1789808739.8604639,4.168730389556507,0.17503469304379543,-0.2434891603750106,0.0,0.0,0,0,9.999436367505885,True,False,False,4,synthetic_2d_kinematics_ideal_odometry
1789808739.8850312,4.168730389556507,0.17503469304379543,-0.2434891603750106,0.0,0.0,0,0,9.999436367505885,True,False,False,4,synthetic_2d_kinematics_ideal_odometry
1789808739.9100368,4.168730389556507,0.17503469304379543,-0.2434891603750106,0.0,0.0,0,0,9.999436367505885,True,False,False,4,synthetic_2d_kinematics_ideal_odometry
1789808739.9349597,4.168730389556507,0.17503469304379543,-0.2434891603750106,0.0,0.0,0,0,9.999436367505885,True,False,False,4,synthetic_2d_kinematics_ideal_odometry
1789808739.9598024,4.168730389556507,0.17503469304379543,-0.2434891603750106,0.0,0.0,0,0,9.999436367505885,True,False,False,4,synthetic_2d_kinematics_ideal_odometry
1789808739.984851,4.168730389556507,0.17503469304379543,-0.2434891603750106,0.0,0.0,0,0,9.999436367505885,True,False,False,4,synthetic_2d_kinematics_ideal_odometry
1789808740.0100012,4.168730389556507,0.17503469304379543,-0.2434891603750106,0.0,0.0,0,0,9.999436367505885,True,False,False,4,synthetic_2d_kinematics_ideal_odometry
1789808740.0347216,4.168730389556507,0.17503469304379543,-0.2434891603750106,0.0,0.0,0,0,9.999436367505885,True,False,False,4,synthetic_2d_kinematics_ideal_odometry
1789808740.059802,4.168730389556507,0.17503469304379543,-0.2434891603750106,0.0,0.0,0,0,9.999436367505885,True,False,False,4,synthetic_2d_kinematics_ideal_odometry
1789808740.08485,4.168730389556507,0.17503469304379543,-0.2434891603750106,0.0,0.0,0,0,9.999436367505885,True,False,False,4,synthetic_2d_kinematics_ideal_odometry
1789808740.1100516,4.168730389556507,0.17503469304379543,-0.2434891603750106,0.0,0.0,0,0,9.999436367505885,True,False,False,4,synthetic_2d_kinematics_ideal_odometry
1789808740.1348765,4.168730389556507,0.17503469304379543,-0.2434891603750106,0.0,0.0,0,0,9.999436367505885,True,False,False,4,synthetic_2d_kinematics_ideal_odometry
1789808740.160469,4.168730389556507,0.17503469304379543,-0.2434891603750106,0.0,0.0,0,0,9.999436367505885,True,False,False,4,synthetic_2d_kinematics_ideal_odometry
1789808740.185039,4.168730389556507,0.17503469304379543,-0.2434891603750106,0.0,0.0,0,0,9.999436367505885,True,False,False,4,synthetic_2d_kinematics_ideal_odometry
1789808740.209921,4.168730389556507,0.17503469304379543,-0.2434891603750106,0.0,0.0,0,0,9.999436367505885,True,False,False,4,synthetic_2d_kinematics_ideal_odometry
1789808740.2348819,4.168730389556507,0.17503469304379543,-0.2434891603750106,0.0,0.0,0,0,9.999436367505885,True,False,False,4,synthetic_2d_kinematics_ideal_odometry
1789808740.2600007,4.168730389556507,0.17503469304379543,-0.2434891603750106,0.0,0.0,0,0,9.999436367505885,True,False,False,4,synthetic_2d_kinematics_ideal_odometry
1789808740.2849858,4.168730389556507,0.17503469304379543,-0.2434891603750106,0.0,0.0,0,0,9.999436367505885,True,False,False,4,synthetic_2d_kinematics_ideal_odometry
1789808740.3096507,4.168730389556507,0.17503469304379543,-0.2434891603750106,0.0,0.0,0,0,9.999436367505885,True,False,False,4,synthetic_2d_kinematics_ideal_odometry
1789808740.3348382,4.168730389556507,0.17503469304379543,-0.2434891603750106,0.0,0.0,0,0,9.999436367505885,True,False,False,4,synthetic_2d_kinematics_ideal_odometry
1789808740.3600495,4.168730389556507,0.17503469304379543,-0.2434891603750106,0.0,0.0,0,0,9.999436367505885,True,False,False,4,synthetic_2d_kinematics_ideal_odometry
1789808740.3850718,4.168730389556507,0.17503469304379543,-0.2434891603750106,0.0,0.0,0,0,9.999436367505885,True,False,False,4,synthetic_2d_kinematics_ideal_odometry
1789808740.4100745,4.168730389556507,0.17503469304379543,-0.2434891603750106,0.0,0.0,0,0,9.999436367505885,True,False,False,4,synthetic_2d_kinematics_ideal_odometry
1789808740.4347699,4.168730389556507,0.17503469304379543,-0.2434891603750106,0.0,0.0,0,0,9.999436367505885,True,False,False,4,synthetic_2d_kinematics_ideal_odometry
1789808740.4597912,4.168730389556507,0.17503469304379543,-0.2434891603750106,0.0,0.0,0,0,9.999436367505885,True,False,False,4,synthetic_2d_kinematics_ideal_odometry
1789808740.484752,4.168730389556507,0.17503469304379543,-0.2434891603750106,0.0,0.0,0,0,9.999436367505885,True,False,False,4,synthetic_2d_kinematics_ideal_odometry
1789808740.5098228,4.168730389556507,0.17503469304379543,-0.2434891603750106,0.0,0.0,0,0,9.999436367505885,True,False,False,4,synthetic_2d_kinematics_ideal_odometry
1789808740.5347548,4.168730389556507,0.17503469304379543,-0.2434891603750106,0.0,0.0,0,0,9.999436367505885,True,False,False,4,synthetic_2d_kinematics_ideal_odometry
