stamp,x,y,yaw,v,w,collisions,blocked_commands,distance,quality_enabled,top_blocked,all_blocked,reset_sequence,evidence
1789808688.6598527,-4.3,0.0,0.0,0.0,0.0,0,0,0.0,True,False,False,3,synthetic_2d_kinematics_ideal_odometry
1789808688.6848207,-4.3,0.0,0.0,0.0,0.0,0,0,0.0,True,False,False,3,synthetic_2d_kinematics_ideal_odometry
1789808688.7097456,-4.285048154353211,0.00016302696393618422,0.021806070999971894,0.5999999999999999,0.875,0,0,0.014952734399980917,True,False,False,3,synthetic_2d_kinematics_ideal_odometry
1789808688.7347403,-4.270057472751936,0.0006540369086423124,0.043679205499984164,0.5999999999999999,0.875,0,0,0.029951455199989367,True,False,False,3,synthetic_2d_kinematics_ideal_odometry
1789808688.7600994,-4.25487785583886,0.0014861699819842256,0.06584938412498786,0.5999999999999999,0.875,0,0,0.04515386339999152,True,False,False,3,synthetic_2d_kinematics_ideal_odometry
1789808688.7850664,-4.2399405478944665,0.0026117530469096503,0.08457395462497175,0.5999999999999999,0.75,0,0,0.06013351979997887,True,False,False,3,synthetic_2d_kinematics_ideal_odometry
1789808688.8096955,-4.225223633432978,0.00399645033737657,0.10305134612499955,0.5999999999999999,0.75,0,0,0.07491543300000145,True,False,False,3,synthetic_2d_kinematics_ideal_odometry
1789808688.8347683,-4.210275669319643,0.00568451847182959,0.12185506937500179,0.5999999999999999,0.75,0,0,0.08995841160000327,True,False,False,3,synthetic_2d_kinematics_ideal_odometry
1789808688.8599567,-4.195298089336577,0.007662413415514193,0.14073958562498493,0.5999999999999999,0.75,0,0,0.10506602459998997,True,False,False,3,synthetic_2d_kinematics_ideal_odometry
1789808688.8850117,-4.18043067811828,0.009911492924087991,0.1595352913749793,0.5999999999999999,0.75,0,0,0.12010258919998558,True,False,False,3,synthetic_2d_kinematics_ideal_odometry
1789808688.9099174,-4.165696793881691,0.012400000705504082,0.17510045512498357,0.5999999999999999,0.625,0,0,0.13504514639998938,True,False,False,3,synthetic_2d_kinematics_ideal_odometry
1789808688.9347808,-4.1510188448414995,0.015114557416132999,0.19064926262498014,0.5999999999999999,0.625,0,0,0.14997200159998608,True,False,False,3,synthetic_2d_kinematics_ideal_odometry
1789808688.960099,-4.13612898432987,0.018110562941914196,0.20647039262499342,0.5999999999999999,0.625,0,0,0.16516028639999844,True,False,False,3,synthetic_2d_kinematics_ideal_odometry
1789808688.9847567,-4.121670936866169,0.02127876646352816,0.2249717713750102,0.5999999999999999,0.75,0,0,0.17996138940001227,True,False,False,3,synthetic_2d_kinematics_ideal_odometry
1789808689.0099125,-4.106996012320802,0.02478300567162006,0.2438311648749903,0.5999999999999999,0.75,0,0,0.1950489041999963,True,False,False,3,synthetic_2d_kinematics_ideal_odometry
1789808689.0347378,-4.092568267006294,0.028491457723029072,0.25934858799999466,0.5999999999999999,0.625,0,0,0.20994563040000044,True,False,False,3,synthetic_2d_kinematics_ideal_odometry
1789808689.0598795,-4.078019555310119,0.032474184977614305,0.2750610904999818,0.5999999999999999,0.625,0,0,0.22502963279998847,True,False,False,3,synthetic_2d_kinematics_ideal_odometry
1789808689.085076,-4.063531657323842,0.03668607269051276,0.29077746174998254,0.5999999999999999,0.625,0,0,0.2401173491999889,True,False,False,3,synthetic_2d_kinematics_ideal_odometry
1789808689.1097322,-4.0493595340158866,0.04104674709320053,0.3062231186249776,0.5999999999999999,0.625,0,0,0.25494517979998377,True,False,False,3,synthetic_2d_kinematics_ideal_odometry
1789808689.1348443,-4.035025347485027,0.045702836770875874,0.3219225273749871,0.5999999999999999,0.625,0,0,0.2700166121999928,True,False,False,3,synthetic_2d_kinematics_ideal_odometry
1789808689.159734,-4.020895287002392,0.050538011921717266,0.337479236749978,0.5999999999999999,0.625,0,0,0.2849510531999843,True,False,False,3,synthetic_2d_kinematics_ideal_odometry
1789808689.1847742,-4.006753485975098,0.05560004046084227,0.34999629925000175,0.5999999999999999,0.5,0,0,0.2999715282000129,True,False,False,3,synthetic_2d_kinematics_ideal_odometry
1789808689.209798,-3.9926858657402566,0.060834997832177246,0.3625047052499967,0.5999999999999999,0.5,0,0,0.3149816154000067,True,False,False,3,synthetic_2d_kinematics_ideal_odometry
1789808689.2349617,-3.979436430511757,0.0659555787767271,0.3750816082499925,0.5647058823529411,0.5,0,0,0.3291861176117666,True,False,False,3,synthetic_2d_kinematics_ideal_odometry
1789808689.2598183,-3.9664082795343876,0.07117876933556588,0.38750947874999764,0.5647058823529411,0.5,0,0,0.3432223007647137,True,False,False,3,synthetic_2d_kinematics_ideal_odometry
1789808689.2850528,-3.95324833575692,0.07664706266679629,0.40012740724998974,0.5647058823529411,0.5,0,0,0.3574731376588224,True,False,False,3,synthetic_2d_kinematics_ideal_odometry
1789808689.3101408,-3.9394231631296086,0.08257108788719819,0.40952798637499666,0.5999999999999999,0.375,0,0,0.37251406425883327,True,False,False,3,synthetic_2d_kinematics_ideal_odometry
1789808689.3349295,-3.925796359872335,0.08856156024939812,0.41883136962499645,0.5999999999999999,0.375,0,0,0.3873994774588328,True,False,False,3,synthetic_2d_kinematics_ideal_odometry
1789808689.360054,-3.9120582692995285,0.09475504900178844,0.42824990262499807,0.5999999999999999,0.375,0,0,0.4024691302588353,True,False,False,3,synthetic_2d_kinematics_ideal_odometry
1789808689.3849802,-3.899282130915643,0.10065971672261363,0.43759632724998465,0.5647058823529411,0.375,0,0,0.4165437461646973,True,False,False,3,synthetic_2d_kinematics_ideal_odometry
1789808689.4098768,-3.886570302751749,0.10667943071168813,0.44693644437499824,0.5647058823529411,0.375,0,0,0.4306088637176591,True,False,False,3,synthetic_2d_kinematics_ideal_odometry
1789808689.434833,-3.873122046474787,0.11320235879366818,0.4562781391249971,0.5999999999999999,0.375,0,0,0.4455555753176575,True,False,False,3,synthetic_2d_kinematics_ideal_odometry
1789808689.460114,-3.859517078023585,0.11996030596948222,0.46577248399998444,0.5999999999999999,0.375,0,0,0.4607465271176371,True,False,False,3,synthetic_2d_kinematics_ideal_odometry
1789808689.4852433,-3.8460722386074524,0.12679805057391055,0.47519980587497923,0.5999999999999999,0.375,0,0,0.4758302421176288,True,False,False,3,synthetic_2d_kinematics_ideal_odometry
1789808689.5098143,-3.8329928132248687,0.1336041396870184,0.4844149898749849,0.5999999999999999,0.375,0,0,0.4905745365176379,True,False,False,3,synthetic_2d_kinematics_ideal_odometry
1789808689.5350394,-3.8196406867532176,0.14071129378935301,0.4938686374999863,0.5999999999999999,0.375,0,0,0.5057003727176402,True,False,False,3,synthetic_2d_kinematics_ideal_odometry
1789808689.5605485,-3.8061963782813337,0.14803244785432612,0.5034364204999948,0.5999999999999999,0.375,0,0,0.5210088255176537,True,False,False,3,synthetic_2d_kinematics_ideal_odometry
1789808689.584889,-3.794176331052681,0.1547245071065603,0.512572173124987,0.5647058823529411,0.375,0,0,0.5347661941764654,True,False,False,3,synthetic_2d_kinematics_ideal_odometry
1789808689.6097574,-3.7819701409628257,0.16166856121637485,0.5218977237499944,0.5647058823529411,0.375,0,0,0.5488093762941236,True,False,False,3,synthetic_2d_kinematics_ideal_odometry
1789808689.6347342,-3.769781105573129,0.16875442302312466,0.531260346124981,0.5647058823529411,0.375,0,0,0.5629083841058682,True,False,False,3,synthetic_2d_kinematics_ideal_odometry
1789808689.660081,-3.757475922742447,0.17606397599455953,0.5407647274999834,0.5647058823529411,0.375,0,0,0.577220864294107,True,False,False,3,synthetic_2d_kinematics_ideal_odometry
1789808689.6850026,-3.7454512470339107,0.18336104987713805,0.5501051416249896,0.5647058823529411,0.375,0,0,0.5912864290941166,True,False,False,3,synthetic_2d_kinematics_ideal_odometry
1789808689.7098281,-3.7327756267146515,0.19121588909265322,0.5594251857499943,0.5999999999999999,0.375,0,0,0.6061984996941242,True,False,False,3,synthetic_2d_kinematics_ideal_odometry
1789808689.7351768,-3.7199267660405315,0.19934643522947235,0.5689284541249793,0.5999999999999999,0.375,0,0,0.6214037290941,True,False,False,3,synthetic_2d_kinematics_ideal_odometry
1789808689.7600262,-3.7074353553135984,0.20741619844340664,0.5782230346249835,0.5999999999999999,0.375,0,0,0.6362750578941067,True,False,False,3,synthetic_2d_kinematics_ideal_odometry
1789808689.7848089,-3.694972471106049,0.21560519487822566,0.5844365831249834,0.5999999999999999,0.25,0,0,0.6511875742941062,True,False,False,3,synthetic_2d_kinematics_ideal_odometry
1789808689.8097847,-3.6825024150005174,0.22391055928474074,0.5906793758749844,0.5999999999999999,0.25,0,0,0.6661702768941086,True,False,False,3,synthetic_2d_kinematics_ideal_odometry
1789808689.8348324,-3.670041497129237,0.23232280211966708,0.5969438078749933,0.5999999999999999,0.25,0,0,0.68120491369413,True,False,False,3,synthetic_2d_kinematics_ideal_odometry
1789808689.8597584,-3.6577011135161603,0.24076638031495917,0.603174041624982,0.5999999999999999,0.25,0,0,0.6961574746941028,True,False,False,3,synthetic_2d_kinematics_ideal_odometry
1789808689.8850868,-3.6452269464847373,0.2494169632152909,0.609499110624981,0.5999999999999999,0.25,0,0,0.7113376402941005,True,False,False,3,synthetic_2d_kinematics_ideal_odometry
1789808689.9097629,-3.6331058585323754,0.25793535377757537,0.6156720206249846,0.5999999999999999,0.25,0,0,0.7261526242941091,True,False,False,3,synthetic_2d_kinematics_ideal_odometry
1789808689.9348178,-3.6208562124713084,0.26665840562600557,0.6219379096249897,0.5999999999999999,0.25,0,0,0.7411907578941214,True,False,False,3,synthetic_2d_kinematics_ideal_odometry
1789808689.959951,-3.608634525570583,0.27547760827553525,0.628217671624981,0.5999999999999999,0.25,0,0,0.7562621866941003,True,False,False,3,synthetic_2d_kinematics_ideal_odometry
1789808689.9851031,-3.5964598724860206,0.2843797077842472,0.6345018773749873,0.5999999999999999,0.25,0,0,0.7713442804941153,True,False,False,3,synthetic_2d_kinematics_ideal_odometry
1789808690.00986,-3.5845172858244307,0.29322698334668135,0.6406946663749837,0.5999999999999999,0.25,0,0,0.7862069740941068,True,False,False,3,synthetic_2d_kinematics_ideal_odometry
1789808690.0349257,-3.5731970114829017,0.3017229667315377,0.6469606761249909,0.5647058823529411,0.25,0,0,0.8003607843529464,True,False,False,3,synthetic_2d_kinematics_ideal_odometry
1789808690.0600173,-3.561919820961437,0.3102976551539078,0.6532324691249872,0.5647058823529411,0.25,0,0,0.814527657952938,True,False,False,3,synthetic_2d_kinematics_ideal_odometry
1789808690.0849628,-3.5507574906279573,0.3188957188578457,0.6594701701249907,0.5647058823529411,0.25,0,0,0.8286175237411809,True,False,False,3,synthetic_2d_kinematics_ideal_odometry
1789808690.10993,-3.5389329466577872,0.3280923474440585,0.6625909854999893,0.5999999999999999,0.125,0,0,0.8435974375411743,True,False,False,3,synthetic_2d_kinematics_ideal_odometry
1789808690.1350381,-3.5270823093719943,0.3373689090817389,0.6657263308749893,0.5999999999999999,0.125,0,0,0.8586470953411746,True,False,False,3,synthetic_2d_kinematics_ideal_odometry
1789808690.1600127,-3.515300409128645,0.34665128632636877,0.6688511621249876,0.5999999999999999,0.125,0,0,0.8736462853411664,True,False,False,3,synthetic_2d_kinematics_ideal_odometry
1789808690.1850383,-3.504225787013429,0.3554326929319619,0.6719797067499872,0.5647058823529411,0.125,0,0,0.8877799457646939,True,False,False,3,synthetic_2d_kinematics_ideal_odometry
1789808690.2099082,-3.493247895769489,0.3641933004134169,0.6750886284999854,0.5647058823529411,0.125,0,0,0.9018249569646859,True,False,False,3,synthetic_2d_kinematics_ideal_odometry
1789808690.2352216,-3.4815580532833974,0.37361198491700354,0.6813436824999929,0.5999999999999999,0.25,0,0,0.9168370865647039,True,False,False,3,synthetic_2d_kinematics_ideal_odometry
1789808690.25988,-3.46995332864123,0.3830822720033957,0.6875847312499919,0.5999999999999999,0.25,0,0,0.9318156035647013,True,False,False,3,synthetic_2d_kinematics_ideal_odometry
1789808690.284851,-3.458415273205673,0.3926186953142988,0.6938218024999903,0.5999999999999999,0.25,0,0,0.9467845745646972,True,False,False,3,synthetic_2d_kinematics_ideal_odometry
1789808690.309715,-3.4469488579111034,0.402186465980046,0.6969330284999917,0.5999999999999999,0.125,0,0,0.9617184593647041,True,False,False,3,synthetic_2d_kinematics_ideal_odometry
1789808690.3348598,-3.435403135836533,0.41188179461890007,0.7000739814999908,0.5999999999999999,0.125,0,0,0.9767950337646998,True,False,False,3,synthetic_2d_kinematics_ideal_odometry
1789808690.3598979,-3.423920524371073,0.42158570098043346,0.7032060302499946,0.5999999999999999,0.125,0,0,0.9918288677647187,True,False,False,3,synthetic_2d_kinematics_ideal_odometry
1789808690.384942,-3.413179819294703,0.43072034278261095,0.7063270802499918,0.5647058823529411,0.125,0,0,1.005928670117647,True,False,False,3,synthetic_2d_kinematics_ideal_odometry
1789808690.4098432,-3.4024688809738186,0.43988742790026747,0.7094477787499901,0.5647058823529411,0.125,0,0,1.0200268845176395,True,False,False,3,synthetic_2d_kinematics_ideal_odometry
1789808690.4347801,-3.3911090095981655,0.4496406604455711,0.7094477787499901,0.5999999999999999,0.0,0,0,1.034999266517647,True,False,False,3,synthetic_2d_kinematics_ideal_odometry
1789808690.4599307,-3.3796641375663694,0.45946687191277014,0.7094477787499901,0.5999999999999999,0.0,0,0,1.0500836799176538,True,False,False,3,synthetic_2d_kinematics_ideal_odometry
1789808690.485163,-3.368188365226966,0.46931961342382716,0.7094477787499901,0.5999999999999999,0.0,0,0,1.0652088201176495,True,False,False,3,synthetic_2d_kinematics_ideal_odometry
1789808690.5098038,-3.3569785791619204,0.47897403615731843,0.7125298954999909,0.5999999999999999,0.125,0,0,1.0800029805176534,True,False,False,3,synthetic_2d_kinematics_ideal_odometry
1789808690.534842,-3.3456340537483187,0.488806017135032,0.7156574368749918,0.5999999999999999,0.125,0,0,1.0950151791176579,True,False,False,3,synthetic_2d_kinematics_ideal_odometry
1789808690.559747,-3.3343579455647774,0.4986405233912559,0.7187745667499857,0.5999999999999999,0.125,0,0,1.1099774025176288,True,False,False,3,synthetic_2d_kinematics_ideal_odometry
1789808690.5849502,-3.3230181309981024,0.5085932593525248,0.721917904249992,0.5999999999999999,0.125,0,0,1.1250654225176588,True,False,False,3,synthetic_2d_kinematics_ideal_odometry
1789808690.6097434,-3.311844056607609,0.5184625091721443,0.7250238323749872,0.5999999999999999,0.125,0,0,1.1399738775176358,True,False,False,3,synthetic_2d_kinematics_ideal_odometry
1789808690.6347091,-3.3013078950080925,0.5278268850161171,0.7281440801249918,0.5647058823529411,0.125,0,0,1.1540700555882444,True,False,False,3,synthetic_2d_kinematics_ideal_odometry
1789808690.6598537,-3.2907243056001136,0.5372929056510943,0.7312871371249873,0.5647058823529411,0.125,0,0,1.1682692777999888,True,False,False,3,synthetic_2d_kinematics_ideal_odometry
1789808690.6881711,-3.278844678445122,0.5479897597980371,0.7348256773749856,0.5647058823529411,0.125,0,0,1.1842551537529222,True,False,False,3,synthetic_2d_kinematics_ideal_odometry
1789808690.7115147,-3.2684555899946455,0.5573778153579267,0.7348256773749856,0.5999999999999999,0.0,0,0,1.1982576087529357,True,True,False,3,synthetic_2d_kinematics_ideal_odometry
1789808690.734792,-3.258086877355459,0.5667474584026683,0.7348256773749856,0.5999999999999999,0.0,0,0,1.21223260115293,True,True,False,3,synthetic_2d_kinematics_ideal_odometry
1789808690.7597425,-3.2469775359617508,0.5767863674691445,0.7348256773749856,0.5999999999999999,0.0,0,0,1.22720581595293,True,True,False,3,synthetic_2d_kinematics_ideal_odometry
1789808690.7848034,-3.235849155639523,0.5868741549679252,0.7379548711249843,0.5999999999999999,0.125,0,0,1.2422259459529235,True,True,False,3,synthetic_2d_kinematics_ideal_odometry
1789808690.8097608,-3.2247760747565426,0.596975048440299,0.7410773782499905,0.5999999999999999,0.125,0,0,1.2572139801529536,True,True,False,3,synthetic_2d_kinematics_ideal_odometry
1789808690.8347263,-3.214388950410209,0.6065097890231561,0.7441984219999899,0.5647058823529411,0.125,0,0,1.2713137542705977,True,True,False,3,synthetic_2d_kinematics_ideal_odometry
1789808690.8598883,-3.203959513374228,0.6161437312393268,0.747341230249987,0.5647058823529411,0.125,0,0,1.2855118527176435,True,True,False,3,synthetic_2d_kinematics_ideal_odometry
1789808690.885056,-3.1935511706900375,0.6258190149707874,0.7504868334999845,0.5647058823529411,0.125,0,0,1.29972257798822,True,True,False,3,synthetic_2d_kinematics_ideal_odometry
1789808690.9098675,-3.1826608769535922,0.6359742815660872,0.7504868334999845,0.5999999999999999,0.0,0,0,1.3146131097882487,True,True,False,3,synthetic_2d_kinematics_ideal_odometry
1789808690.9348838,-3.171685339616763,0.6462090383485568,0.7504868334999845,0.5999999999999999,0.0,0,0,1.3296201969882502,True,True,False,3,synthetic_2d_kinematics_ideal_odometry
1789808690.9602165,-3.1605679661334363,0.6565760582191842,0.7504868334999845,0.5999999999999999,0.0,0,0,1.344821219788238,True,True,False,3,synthetic_2d_kinematics_ideal_odometry
1789808690.9849699,-3.150344290814479,0.6661096989969658,0.7504868334999845,0.5647058823529411,0.0,0,0,1.3588002699529393,True,True,False,3,synthetic_2d_kinematics_ideal_odometry
1789808691.0098557,-3.1400660369257367,0.6756942346302929,0.7504868334999845,0.5647058823529411,0.0,0,0,1.3728539465647007,True,True,False,3,synthetic_2d_kinematics_ideal_odometry
1789808691.034832,-3.1291252650767096,0.6859285394127211,0.7536079524999838,0.5999999999999999,0.125,0,0,1.3878353177646976,True,True,False,3,synthetic_2d_kinematics_ideal_odometry
1789808691.060044,-3.118109724390568,0.6962977567294005,0.7567596633749861,0.5999999999999999,0.125,0,0,1.4029635299647087,True,True,False,3,synthetic_2d_kinematics_ideal_odometry
1789808691.0850217,-3.1072282051635955,0.706605392724235,0.7598822653749838,0.5999999999999999,0.125,0,0,1.4179520195646977,True,True,False,3,synthetic_2d_kinematics_ideal_odometry
1789808691.1099856,-3.0963697934747167,0.7169233529722343,0.7598822653749838,0.5999999999999999,0.0,0,0,1.4329308515647061,True,True,False,3,synthetic_2d_kinematics_ideal_odometry
1789808691.1348836,-3.0855417643670107,0.7272124428592865,0.7598822653749838,0.5999999999999999,0.0,0,0,1.4478677717647062,True,True,False,3,synthetic_2d_kinematics_ideal_odometry
1789808691.1601167,-3.0745704052271265,0.737637728869375,0.7598822653749838,0.5999999999999999,0.0,0,0,1.4630024111647204,True,True,False,3,synthetic_2d_kinematics_ideal_odometry
1789808691.1852956,-3.063629292963957,0.74803427346861,0.7598822653749838,0.5999999999999999,0.0,0,0,1.4780953259646907,True,True,False,3,synthetic_2d_kinematics_ideal_odometry
1789808691.2098122,-3.0529464272037847,0.7581854251661516,0.7598822653749838,0.5999999999999999,0.0,0,0,1.492831997964717,True,True,False,3,synthetic_2d_kinematics_ideal_odometry
1789808691.2348092,-3.0427147168343014,0.7679078766522651,0.7598822653749838,0.5647058823529411,0.0,0,0,1.5069463155176428,True,True,False,3,synthetic_2d_kinematics_ideal_odometry
1789808691.2598786,-3.032458379478207,0.7776537293757013,0.7598822653749838,0.5647058823529411,0.0,0,0,1.521094605211769,True,True,False,3,synthetic_2d_kinematics_ideal_odometry
1789808691.28481,-3.0222429053417463,0.7873607527484126,0.7598822653749838,0.5647058823529411,0.0,0,0,1.5351865253999855,True,True,False,3,synthetic_2d_kinematics_ideal_odometry
1789808691.3097568,-3.011407675440507,0.7976888830167819,0.7630008176249848,0.5999999999999999,0.125,0,0,1.5501555761999901,True,True,False,3,synthetic_2d_kinematics_ideal_odometry
1789808691.3346627,-3.000624124533379,0.8080320704214442,0.7661137561249877,0.5999999999999999,0.125,0,0,1.5650976810000035,True,True,False,3,synthetic_2d_kinematics_ideal_odometry
1789808691.3598442,-2.9897634244364886,0.8185146963639465,0.7692584182499903,0.5999999999999999,0.125,0,0,1.580192059200016,True,True,False,3,synthetic_2d_kinematics_ideal_odometry
1789808691.3851304,-2.9788604087870794,0.829071328686981,0.7692584182499903,0.5999999999999999,0.0,0,0,1.5953682983999957,True,True,False,3,synthetic_2d_kinematics_ideal_odometry
1789808691.4100714,-2.968111882755973,0.8394783794492261,0.7692584182499903,0.5999999999999999,0.0,0,0,1.6103294988000076,True,True,False,3,synthetic_2d_kinematics_ideal_odometry
1789808691.4348114,-2.958071440544664,0.8491998418586841,0.7692584182499903,0.5647058823529411,0.0,0,0,1.6243050957882275,True,True,False,3,synthetic_2d_kinematics_ideal_odometry
1789808691.4600515,-2.9478336533782588,0.8591123796732181,0.7692584182499903,0.5647058823529411,0.0,0,0,1.6385553832235453,True,True,False,3,synthetic_2d_kinematics_ideal_odometry
1789808691.4849362,-2.937736688260661,0.8688885692846458,0.7692584182499903,0.5647058823529411,0.0,0,0,1.6526096561647035,True,True,False,3,synthetic_2d_kinematics_ideal_odometry
1789808691.5098395,-2.9270161909867776,0.8793008651376077,0.7723719037499923,0.5999999999999999,0.125,0,0,1.6675543865647124,True,True,False,3,synthetic_2d_kinematics_ideal_odometry
1789808691.5347633,-2.9163268411025673,0.8897477856602888,0.7754857752499905,0.5999999999999999,0.125,0,0,1.6825009697647044,True,True,False,3,synthetic_2d_kinematics_ideal_odometry
1789808691.5597966,-2.9056064229499867,0.9002907326941426,0.7786182738749904,0.5999999999999999,0.125,0,0,1.697536963164704,True,True,False,3,synthetic_2d_kinematics_ideal_odometry
1789808691.5848005,-2.8949294605636333,0.9108238906047026,0.7786182738749904,0.5999999999999999,0.0,0,0,1.712535127764694,True,True,False,3,synthetic_2d_kinematics_ideal_odometry
1789808691.6097398,-2.8842756008257635,0.9213342570287121,0.7786182738749904,0.5999999999999999,0.0,0,0,1.7275008395647105,True,True,False,3,synthetic_2d_kinematics_ideal_odometry
1789808691.6347566,-2.8735887460910225,0.9318771740508904,0.7786182738749904,0.5999999999999999,0.0,0,0,1.7425129001647077,True,True,False,3,synthetic_2d_kinematics_ideal_odometry
1789808691.6598077,-2.86288828339743,0.9424335157508227,0.7786182738749904,0.5999999999999999,0.0,0,0,1.7575440761646985,True,True,False,3,synthetic_2d_kinematics_ideal_odometry
1789808691.6847227,-2.852247407153242,0.9529310735515334,0.7786182738749904,0.5999999999999999,0.0,0,0,1.7724915497647216,True,True,False,3,synthetic_2d_kinematics_ideal_odometry
1789808691.7098603,-2.8421465003687136,0.962895934562683,0.7786182738749904,0.5647058823529411,0.0,0,0,1.7866805163529287,True,True,False,3,synthetic_2d_kinematics_ideal_odometry
1789808691.734945,-2.8320640186985964,0.9728426186211949,0.7786182738749904,0.5647058823529411,0.0,0,0,1.800843600776461,True,True,False,3,synthetic_2d_kinematics_ideal_odometry
1789808691.7600102,-2.8219880865007876,0.9827828414200753,0.7786182738749904,0.5647058823529411,0.0,0,0,1.8149974850117592,True,True,False,3,synthetic_2d_kinematics_ideal_odometry
1789808691.784956,-2.8113474271634775,0.9933129777859053,0.7817370691249937,0.5999999999999999,0.125,0,0,1.8299677022117753,True,True,False,3,synthetic_2d_kinematics_ideal_odometry
1789808691.8097122,-2.8008207670410576,1.0037952325994666,0.7848319814999914,0.5999999999999999,0.125,0,0,1.8448232816117642,True,True,False,3,synthetic_2d_kinematics_ideal_odometry
1789808691.8347552,-2.790200040567654,1.0144039393508004,0.7848319814999914,0.5999999999999999,0.0,0,0,1.8598347602117773,True,True,False,3,synthetic_2d_kinematics_ideal_odometry
1789808691.8598137,-2.779547387132526,1.0250445369313772,0.7848319814999914,0.5999999999999999,0.0,0,0,1.8748913648117767,True,True,False,3,synthetic_2d_kinematics_ideal_odometry
1789808691.8847969,-2.7689419457822866,1.035637975858075,0.7848319814999914,0.5999999999999999,0.0,0,0,1.8898812392117523,True,True,False,3,synthetic_2d_kinematics_ideal_odometry
1789808691.9096725,-2.759002023256588,1.0455666491432953,0.7848319814999914,0.5647058823529411,0.0,0,0,1.9039304602941305,True,True,False,3,synthetic_2d_kinematics_ideal_odometry
1789808691.934753,-2.7489840626734288,1.0555732721685,0.7848319814999914,0.5647058823529411,0.0,0,0,1.9180899814235433,True,True,False,3,synthetic_2d_kinematics_ideal_odometry
1789808691.959859,-2.738954431720383,1.0655915523559634,0.7848319814999914,0.5647058823529411,0.0,0,0,1.932265997611768,True,True,False,3,synthetic_2d_kinematics_ideal_odometry
1789808691.9848542,-2.72896663430894,1.075568046345812,0.7848319814999914,0.5647058823529411,0.0,0,0,1.9463828857058743,True,True,False,3,synthetic_2d_kinematics_ideal_odometry
1789808692.0096912,-2.719041754214834,1.085481694223308,0.7848319814999914,0.5647058823529411,0.0,0,0,1.960410845611768,True,True,False,3,synthetic_2d_kinematics_ideal_odometry
1789808692.0348146,-2.708383654390673,1.096127732029113,0.7848319814999914,0.5999999999999999,0.0,0,0,1.9754751482117692,True,True,False,3,synthetic_2d_kinematics_ideal_odometry
1789808692.060046,-2.6976745499610266,1.1068247167173104,0.7848319814999914,0.5999999999999999,0.0,0,0,1.990611541411756,True,True,False,3,synthetic_2d_kinematics_ideal_odometry
1789808692.085298,-2.6869544801630902,1.1175326543640367,0.7848319814999914,0.5999999999999999,0.0,0,0,2.0057634332117527,True,True,False,3,synthetic_2d_kinematics_ideal_odometry
1789808692.1098773,-2.676519697571353,1.1279556276707006,0.7848319814999914,0.5999999999999999,0.0,0,0,2.020512096211776,True,True,False,3,synthetic_2d_kinematics_ideal_odometry
1789808692.134955,-2.665876701182545,1.1385865791340604,0.7848319814999914,0.5999999999999999,0.0,0,0,2.035555051411752,True,True,False,3,synthetic_2d_kinematics_ideal_odometry
1789808692.1603715,-2.6550880272590063,1.1493630432655113,0.7848319814999914,0.5999999999999999,0.0,0,0,2.050803909211761,True,True,False,3,synthetic_2d_kinematics_ideal_odometry
1789808692.1849663,-2.6452752027710185,1.1591949472190324,0.7879067961249934,0.5647058823529411,0.125,0,0,2.0646948364588282,True,True,False,3,synthetic_2d_kinematics_ideal_odometry
1789808692.209831,-2.6353843857364367,1.1691664670066935,0.7910156952499893,0.5647058823529411,0.125,0,0,2.0787397454470447,True,True,False,3,synthetic_2d_kinematics_ideal_odometry
1789808692.2346926,-2.624894736731211,1.1797746349171518,0.7910156952499893,0.5999999999999999,0.0,0,0,2.09365839024707,True,True,False,3,synthetic_2d_kinematics_ideal_odometry
1789808692.2603052,-2.6141650818800057,1.190625520416385,0.7910156952499893,0.5999999999999999,0.0,0,0,2.1089183774470466,True,True,False,3,synthetic_2d_kinematics_ideal_odometry
1789808692.285054,-2.6036520015670512,1.2012573843767897,0.7910156952499893,0.5999999999999999,0.0,0,0,2.123870346847068,True,True,False,3,synthetic_2d_kinematics_ideal_odometry
1789808692.3097103,-2.5932646717855214,1.2117945107791253,0.7940982377499854,0.5999999999999999,0.125,0,0,2.138666550847049,True,True,False,3,synthetic_2d_kinematics_ideal_odometry
1789808692.334728,-2.582754070750768,1.2225231310115383,0.7972272353749905,0.5999999999999999,0.125,0,0,2.1536857394470736,True,True,False,3,synthetic_2d_kinematics_ideal_odometry
1789808692.359801,-2.572259873858283,1.2333023264198975,0.8003613832499856,0.5999999999999999,0.125,0,0,2.1687296492470503,True,True,False,3,synthetic_2d_kinematics_ideal_odometry
1789808692.3847783,-2.5618384050141803,1.2440740328735849,0.8034838591249884,0.5999999999999999,0.125,0,0,2.1837175334470635,True,True,False,3,synthetic_2d_kinematics_ideal_odometry
1789808692.4098504,-2.551418272522387,1.2549119787303646,0.806616074624984,0.5999999999999999,0.125,0,0,2.1987521678470423,True,True,False,3,synthetic_2d_kinematics_ideal_odometry
1789808692.4346335,-2.5423355580079385,1.2643885414467733,0.806616074624984,0.5294117647058822,0.0,0,0,2.2118785132588084,True,True,False,3,synthetic_2d_kinematics_ideal_odometry
1789808692.4598622,-2.5330995379805197,1.2740250573694756,0.806616074624984,0.5294117647058822,0.0,0,0,2.2252264159058677,True,True,False,3,synthetic_2d_kinematics_ideal_odometry
1789808692.485287,-2.523801747294006,1.283726022474635,0.806616074624984,0.5294117647058822,0.0,0,0,2.2386635895529463,True,True,False,3,synthetic_2d_kinematics_ideal_odometry
1789808692.509818,-2.5135988274104437,1.294371365341381,0.806616074624984,0.5999999999999999,0.0,0,0,2.2534088565529355,True,True,False,3,synthetic_2d_kinematics_ideal_odometry
1789808692.534773,-2.503233875637924,1.3051857661869195,0.806616074624984,0.5999999999999999,0.0,0,0,2.2683882921529386,True,True,False,3,synthetic_2d_kinematics_ideal_odometry
1789808692.5597246,-2.492870123283598,1.315998915604626,0.806616074624984,0.5999999999999999,0.0,0,0,2.283365994352924,True,True,False,3,synthetic_2d_kinematics_ideal_odometry
1789808692.5849295,-2.4830263495674996,1.326269538868007,0.806616074624984,0.5647058823529411,0.0,0,0,2.2975922230588055,True,True,False,3,synthetic_2d_kinematics_ideal_odometry
1789808692.6097832,-2.473313842162129,1.3364032037998028,0.806616074624984,0.5647058823529411,0.0,0,0,2.3116287455999935,True,True,False,3,synthetic_2d_kinematics_ideal_odometry
1789808692.6348665,-2.4726893561180145,1.3370307015276484,0.7689913016249794,0.03529411764705882,-1.5,0,0,2.312514034376464,True,True,False,3,synthetic_2d_kinematics_ideal_odometry
1789808692.6598372,-2.472044387988418,1.3376318593375989,0.7315195406249733,0.03529411764705882,-1.5,0,0,2.313395722870582,True,True,False,3,synthetic_2d_kinematics_ideal_odometry
1789808692.6847346,-2.4713795875509534,1.3382065716597238,0.6941714006249957,0.03529411764705882,-1.5,0,0,2.3142745026352873,True,True,False,3,synthetic_2d_kinematics_ideal_odometry
1789808692.7096176,-2.464525625446985,1.343698369468923,0.6568447271249771,0.35294117647058815,-1.5,0,0,2.323057249341174,True,True,False,3,synthetic_2d_kinematics_ideal_odometry
1789808692.734734,-2.4574051403781167,1.3489778712114382,0.6191717801249728,0.35294117647058815,-1.5,0,0,2.331921472164704,True,True,False,3,synthetic_2d_kinematics_ideal_odometry
1789808692.7597816,-2.450112297409315,1.353971348055198,0.5816078456249875,0.35294117647058815,-1.5,0,0,2.34076004498823,True,True,False,3,synthetic_2d_kinematics_ideal_odometry
1789808692.7848558,-2.4433758578724762,1.358221094801023,0.5439957191249368,0.31764705882352934,-1.5,0,0,2.348724965894123,True,True,False,3,synthetic_2d_kinematics_ideal_odometry
1789808692.8096666,-2.4365563743772416,1.3621745748653984,0.506772337124986,0.31764705882352934,-1.5,0,0,2.356607564435289,True,True,False,3,synthetic_2d_kinematics_ideal_odometry
1789808692.8346694,-2.429541621095222,1.3658983455641613,0.46926908212499596,0.31764705882352934,-1.5,0,0,2.3645494301999928,True,True,False,3,synthetic_2d_kinematics_ideal_odometry
1789808692.859961,-2.4223182308274462,1.3693905390088261,0.4313814416249363,0.31764705882352934,-1.5,0,0,2.372572695247064,True,True,False,3,synthetic_2d_kinematics_ideal_odometry
1789808692.884762,-2.4150927918854204,1.3725546548086724,0.3941331356250123,0.31764705882352934,-1.5,0,0,2.3804605718117537,True,True,False,3,synthetic_2d_kinematics_ideal_odometry
1789808692.909747,-2.403610855117059,1.3770795645423761,0.3566682296249872,0.4941176470588234,-1.5,0,0,2.3928019526117623,True,True,False,3,synthetic_2d_kinematics_ideal_odometry
1789808692.9349627,-2.391862041943513,1.381206061633423,0.318866261625019,0.4941176470588234,-1.5,0,0,2.405254365599987,True,True,False,3,synthetic_2d_kinematics_ideal_odometry
1789808692.960027,-2.380032762946218,1.384866210062108,0.2812762571249869,0.4941176470588234,-1.5,0,0,2.417636955317645,True,True,False,3,synthetic_2d_kinematics_ideal_odometry
1789808692.985241,-2.368012183837783,1.3880946494272894,0.24349202212498317,0.4941176470588234,-1.5,0,0,2.430083526847058,True,True,False,3,synthetic_2d_kinematics_ideal_odometry
1789808693.0100935,-2.356039230244077,1.3908330675288232,0.2062070051249953,0.4941176470588234,-1.5,0,0,2.442365650094113,True,True,False,3,synthetic_2d_kinematics_ideal_odometry
1789808693.034912,-2.3422575630273412,1.3934489353775732,0.16894585612497853,0.5647058823529411,-1.5,0,0,2.456393376776472,True,True,False,3,synthetic_2d_kinematics_ideal_odometry
1789808693.059934,-2.328284228794342,1.3955633176251279,0.13140667312500004,0.5647058823529411,-1.5,0,0,2.470525775082346,True,True,False,3,synthetic_2d_kinematics_ideal_odometry
1789808693.0848548,-2.3142900891952936,1.3971471974258016,0.09399740962494779,0.5647058823529411,-1.5,0,0,2.48460926251766,True,True,False,3,synthetic_2d_kinematics_ideal_odometry
1789808693.1099725,-2.299267259740444,1.3982785303439533,0.05633398912498028,0.5999999999999999,-1.5,0,0,2.499674630717647,True,True,False,3,synthetic_2d_kinematics_ideal_odometry
1789808693.1348913,-2.2843350804545226,1.3988410752911422,0.018977059124936246,0.5999999999999999,-1.5,0,0,2.514617402717665,True,True,False,3,synthetic_2d_kinematics_ideal_odometry
1789808693.1598754,-2.2693345042387616,1.398844470497244,-0.018524382375047665,0.5999999999999999,-1.5,0,0,2.5296179793176585,True,True,False,3,synthetic_2d_kinematics_ideal_odometry
1789808693.1852157,-2.2543978560868236,1.3982884492178373,-0.0558918663750057,0.5999999999999999,-1.5,0,0,2.544564972917642,True,True,False,3,synthetic_2d_kinematics_ideal_odometry
1789808693.2099779,-2.2393304339335827,1.3971596186794712,-0.09366598687505186,0.5999999999999999,-1.5,0,0,2.55967462111766,True,True,False,3,synthetic_2d_kinematics_ideal_odometry
1789808693.2347677,-2.2245433546108693,1.3954925087064158,-0.13086788287499412,0.5999999999999999,-1.5,0,0,2.574555379517637,True,True,False,3,synthetic_2d_kinematics_ideal_odometry
1789808693.259761,-2.2097127604962656,1.39325691490537,-0.16836324937501895,0.5999999999999999,-1.5,0,0,2.5895535261176468,True,True,False,3,synthetic_2d_kinematics_ideal_odometry
1789808693.2849307,-2.194874524782785,1.390445658341923,-0.20611874587505888,0.5999999999999999,-1.5,0,0,2.604655724717663,True,True,False,3,synthetic_2d_kinematics_ideal_odometry
1789808693.309916,-2.1802803949487513,1.3871079954326084,-0.24354606037503793,0.5999999999999999,-1.5,0,0,2.6196266505176546,True,True,False,3,synthetic_2d_kinematics_ideal_odometry
1789808693.3346748,-2.1659125031754027,1.3832528664661556,-0.28073630887503426,0.5999999999999999,-1.5,0,0,2.634502749917653,True,True,False,3,synthetic_2d_kinematics_ideal_odometry
1789808693.3597295,-2.1515488062733135,1.3788170880534236,-0.3183188778750001,0.5999999999999999,-1.5,0,0,2.6495357775176394,True,True,False,3,synthetic_2d_kinematics_ideal_odometry
1789808693.384915,-2.137282632538964,1.373840628022815,-0.3529441993749877,0.5999999999999999,-1.375,0,0,2.664645008717634,True,True,False,3,synthetic_2d_kinematics_ideal_odometry
1789808693.4097176,-2.1234060072924965,1.3684584185097404,-0.387053015875032,0.5999999999999999,-1.375,0,0,2.679528855917653,True,True,False,3,synthetic_2d_kinematics_ideal_odometry
1789808693.434694,-2.109630454851669,1.3625655433021862,-0.42138917487503064,0.5999999999999999,-1.375,0,0,2.6945119071176524,True,True,False,3,synthetic_2d_kinematics_ideal_odometry
1789808693.4597318,-2.0960288517567314,1.3561853579551575,-0.45581839662504037,0.5999999999999999,-1.375,0,0,2.7095355675176567,True,True,False,3,synthetic_2d_kinematics_ideal_odometry
1789808693.4848204,-2.0826430196926253,1.3493343963583024,-0.49027855449998653,0.5999999999999999,-1.375,0,0,2.7245727273176334,True,True,False,3,synthetic_2d_kinematics_ideal_odometry
1789808693.509666,-2.0703655033801005,1.3425090263772457,-0.5244819586250167,0.5647058823529411,-1.375,0,0,2.7386199007764693,True,True,False,3,synthetic_2d_kinematics_ideal_odometry
1789808693.5348544,-2.0581772360427295,1.335173148155188,-0.559119921875044,0.5647058823529411,-1.375,0,0,2.7528455455764806,True,True,False,3,synthetic_2d_kinematics_ideal_odometry
1789808693.5597103,-2.0464084362540285,1.3275262485674506,-0.5932935545000141,0.5647058823529411,-1.375,0,0,2.7668804920235273,True,True,False,3,synthetic_2d_kinematics_ideal_odometry
1789808693.5848138,-2.034056161067973,1.3189117412934608,-0.6246675057500317,0.5999999999999999,-1.25,0,0,2.781939988623536,True,True,False,3,synthetic_2d_kinematics_ideal_odometry
1789808693.6100461,-2.0219324177168723,1.3098772172526372,-0.6561670495000049,0.5999999999999999,-1.25,0,0,2.797059769623523,True,True,False,3,synthetic_2d_kinematics_ideal_odometry
1789808693.63486,-2.01027290498666,1.3006079417144634,-0.687198487000038,0.5999999999999999,-1.25,0,0,2.811954859623539,True,True,False,3,synthetic_2d_kinematics_ideal_odometry
1789808693.660094,-1.9987258914943293,1.2908233689283861,-0.7187299544999837,0.5999999999999999,-1.25,0,0,2.827089964023513,True,True,False,3,synthetic_2d_kinematics_ideal_odometry
1789808693.684998,-1.987641165926673,1.2808175878656731,-0.7498398345000146,0.5999999999999999,-1.25,0,0,2.8420227064235277,True,True,False,3,synthetic_2d_kinematics_ideal_odometry
1789808693.7099226,-1.9768157832873687,1.2704808221253492,-0.7747863125000185,0.5999999999999999,-1.0,0,0,2.85699059322353,True,True,False,3,synthetic_2d_kinematics_ideal_odometry
1789808693.7350352,-1.9661929047440774,1.259816826153157,-0.7998731815000246,0.5999999999999999,-1.0,0,0,2.8720427146235337,True,True,False,3,synthetic_2d_kinematics_ideal_odometry
1789808693.7600386,-1.955864228274966,1.248915004303411,-0.8249026795000054,0.5999999999999999,-1.0,0,0,2.887060413423522,True,True,False,3,synthetic_2d_kinematics_ideal_odometry
1789808693.785626,-1.94560113081693,1.2375183940579388,-0.850463820500031,0.5999999999999999,-1.0,0,0,2.9023970980235374,True,True,False,3,synthetic_2d_kinematics_ideal_odometry
1789808693.8142014,-1.9344621027379671,1.2244542543082095,-0.8790776135000078,0.5999999999999999,-1.0,0,0,2.919565373823523,True,True,False,3,synthetic_2d_kinematics_ideal_odometry
1789808693.8349283,-1.9266349027355247,1.2148019826694827,-0.8997893525000427,0.5999999999999999,-1.0,0,0,2.9319924172235443,True,True,False,3,synthetic_2d_kinematics_ideal_odometry
1789808693.8599231,-1.917456435045296,1.2029391542632488,-0.924787739500025,0.5999999999999999,-1.0,0,0,2.9469914494235336,True,True,False,3,synthetic_2d_kinematics_ideal_odometry
1789808693.8850415,-1.9085367626158893,1.190793863290728,-0.9499024015000463,0.5999999999999999,-1.0,0,0,2.9620602466235466,True,True,False,3,synthetic_2d_kinematics_ideal_odometry
1789808693.9097774,-1.90002614613884,1.1786186474556029,-0.9715657197500382,0.5999999999999999,-0.875,0,0,2.9769150934235413,True,True,False,3,synthetic_2d_kinematics_ideal_odometry
1789808693.9347665,-1.8917067189080612,1.1661475275088902,-0.9934281600000422,0.5999999999999999,-0.875,0,0,2.9919064810235443,True,True,False,3,synthetic_2d_kinematics_ideal_odometry
1789808693.9597685,-1.8836559214412556,1.153487875711127,-1.0153071517500356,0.5999999999999999,-0.875,0,0,3.00690921822354,True,True,False,3,synthetic_2d_kinematics_ideal_odometry
1789808693.9847536,-1.8758889617647074,1.140663507642147,-1.037171944875026,0.5999999999999999,-0.875,0,0,3.0219022192235334,True,True,False,3,synthetic_2d_kinematics_ideal_odometry
1789808694.009724,-1.8684099226242632,1.1276825154729693,-1.0590198120000087,0.5999999999999999,-0.875,0,0,3.0368836138235213,True,True,False,3,synthetic_2d_kinematics_ideal_odometry
1789808694.0347836,-1.8616153425335407,1.1152691161957788,-1.0809469296250205,0.5647058823529411,-0.875,0,0,3.051034896458823,True,True,False,3,synthetic_2d_kinematics_ideal_odometry
1789808694.0598395,-1.8550963511458995,1.1027132636516064,-1.1028679082499968,0.5647058823529411,-0.875,0,0,3.0651822171176315,True,True,False,3,synthetic_2d_kinematics_ideal_odometry
1789808694.0856786,-1.8486623608148802,1.089616086473544,-1.1254782171250275,0.5647058823529411,-0.875,0,0,3.079774416458828,True,True,False,3,synthetic_2d_kinematics_ideal_odometry
1789808694.1097267,-1.842563126249151,1.0765350441933448,-1.1435195901250301,0.5999999999999999,-0.75,0,0,3.09420751485883,True,True,False,3,synthetic_2d_kinematics_ideal_odometry
1789808694.1348197,-1.8364548109824337,1.0627781744345963,-1.1623346016250258,0.5999999999999999,-0.75,0,0,3.1092595240588268,True,True,False,3,synthetic_2d_kinematics_ideal_odometry
1789808694.1597657,-1.830637470336301,1.0489844767963226,-1.181047379125025,0.5999999999999999,-0.75,0,0,3.124229746058826,True,True,False,3,synthetic_2d_kinematics_ideal_odometry
1789808694.1849024,-1.8253734666723085,1.0358178323964877,-1.1998800913750278,0.5647058823529411,-0.75,0,0,3.138409670576475,True,True,False,3,synthetic_2d_kinematics_ideal_odometry
1789808694.2096586,-1.8204216365764199,1.0227265999336153,-1.2184691443750273,0.5647058823529411,-0.75,0,0,3.152406134011769,True,True,False,3,synthetic_2d_kinematics_ideal_odometry
1789808694.2348113,-1.8156476559470955,1.0093541421819692,-1.237327280875042,0.5647058823529411,-0.75,0,0,3.1666052014941326,True,True,False,3,synthetic_2d_kinematics_ideal_odometry
1789808694.259813,-1.8111510288543786,0.9959688216239357,-1.2560809731250293,0.5647058823529411,-0.75,0,0,3.1807256286000056,True,True,False,3,synthetic_2d_kinematics_ideal_odometry
1789808694.285023,-1.806875194165637,0.9823998132337417,-1.2749758911250018,0.5647058823529411,-0.75,0,0,3.19495239038822,True,True,False,3,synthetic_2d_kinematics_ideal_odometry
1789808694.3099172,-1.8028810888966051,0.968918932016748,-1.2905372242500155,0.5647058823529411,-0.625,0,0,3.2090125125529383,True,True,False,3,synthetic_2d_kinematics_ideal_odometry
1789808694.334991,-1.7990724826759557,0.955286179989712,-1.3062033067500343,0.5647058823529411,-0.625,0,0,3.2231672788588375,True,True,False,3,synthetic_2d_kinematics_ideal_odometry
1789808694.3600914,-1.7954725539331011,0.9415743781683868,-1.3218934373750022,0.5647058823529411,-0.625,0,0,3.2373437733529262,True,True,False,3,synthetic_2d_kinematics_ideal_odometry
1789808694.385484,-1.7920512124101786,0.9276520098018155,-1.3377607611250317,0.5647058823529411,-0.625,0,0,3.2516803670470704,True,True,False,3,synthetic_2d_kinematics_ideal_odometry
1789808694.4099295,-1.7889648279904624,0.9141913564958933,-1.3530452205000207,0.5647058823529411,-0.625,0,0,3.265490325635296,True,True,False,3,synthetic_2d_kinematics_ideal_odometry
1789808694.4347174,-1.785864280815843,0.8996448543023963,-1.3685382086250106,0.5999999999999999,-0.625,0,0,3.2803635942352862,True,True,False,3,synthetic_2d_kinematics_ideal_odometry
1789808694.4600155,-1.782933909451297,0.8847578136434399,-1.384343112375027,0.5999999999999999,-0.625,0,0,3.295536301835302,True,True,False,3,synthetic_2d_kinematics_ideal_odometry
1789808694.485065,-1.7802631843887249,0.8699655417460137,-1.4000008586250265,0.5999999999999999,-0.625,0,0,3.3105677382353016,True,True,False,3,synthetic_2d_kinematics_ideal_odometry
1789808694.509904,-1.7778214502561405,0.855264126954719,-1.4124198646250141,0.5999999999999999,-0.5,0,0,3.325470545435287,True,True,False,3,synthetic_2d_kinematics_ideal_odometry
1789808694.5349147,-1.7755481302166354,0.8404359017684963,-1.4249210936250227,0.5999999999999999,-0.5,0,0,3.340472020235297,True,True,False,3,synthetic_2d_kinematics_ideal_odometry
1789808694.5597582,-1.773470852035238,0.8256586409352008,-1.437356552625011,0.5999999999999999,-0.5,0,0,3.355394571035283,True,True,False,3,synthetic_2d_kinematics_ideal_odometry
1789808694.5848193,-1.7715634668541163,0.8107413069967878,-1.449888871125018,0.5999999999999999,-0.5,0,0,3.3704333532352915,True,True,False,3,synthetic_2d_kinematics_ideal_odometry
1789808694.6098056,-1.7698495935785556,0.79586021791189,-1.4623717531250184,0.5999999999999999,-0.5,0,0,3.385412811635292,True,True,False,3,synthetic_2d_kinematics_ideal_odometry
1789808694.6348276,-1.7683182469158767,0.7809239655355944,-1.4748838766250065,0.5999999999999999,-0.5,0,0,3.4004273598352777,True,True,False,3,synthetic_2d_kinematics_ideal_odometry
1789808694.6598372,-1.7669739300182552,0.7659700877376181,-1.4873956946250138,0.5999999999999999,-0.5,0,0,3.4154415414352863,True,True,False,3,synthetic_2d_kinematics_ideal_odometry
1789808694.6848264,-1.7658182890485983,0.7510213362809418,-1.4998901566250202,0.5999999999999999,-0.5,0,0,3.430434895835294,True,True,False,3,synthetic_2d_kinematics_ideal_odometry
1789808694.7097816,-1.7649076152811878,0.7369585516307557,-1.512367661125018,0.5647058823529411,-0.5,0,0,3.444527136211762,True,True,False,3,synthetic_2d_kinematics_ideal_odometry
1789808694.7347267,-1.7641726762394812,0.7228898467078075,-1.5248413121250115,0.5647058823529411,-0.5,0,0,3.45861502439999,True,True,False,3,synthetic_2d_kinematics_ideal_odometry
1789808694.7597628,-1.763611650913745,0.7087644612327436,-1.5373580246250134,0.5647058823529411,-0.5,0,0,3.4727515467529333,True,True,False,3,synthetic_2d_kinematics_ideal_odometry
1789808694.7847984,-1.7632051809906757,0.6946263734295062,-1.5467504778750287,0.5647058823529411,-0.375,0,0,3.4868954763529563,True,True,False,3,synthetic_2d_kinematics_ideal_odometry
1789808694.809901,-1.7629311992852141,0.6804633067247505,-1.5561573990000275,0.5647058823529411,-0.375,0,0,3.5010611928706012,True,True,False,3,synthetic_2d_kinematics_ideal_odometry
1789808694.8348713,-1.7627823035032735,0.6655346446361369,-1.5654882768750147,0.5999999999999999,-0.375,0,0,3.515990597470581,True,True,False,3,synthetic_2d_kinematics_ideal_odometry
1789808694.8598201,-1.7627730820253174,0.6505133468666451,-1.5748765897500112,0.5999999999999999,-0.375,0,0,3.5310118980705756,True,True,False,3,synthetic_2d_kinematics_ideal_odometry
1789808694.8849993,-1.7629059763685304,0.6354116411875015,-1.5843155212500113,0.5999999999999999,-0.375,0,0,3.546114188470576,True,True,False,3,synthetic_2d_kinematics_ideal_odometry
1789808694.9098506,-1.7631770818364483,0.6205006933546974,-1.5936364038750161,0.5999999999999999,-0.375,0,0,3.5610276006705837,True,True,False,3,synthetic_2d_kinematics_ideal_odometry
1789808694.9349027,-1.7635908352240415,0.6054787081184337,-1.6030287052500176,0.5999999999999999,-0.375,0,0,3.576055282870586,True,True,False,3,synthetic_2d_kinematics_ideal_odometry
1789808694.9600463,-1.7641480576498227,0.5904037112076819,-1.612457012625014,0.5999999999999999,-0.375,0,0,3.5911405746705802,True,True,False,3,synthetic_2d_kinematics_ideal_odometry
1789808694.9850326,-1.764819256043351,0.5754263092313204,-1.6187038601250228,0.5999999999999999,-0.25,0,0,3.6061330086706014,True,True,False,3,synthetic_2d_kinematics_ideal_odometry
1789808695.0098708,-1.765579212721078,0.5605417786870995,-1.6249138261250229,0.5999999999999999,-0.25,0,0,3.6210369270706018,True,True,False,3,synthetic_2d_kinematics_ideal_odometry
1789808695.0346875,-1.7664308452472333,0.5456745285099122,-1.63111866862502,0.5999999999999999,-0.25,0,0,3.635928549070595,True,True,False,3,synthetic_2d_kinematics_ideal_odometry
1789808695.060099,-1.7673977852596259,0.5304668787235393,-1.6374679848750153,0.5999999999999999,-0.25,0,0,3.6511669080705835,True,True,False,3,synthetic_2d_kinematics_ideal_odometry
1789808695.0849247,-1.7684369660761476,0.5155981438318048,-1.6436784036250165,0.5999999999999999,-0.25,0,0,3.6660719130705863,True,True,False,3,synthetic_2d_kinematics_ideal_odometry
1789808695.1098921,-1.769574343060628,0.5006620295536838,-1.649919802375023,0.5999999999999999,-0.25,0,0,3.681051270070602,True,True,False,3,synthetic_2d_kinematics_ideal_odometry
1789808695.134918,-1.7708063108010663,0.485717047312116,-1.6561679998750227,0.5999999999999999,-0.25,0,0,3.696046944070601,True,True,False,3,synthetic_2d_kinematics_ideal_odometry
1789808695.1600711,-1.7721419499483122,0.47066779343586096,-1.6624631696250125,0.5999999999999999,-0.25,0,0,3.711155351470577,True,True,False,3,synthetic_2d_kinematics_ideal_odometry
1789808695.18507,-1.7735619432397276,0.4557326495367943,-1.6687142098750192,0.5999999999999999,-0.25,0,0,3.726157848070593,True,True,False,3,synthetic_2d_kinematics_ideal_odometry
1789808695.2097538,-1.7750563165830777,0.4409880150671727,-1.6748892801250141,0.5999999999999999,-0.25,0,0,3.740978016670581,True,True,False,3,synthetic_2d_kinematics_ideal_odometry
1789808695.2347114,-1.7766575987358353,0.42610942155855674,-1.681124493875017,0.5999999999999999,-0.25,0,0,3.755942529670588,True,True,False,3,synthetic_2d_kinematics_ideal_odometry
1789808695.259829,-1.7783651414556418,0.4111256538650253,-1.6874081393750222,0.5999999999999999,-0.25,0,0,3.7710232788706004,True,True,False,3,synthetic_2d_kinematics_ideal_odometry
1789808695.284774,-1.780153106831608,0.3962638129812425,-1.6936452251250236,0.5999999999999999,-0.25,0,0,3.785992284670604,True,True,False,3,synthetic_2d_kinematics_ideal_odometry
1789808695.3096657,-1.78202933469649,0.38144728559959673,-1.6998680788750127,0.5999999999999999,-0.25,0,0,3.8009271336705774,True,True,False,3,synthetic_2d_kinematics_ideal_odometry
1789808695.334867,-1.784021945120266,0.3664648588986048,-1.7061657251250173,0.5999999999999999,-0.25,0,0,3.8160414846705883,True,True,False,3,synthetic_2d_kinematics_ideal_odometry
1789808695.3597963,-1.786087318097833,0.351646419952156,-1.712399758875022,0.5999999999999999,-0.25,0,0,3.8310031656705994,True,True,False,3,synthetic_2d_kinematics_ideal_odometry
1789808695.3848453,-1.7882315922640886,0.33677165717033597,-1.7155307010000191,0.5999999999999999,-0.125,0,0,3.846031687870586,True,True,False,3,synthetic_2d_kinematics_ideal_odometry
1789808695.4098854,-1.790422301459,0.3219045295213604,-1.7186614643750167,0.5999999999999999,-0.125,0,0,3.861059352070574,True,True,False,3,synthetic_2d_kinematics_ideal_odometry
1789808695.4346712,-1.7926364111815138,0.30719639378294455,-1.7217601840000176,0.5999999999999999,-0.125,0,0,3.8759332062705787,True,True,False,3,synthetic_2d_kinematics_ideal_odometry
1789808695.4597948,-1.7949264367639688,0.2922997781751366,-1.724900102375023,0.5999999999999999,-0.125,0,0,3.8910048144706044,True,True,False,3,synthetic_2d_kinematics_ideal_odometry
1789808695.484781,-1.7972505841329744,0.27749015832282864,-1.728023202500018,0.5999999999999999,-0.125,0,0,3.90599569507058,True,True,False,3,synthetic_2d_kinematics_ideal_odometry
1789808695.509901,-1.7996342037198654,0.2626060645146174,-1.731163566750019,0.5999999999999999,-0.125,0,0,3.921069443470585,True,True,False,3,synthetic_2d_kinematics_ideal_odometry
1789808695.5347075,-1.8020335637478955,0.24791738831675925,-1.734264264875022,0.5999999999999999,-0.125,0,0,3.9359527944705994,True,True,False,3,synthetic_2d_kinematics_ideal_odometry
1789808695.5597668,-1.8045034934536452,0.23308732417565672,-1.7373964188750213,0.5999999999999999,-0.125,0,0,3.9509871336705964,True,True,False,3,synthetic_2d_kinematics_ideal_odometry
1789808695.5848157,-1.80701717918466,0.21828071744375782,-1.74052526525002,0.5999999999999999,-0.125,0,0,3.9660055962705907,True,True,False,3,synthetic_2d_kinematics_ideal_odometry
1789808695.6097806,-1.8095722198525879,0.20351045797184578,-1.7436481033750217,0.5999999999999999,-0.125,0,0,3.9809952192705986,True,True,False,3,synthetic_2d_kinematics_ideal_odometry
1789808695.6347187,-1.8121681286264897,0.188777744287645,-1.7467647003750164,0.5999999999999999,-0.125,0,0,3.995954884870573,True,True,False,3,synthetic_2d_kinematics_ideal_odometry
1789808695.6598434,-1.814830908799373,0.1739373701023143,-1.7499058192500163,0.5999999999999999,-0.125,0,0,4.011032255470573,True,True,False,3,synthetic_2d_kinematics_ideal_odometry
1789808695.6849053,-1.817533330774773,0.15914320145898259,-1.7530389372500172,0.5999999999999999,-0.125,0,0,4.026071221870577,True,True,False,3,synthetic_2d_kinematics_ideal_odometry
1789808695.7097445,-1.820256824916321,0.144492316354886,-1.7561434943750163,0.5999999999999999,-0.125,0,0,4.040973096070572,True,True,False,3,synthetic_2d_kinematics_ideal_odometry
1789808695.7348893,-1.8230610612522942,0.12966503630422865,-1.7592872711250171,0.5999999999999999,-0.125,0,0,4.056063224470576,True,True,False,3,synthetic_2d_kinematics_ideal_odometry
1789808695.7598205,-1.8258868397487054,0.11497580721351848,-1.7624036375000207,0.5999999999999999,-0.125,0,0,4.071021783070593,True,True,False,3,synthetic_2d_kinematics_ideal_odometry
1789808695.7848063,-1.828595445851207,0.10112869228250546,-1.7655268431250226,0.5647058823529411,-0.125,0,0,4.085131323776484,True,True,False,3,synthetic_2d_kinematics_ideal_odometry
1789808695.8097267,-1.8313400567733555,0.08732616568294205,-1.7686419076250166,0.5647058823529411,-0.125,0,0,4.099204085752928,True,True,False,3,synthetic_2d_kinematics_ideal_odometry
1789808695.834841,-1.8343246566634712,0.07255830777781573,-1.7717807482500225,0.5999999999999999,-0.125,0,0,4.114270520752956,True,True,False,3,synthetic_2d_kinematics_ideal_odometry
1789808695.8599641,-1.837356056079747,0.057797666934915885,-1.77492006200002,0.5999999999999999,-0.125,0,0,4.129339226752944,True,True,False,3,synthetic_2d_kinematics_ideal_odometry
1789808695.884998,-1.8404226766815472,0.04309941276086879,-1.7780481357500184,0.5999999999999999,-0.125,0,0,4.144353980752936,True,True,False,3,synthetic_2d_kinematics_ideal_odometry
1789808695.9097311,-1.8434790694122223,0.028563924799139943,-1.7780481357500184,0.5999999999999999,0.0,0,0,4.159207328752956,True,True,False,3,synthetic_2d_kinematics_ideal_odometry
1789808695.9347913,-1.846571736495394,0.013855924513080637,-1.7780481357500184,0.5999999999999999,0.0,0,0,4.17423696155293,True,True,False,3,synthetic_2d_kinematics_ideal_odometry
1789808695.959724,-1.84965107947534,-0.0007887094587952382,-1.7780481357500184,0.5999999999999999,0.0,0,0,4.189201842352936,True,True,False,3,synthetic_2d_kinematics_ideal_odometry
1789808695.984721,-1.852691619550516,-0.015476585294362358,-1.7717984332500185,0.5999999999999999,0.25,0,0,4.204201128352936,True,True,False,3,synthetic_2d_kinematics_ideal_odometry
1789808696.0097246,-1.8556399745971353,-0.030181496596592472,-1.765549444250019,0.5999999999999999,0.25,0,0,4.2191987019529344,True,True,False,3,synthetic_2d_kinematics_ideal_odometry
1789808696.0347989,-1.8585034145546362,-0.0449414115000496,-1.7592848172500117,0.5999999999999999,0.25,0,0,4.234233806752952,True,True,False,3,synthetic_2d_kinematics_ideal_odometry
1789808696.0597188,-1.861261863025537,-0.05965130436369912,-1.7530488610000168,0.5999999999999999,0.25,0,0,4.24920010175294,True,True,False,3,synthetic_2d_kinematics_ideal_odometry
1789808696.0849214,-1.8639529137210562,-0.07451524302228332,-1.7467548710000136,0.5999999999999999,0.25,0,0,4.264305677752948,True,True,False,3,synthetic_2d_kinematics_ideal_odometry
1789808696.11004,-1.8665415022468979,-0.08934413267620848,-1.7404827330000137,0.5999999999999999,0.25,0,0,4.279358808952948,True,True,False,3,synthetic_2d_kinematics_ideal_odometry
1789808696.134702,-1.869001020428987,-0.10397062682742812,-1.7343027985000168,0.5999999999999999,0.25,0,0,4.294190651752941,True,True,False,3,synthetic_2d_kinematics_ideal_odometry
1789808696.1596935,-1.8713957842962063,-0.11877397339757448,-1.7280545492500101,0.5999999999999999,0.25,0,0,4.309186449952957,True,True,False,3,synthetic_2d_kinematics_ideal_odometry
1789808696.1847763,-1.8737057500003524,-0.1336428819335006,-1.7217848527500115,0.5999999999999999,0.25,0,0,4.324233721552954,True,True,False,3,synthetic_2d_kinematics_ideal_odometry
1789808696.2096858,-1.875907800219379,-0.1484254922908601,-1.7155574687500126,0.5999999999999999,0.25,0,0,4.339179443152951,True,True,False,3,synthetic_2d_kinematics_ideal_odometry
1789808696.2348883,-1.87804213461835,-0.16339645819297713,-1.7092564932500158,0.5999999999999999,0.25,0,0,4.354301784352944,True,True,False,3,synthetic_2d_kinematics_ideal_odometry
1789808696.259995,-1.880063631210476,-0.17824170748422571,-1.7030138882500188,0.5999999999999999,0.25,0,0,4.369284036352937,True,True,False,3,synthetic_2d_kinematics_ideal_odometry
1789808696.284708,-1.8819833411242342,-0.19302763991705313,-1.6968013745000183,0.5999999999999999,0.25,0,0,4.384194069352938,True,True,False,3,synthetic_2d_kinematics_ideal_odometry
1789808696.3096805,-1.8838195813357101,-0.20789521136409628,-1.69055948450002,0.5999999999999999,0.25,0,0,4.399174605352934,True,True,False,3,synthetic_2d_kinematics_ideal_odometry
1789808696.3347847,-1.8855722895357945,-0.22285558087997195,-1.684283363500021,0.5999999999999999,0.25,0,0,4.414237295752932,True,True,False,3,synthetic_2d_kinematics_ideal_odometry
1789808696.35988,-1.8872306434005763,-0.23782268520157493,-1.6780089065000174,0.5999999999999999,0.25,0,0,4.429295992552941,True,True,False,3,synthetic_2d_kinematics_ideal_odometry
1789808696.3850439,-1.8888206703268922,-0.2528177627236714,-1.6748674185000132,0.5999999999999999,0.125,0,0,4.444375134952962,True,True,False,3,synthetic_2d_kinematics_ideal_odometry
1789808696.4099178,-1.8903481976613081,-0.26766587069059766,-1.6717577362500142,0.5999999999999999,0.125,0,0,4.4593016097529565,True,True,False,3,synthetic_2d_kinematics_ideal_odometry
1789808696.4348123,-1.8917428070275992,-0.28164904158163856,-1.6686471470000148,0.5647058823529411,0.125,0,0,4.473354154129424,True,True,False,3,synthetic_2d_kinematics_ideal_odometry
1789808696.4596972,-1.89309608465756,-0.2956593285118945,-1.6655314780000188,0.5647058823529411,0.125,0,0,4.487429647023524,True,True,False,3,synthetic_2d_kinematics_ideal_odometry
1789808696.4849536,-1.8944220458909458,-0.30985166597315345,-1.662376263875017,0.5647058823529411,0.125,0,0,4.501683790835297,True,True,False,3,synthetic_2d_kinematics_ideal_odometry
1789808696.5098574,-1.8956872245372587,-0.32386772744426584,-1.6592611362500156,0.5647058823529411,0.125,0,0,4.515756837988245,True,True,False,3,synthetic_2d_kinematics_ideal_odometry
1789808696.5346994,-1.8969045714873758,-0.3378389984341956,-1.6561568198750143,0.5647058823529411,0.125,0,0,4.529781043729427,True,True,False,3,synthetic_2d_kinematics_ideal_odometry
1789808696.559775,-1.8980894416486898,-0.3519462217523206,-1.653023132250019,0.5647058823529411,0.125,0,0,4.543937938411759,True,True,False,3,synthetic_2d_kinematics_ideal_odometry
1789808696.5849884,-1.899260223851558,-0.3670225860839471,-1.6435720350000116,0.5999999999999999,0.375,0,0,4.55905969401177,True,True,False,3,synthetic_2d_kinematics_ideal_odometry
1789808696.6098657,-1.9002760833913652,-0.3819142237685484,-1.6342431307500211,0.5999999999999999,0.375,0,0,4.573985940811755,True,True,False,3,synthetic_2d_kinematics_ideal_odometry
1789808696.6346407,-1.9011497018754866,-0.39675423222608036,-1.6249520677500149,0.5999999999999999,0.375,0,0,4.5888516416117655,True,True,False,3,synthetic_2d_kinematics_ideal_odometry
1789808696.6603615,-1.901910646811348,-0.41216618032636154,-1.6153078665000171,0.5999999999999999,0.375,0,0,4.604282363611762,True,True,False,3,synthetic_2d_kinematics_ideal_odometry
1789808696.6849747,-1.902499631177854,-0.42692097121430983,-1.6060787778750187,0.5999999999999999,0.375,0,0,4.619048905411759,True,True,False,3,synthetic_2d_kinematics_ideal_odometry
1789808696.7107434,-1.9029953567190774,-0.4423778042990102,-1.599635119375015,0.5999999999999999,0.25,0,0,4.634513685811768,True,True,False,3,synthetic_2d_kinematics_ideal_odometry
1789808696.7348416,-1.9033686773969833,-0.45682921333990734,-1.593611690125008,0.5999999999999999,0.25,0,0,4.648969916011785,True,True,False,3,synthetic_2d_kinematics_ideal_odometry
1789808696.7600105,-1.9036656409676316,-0.4719246476278959,-1.5873207088750183,0.5999999999999999,0.25,0,0,4.66406827101176,True,True,False,3,synthetic_2d_kinematics_ideal_odometry
1789808696.7850142,-1.90384309460784,-0.48691025479679506,-1.577954047750004,0.5999999999999999,0.375,0,0,4.679054928811783,True,True,False,3,synthetic_2d_kinematics_ideal_odometry
1789808696.8096704,-1.9038805467488598,-0.5017255094583926,-1.5686944840000114,0.5999999999999999,0.375,0,0,4.693870230811771,True,True,False,3,synthetic_2d_kinematics_ideal_odometry
1789808696.8348563,-1.9038250185250047,-0.5168329298100788,-1.5655470835000136,0.5999999999999999,0.125,0,0,4.7089777532117605,True,True,False,3,synthetic_2d_kinematics_ideal_odometry
1789808696.8597536,-1.9037232675077593,-0.5317818787265435,-1.5624326470000147,0.5999999999999999,0.125,0,0,4.723927048411755,True,True,False,3,synthetic_2d_kinematics_ideal_odometry
1789808696.8847258,-1.903574534453361,-0.5467674558510056,-1.5593104980000083,0.5999999999999999,0.125,0,0,4.738913363611786,True,True,False,3,synthetic_2d_kinematics_ideal_odometry
1789808696.9097137,-1.9033321375751793,-0.561756267375594,-1.5499412658750265,0.5999999999999999,0.375,0,0,4.753904135011757,True,True,False,3,synthetic_2d_kinematics_ideal_odometry
1789808696.934697,-1.9029493233444268,-0.5767420306411075,-1.5405721083750228,0.5999999999999999,0.375,0,0,4.768894787011763,True,True,False,3,synthetic_2d_kinematics_ideal_odometry
1789808696.959776,-1.9024240745717695,-0.5917752631598125,-1.5311706048750287,0.5999999999999999,0.375,0,0,4.783937192611753,True,True,False,3,synthetic_2d_kinematics_ideal_odometry
1789808696.9848402,-1.9017575217220877,-0.6068027787837448,-1.5217691730000231,0.5999999999999999,0.375,0,0,4.798979483611762,True,True,False,3,synthetic_2d_kinematics_ideal_odometry
1789808697.0096762,-1.900957779208918,-0.6216854902535983,-1.5124540582500279,0.5999999999999999,0.375,0,0,4.813883667211755,True,True,False,3,synthetic_2d_kinematics_ideal_odometry
1789808697.034725,-1.9000669479923569,-0.6357985192737711,-1.5030634732500152,0.5647058823529411,0.375,0,0,4.828024783447068,True,True,False,3,synthetic_2d_kinematics_ideal_odometry
1789808697.060467,-1.8990143873504555,-0.6502803363029434,-1.4934212741250112,0.5647058823529411,0.375,0,0,4.842544800952957,True,True,False,3,synthetic_2d_kinematics_ideal_odometry
1789808697.0852675,-1.8978670915223328,-0.6642361928348194,-1.484122449375021,0.5647058823529411,0.375,0,0,4.85654773704706,True,True,False,3,synthetic_2d_kinematics_ideal_odometry
1789808697.1097052,-1.8965509061361874,-0.6788644772538546,-1.4780027088750236,0.5999999999999999,0.25,0,0,4.871235114247053,True,True,False,3,synthetic_2d_kinematics_ideal_odometry
1789808697.1346817,-1.8951157252028377,-0.6937815070585579,-1.4717585793750194,0.5999999999999999,0.25,0,0,4.886221025047063,True,True,False,3,synthetic_2d_kinematics_ideal_odometry
1789808697.1598716,-1.893574243152438,-0.7088140335528375,-1.4654621818750249,0.5999999999999999,0.25,0,0,4.90133237904705,True,True,False,3,synthetic_2d_kinematics_ideal_odometry
1789808697.1849556,-1.8919229196914693,-0.7237608847653574,-1.4560635610000068,0.5999999999999999,0.375,0,0,4.9163701724470785,True,True,False,3,synthetic_2d_kinematics_ideal_odometry
1789808697.209807,-1.890146128575073,-0.7385718045607507,-1.4467403638750076,0.5999999999999999,0.375,0,0,4.931287287847077,True,True,False,3,synthetic_2d_kinematics_ideal_odometry
1789808697.234788,-1.888222715829441,-0.7534297179165046,-1.437376681000024,0.5999999999999999,0.375,0,0,4.946269180447051,True,True,False,3,synthetic_2d_kinematics_ideal_odometry
1789808697.2601328,-1.886132229870355,-0.7684638936164214,-1.4278899186250191,0.5999999999999999,0.375,0,0,4.961448000247059,True,True,False,3,synthetic_2d_kinematics_ideal_odometry
1789808697.2850387,-1.8839304659222769,-0.7832739925232539,-1.4185318757500118,0.5999999999999999,0.375,0,0,4.976420868847071,True,True,False,3,synthetic_2d_kinematics_ideal_odometry
1789808697.3243544,-1.8801833613671912,-0.8065477822632484,-1.403798435875017,0.5999999999999999,0.375,0,0,4.999994372647063,True,True,False,3,synthetic_2d_kinematics_ideal_odometry
1789808697.335016,-1.879168468433197,-0.8124957363578331,-1.3997915372500236,0.5647058823529411,0.375,0,0,5.006028290576465,True,True,False,3,synthetic_2d_kinematics_ideal_odometry
1789808697.3600805,-1.8766939806192673,-0.8264337059765834,-1.3903911212500182,0.5647058823529411,0.375,0,0,5.020184211141179,True,True,False,3,synthetic_2d_kinematics_ideal_odometry
1789808697.385301,-1.8739081292518633,-0.8413091017630556,-1.3809323627500083,0.5999999999999999,0.375,0,0,5.035318224741195,True,True,False,3,synthetic_2d_kinematics_ideal_odometry
1789808697.409836,-1.8710628287963325,-0.8557556078037644,-1.371729839500019,0.5999999999999999,0.375,0,0,5.050042261941178,True,True,False,3,synthetic_2d_kinematics_ideal_odometry
1789808697.4345822,-1.868058696942442,-0.8702983676760679,-1.3624487121250075,0.5999999999999999,0.375,0,0,5.064892065741196,True,True,False,3,synthetic_2d_kinematics_ideal_odometry
1789808697.463631,-1.864362674310771,-0.8873221476300749,-1.3515609741250207,0.5999999999999999,0.375,0,0,5.082312446541175,True,True,False,3,synthetic_2d_kinematics_ideal_odometry
1789808697.4848564,-1.861543859853905,-0.8997399823081595,-1.3436023817500091,0.5999999999999999,0.375,0,0,5.095046194341193,True,True,False,3,synthetic_2d_kinematics_ideal_odometry
1789808697.5098195,-1.8583017503447719,-0.91347043515334,-1.334233765750013,0.5647058823529411,0.375,0,0,5.109154227847069,True,True,False,3,synthetic_2d_kinematics_ideal_odometry
1789808697.5347424,-1.8549385076740015,-0.927140597179493,-1.3248852201250108,0.5647058823529411,0.375,0,0,5.123232037729426,True,True,False,3,synthetic_2d_kinematics_ideal_odometry
1789808697.559797,-1.8514298452328628,-0.9408468206136363,-1.3154899378750065,0.5647058823529411,0.375,0,0,5.137380227470609,True,True,False,3,synthetic_2d_kinematics_ideal_odometry
1789808697.584851,-1.8477965274461559,-0.9545048588228842,-1.3061047116250242,0.5647058823529411,0.375,0,0,5.151513274058818,True,True,False,3,synthetic_2d_kinematics_ideal_odometry
1789808697.6098027,-1.8440431069636862,-0.9681000285570567,-1.2967389156250055,0.5647058823529411,0.375,0,0,5.165617060976493,True,True,False,3,synthetic_2d_kinematics_ideal_odometry
1789808697.6347725,-1.839920990439729,-0.9825034670632516,-1.287375362500014,0.5999999999999999,0.375,0,0,5.1805987459764795,True,True,False,3,synthetic_2d_kinematics_ideal_odometry
1789808697.6600194,-1.8356176578709527,-0.9970220085389891,-1.2779110645000094,0.5999999999999999,0.375,0,0,5.195741622776487,True,True,False,3,synthetic_2d_kinematics_ideal_odometry
1789808697.684774,-1.8312616488785696,-1.0112280610676971,-1.268624255500014,0.5999999999999999,0.375,0,0,5.21060051717648,True,True,False,3,synthetic_2d_kinematics_ideal_odometry
1789808697.709634,-1.8267556424269094,-1.025449758465256,-1.2593002112500207,0.5999999999999999,0.375,0,0,5.225518987976469,True,True,False,3,synthetic_2d_kinematics_ideal_odometry
1789808697.734847,-1.8220574637582803,-1.039808644943853,-1.2498577352500098,0.5999999999999999,0.375,0,0,5.240626949576486,True,True,False,3,synthetic_2d_kinematics_ideal_odometry
1789808697.7597935,-1.8172644643664118,-1.0540042722164034,-1.2404933938750196,0.5999999999999999,0.375,0,0,5.25560989577647,True,True,False,3,synthetic_2d_kinematics_ideal_odometry
1789808697.784726,-1.8123448829869495,-1.0681370221180506,-1.231140568000007,0.5999999999999999,0.375,0,0,5.27057441717649,True,True,False,3,synthetic_2d_kinematics_ideal_odometry
1789808697.809722,-1.8072822438745828,-1.082253626683362,-1.2217674673750087,0.5999999999999999,0.375,0,0,5.285571378176487,True,True,False,3,synthetic_2d_kinematics_ideal_odometry
1789808697.8346877,-1.802095028031899,-1.0963020955066214,-1.212407757250026,0.5999999999999999,0.375,0,0,5.300546914376459,True,True,False,3,synthetic_2d_kinematics_ideal_odometry
1789808697.8601146,-1.7966798273791698,-1.110552388758692,-1.202879935000012,0.5999999999999999,0.375,0,0,5.315791429976481,True,True,False,3,synthetic_2d_kinematics_ideal_odometry
1789808697.8850157,-1.7912410899293518,-1.1244678830733463,-1.1935420742500105,0.5999999999999999,0.375,0,0,5.330732007176484,True,True,False,3,synthetic_2d_kinematics_ideal_odometry
1789808697.909831,-1.7856685552316887,-1.138280752165104,-1.1811299247500164,0.5999999999999999,0.5,0,0,5.3456265865764765,True,True,False,3,synthetic_2d_kinematics_ideal_odometry
1789808697.9350624,-1.7798346000491732,-1.1522359340942803,-1.1685253032500134,0.5999999999999999,0.5,0,0,5.36075213237648,True,True,False,3,synthetic_2d_kinematics_ideal_odometry
1789808697.9598176,-1.7739267095379474,-1.1658859659947438,-1.1561305647500069,0.5999999999999999,0.5,0,0,5.375625818576488,True,True,False,3,synthetic_2d_kinematics_ideal_odometry
1789808697.9848497,-1.767790908012818,-1.1795917517577221,-1.1436167772500232,0.5999999999999999,0.5,0,0,5.390642363576468,True,True,False,3,synthetic_2d_kinematics_ideal_odometry
1789808698.0098948,-1.7614797683468213,-1.1932288501892019,-1.1310945487500055,0.5999999999999999,0.5,0,0,5.405669037776489,True,True,False,3,synthetic_2d_kinematics_ideal_odometry
1789808698.034743,-1.7554459000098521,-1.205901834844161,-1.1217737010000155,0.5647058823529411,0.375,0,0,5.41970513791765,True,True,False,3,synthetic_2d_kinematics_ideal_odometry
1789808698.0598264,-1.749237998989537,-1.2186318697851628,-1.112368554375009,0.5647058823529411,0.375,0,0,5.433868182247071,True,True,False,3,synthetic_2d_kinematics_ideal_odometry
1789808698.0847852,-1.7429413670986487,-1.2312421491725005,-1.1030086477500154,0.5647058823529411,0.375,0,0,5.447963100458827,True,True,False,3,synthetic_2d_kinematics_ideal_odometry
1789808698.1098247,-1.7365081246820866,-1.2438294145385482,-1.093621475250024,0.5647058823529411,0.375,0,0,5.462099077870579,True,True,False,3,synthetic_2d_kinematics_ideal_odometry
1789808698.1348565,-1.7299612469120067,-1.2563477239830647,-1.084240321875007,0.5647058823529411,0.375,0,0,5.476225991188251,True,True,False,3,synthetic_2d_kinematics_ideal_odometry
1789808698.1598637,-1.7232933875489551,-1.268811154793677,-1.074853816500016,0.5647058823529411,0.375,0,0,5.490360963988238,True,True,False,3,synthetic_2d_kinematics_ideal_odometry
1789808698.1848404,-1.7160875435148828,-1.28193328536424,-1.0623784380000165,0.5999999999999999,0.5,0,0,5.505331418188237,True,True,False,3,synthetic_2d_kinematics_ideal_odometry
1789808698.209827,-1.7087045859051309,-1.2949888582386617,-1.0498796590000188,0.5999999999999999,0.5,0,0,5.520329952988234,True,True,False,3,synthetic_2d_kinematics_ideal_odometry
1789808698.2346323,-1.701216961937838,-1.3078530217664373,-1.0374758285000132,0.5999999999999999,0.5,0,0,5.535214549588241,True,True,False,3,synthetic_2d_kinematics_ideal_odometry
1789808698.260097,-1.6933686139194997,-1.320955426221365,-1.0247481910000067,0.5999999999999999,0.5,0,0,5.550487714588249,True,True,False,3,synthetic_2d_kinematics_ideal_odometry
1789808698.2849717,-1.6855367502774077,-1.3336647315918242,-1.0123076510000066,0.5999999999999999,0.5,0,0,5.565416362588249,True,True,False,3,synthetic_2d_kinematics_ideal_odometry
1789808698.315037,-1.6758631297846662,-1.3488904725926258,-0.9972752295000111,0.5999999999999999,0.5,0,0,5.583455268388244,True,True,False,3,synthetic_2d_kinematics_ideal_odometry
1789808698.334895,-1.6693516594676687,-1.3588620524421464,-0.9873508050000259,0.5999999999999999,0.5,0,0,5.595364577788226,True,True,False,3,synthetic_2d_kinematics_ideal_odometry
1789808698.3599675,-1.6609837951100412,-1.3713673985837957,-0.9748118425000234,0.5999999999999999,0.5,0,0,5.610411332788229,True,True,False,3,synthetic_2d_kinematics_ideal_odometry
1789808698.3850534,-1.6524828918856742,-1.3837336789691326,-0.9623065590000044,0.5999999999999999,0.5,0,0,5.6254176729882515,True,True,False,3,synthetic_2d_kinematics_ideal_odometry
1789808698.4098895,-1.6438604105757093,-1.3959474023381202,-0.9498476760000107,0.5999999999999999,0.5,0,0,5.640368332588244,True,True,False,3,synthetic_2d_kinematics_ideal_odometry
1789808698.4346426,-1.6351446129868576,-1.4079735204768526,-0.9374707080000269,0.5999999999999999,0.5,0,0,5.655220694188224,True,True,False,3,synthetic_2d_kinematics_ideal_odometry
1789808698.459731,-1.6261541560868522,-1.4200586884051662,-0.9249186055000029,0.5999999999999999,0.5,0,0,5.670283217188253,True,True,False,3,synthetic_2d_kinematics_ideal_odometry
1789808698.4848304,-1.6170234255636045,-1.4320162154534188,-0.9123810870000204,0.5999999999999999,0.5,0,0,5.685328239388232,True,True,False,3,synthetic_2d_kinematics_ideal_odometry
1789808698.509751,-1.6077929355721,-1.4437960467065851,-0.8999098320000121,0.5999999999999999,0.5,0,0,5.700293745388242,True,True,False,3,synthetic_2d_kinematics_ideal_odometry
1789808698.5347393,-1.5983990473921494,-1.4554809857838464,-0.8874158630000215,0.5999999999999999,0.5,0,0,5.715286508188231,True,True,False,3,synthetic_2d_kinematics_ideal_odometry
1789808698.5598588,-1.588810420031811,-1.4671068899847075,-0.8748575705000041,0.5999999999999999,0.5,0,0,5.730356459188251,True,True,False,3,synthetic_2d_kinematics_ideal_odometry
1789808698.5848618,-1.5791216571757467,-1.4785588232151752,-0.8623570455000253,0.5999999999999999,0.5,0,0,5.745357089188226,True,True,False,3,synthetic_2d_kinematics_ideal_odometry
1789808698.609718,-1.5693448727204258,-1.4898268694388,-0.8499251650000224,0.5999999999999999,0.5,0,0,5.760275345788229,True,True,False,3,synthetic_2d_kinematics_ideal_odometry
1789808698.6347706,-1.559356463972623,-1.5010527519754453,-0.8374032745000113,0.5999999999999999,0.5,0,0,5.775301614388242,True,True,False,3,synthetic_2d_kinematics_ideal_odometry
1789808698.6598287,-1.5492222111758371,-1.5121592440096048,-0.8248739410000132,0.5999999999999999,0.5,0,0,5.79033681458824,True,True,False,3,synthetic_2d_kinematics_ideal_odometry
1789808698.6847708,-1.5389943254436569,-1.5230906869644751,-0.8123987965000117,0.5999999999999999,0.5,0,0,5.805306987988242,True,True,False,3,synthetic_2d_kinematics_ideal_odometry
1789808698.709696,-1.5286417165005406,-1.533882519567055,-0.7999366270000143,0.5999999999999999,0.5,0,0,5.820261591388239,True,True,False,3,synthetic_2d_kinematics_ideal_odometry
1789808698.7348585,-1.5180618101455468,-1.5446384958594201,-0.7873639095000078,0.5999999999999999,0.5,0,0,5.835348852388247,True,True,False,3,synthetic_2d_kinematics_ideal_odometry
1789808698.7600367,-1.5073361206208098,-1.5552717591792977,-0.7747779080000248,0.5999999999999999,0.5,0,0,5.850452054188226,True,True,False,3,synthetic_2d_kinematics_ideal_odometry
1789808698.7850015,-1.4965648626452683,-1.5656857386763061,-0.7622926120000022,0.5999999999999999,0.5,0,0,5.865434409388254,True,True,False,3,synthetic_2d_kinematics_ideal_odometry
1789808698.820568,-1.4810065129664685,-1.580279096450486,-0.7445164510000017,0.5999999999999999,0.5,0,0,5.886765802588254,True,True,False,3,synthetic_2d_kinematics_ideal_odometry
1789808698.834818,-1.4750705483809183,-1.5857192585435647,-0.7391695708750197,0.5647058823529411,0.375,0,0,5.894817575011756,True,True,False,3,synthetic_2d_kinematics_ideal_odometry
1789808698.860013,-1.4645107285076624,-1.5952543051908046,-0.7297215013750096,0.5647058823529411,0.375,0,0,5.909045256141183,True,True,False,3,synthetic_2d_kinematics_ideal_odometry
1789808698.8850987,-1.4539076746615358,-1.604648454283327,-0.7203144100000207,0.5647058823529411,0.375,0,0,5.923211229035283,True,True,False,3,synthetic_2d_kinematics_ideal_odometry
1789808698.9099622,-1.443308765025679,-1.6138631778533084,-0.7109879833750048,0.5647058823529411,0.375,0,0,5.937255730305895,True,True,False,3,synthetic_2d_kinematics_ideal_odometry
1789808698.9347265,-1.4326642624312507,-1.6229449426017402,-0.7016962352500178,0.5647058823529411,0.375,0,0,5.951248009835288,True,True,False,3,synthetic_2d_kinematics_ideal_odometry
1789808698.9598246,-1.4217970131478446,-1.6320425337146618,-0.6922847271250125,0.5647058823529411,0.375,0,0,5.965420633835295,True,True,False,3,synthetic_2d_kinematics_ideal_odometry
1789808698.9848201,-1.410887848015413,-1.6410022857076674,-0.6829102191250193,0.5647058823529411,0.375,0,0,5.979537539999991,True,True,False,3,synthetic_2d_kinematics_ideal_odometry
1789808699.010071,-1.399796804714717,-1.6499378688738857,-0.67345214387501,0.5647058823529411,0.375,0,0,5.993780288611769,True,True,False,3,synthetic_2d_kinematics_ideal_odometry
1789808699.0347698,-1.3888466125620207,-1.6585921554631304,-0.6641836918750094,0.5647058823529411,0.375,0,0,6.0077374869176525,True,True,False,3,synthetic_2d_kinematics_ideal_odometry
1789808699.0597217,-1.377706163500659,-1.6672294478680656,-0.6548227086250186,0.5647058823529411,0.375,0,0,6.021834026399992,True,True,False,3,synthetic_2d_kinematics_ideal_odometry
1789808699.0848868,-1.3663940764950935,-1.6758308076716288,-0.6453858523750063,0.5647058823529411,0.375,0,0,6.036044821694127,True,True,False,3,synthetic_2d_kinematics_ideal_odometry
1789808699.1124847,-1.3539014399134648,-1.6851362722497398,-0.635041437250009,0.5647058823529411,0.375,0,0,6.0516222938823585,True,True,False,3,synthetic_2d_kinematics_ideal_odometry
1789808699.1349094,-1.3436770897302908,-1.6926041199229243,-0.6266336065000069,0.5647058823529411,0.375,0,0,6.064283497835303,True,True,False,3,synthetic_2d_kinematics_ideal_odometry
1789808699.159906,-1.3322054448662803,-1.7008275979070628,-0.617260576000013,0.5647058823529411,0.375,0,0,6.078398179058824,True,True,False,3,synthetic_2d_kinematics_ideal_odometry
1789808699.1850536,-1.3205883300450958,-1.7089911257721446,-0.6078318111250162,0.5647058823529411,0.375,0,0,6.092596789694113,True,True,False,3,synthetic_2d_kinematics_ideal_odometry
1789808699.209888,-1.3090356212523444,-1.7169487076845873,-0.5985162617500129,0.5647058823529411,0.375,0,0,6.106624911105882,True,True,False,3,synthetic_2d_kinematics_ideal_odometry
1789808699.2348585,-1.2973687340476865,-1.7248254296708105,-0.5891683228750103,0.5647058823529411,0.375,0,0,6.120701807294122,True,True,False,3,synthetic_2d_kinematics_ideal_odometry
1789808699.2601871,-1.2854241977265115,-1.732726672367963,-0.5796580393750111,0.5647058823529411,0.375,0,0,6.1350231753882385,True,True,False,3,synthetic_2d_kinematics_ideal_odometry
1789808699.2850971,-1.2736158999749878,-1.7403787528036294,-0.5703140822500209,0.5647058823529411,0.375,0,0,6.1490940755294,True,True,False,3,synthetic_2d_kinematics_ideal_odometry
1789808699.3097382,-1.2618695198101386,-1.7478366524785518,-0.5610743567500044,0.5647058823529411,0.375,0,0,6.163008015105896,True,True,False,3,synthetic_2d_kinematics_ideal_odometry
1789808699.3349714,-1.2497742874322542,-1.7553583111617297,-0.5516159526250198,0.5647058823529411,0.375,0,0,6.177251258964696,True,True,False,3,synthetic_2d_kinematics_ideal_odometry
1789808699.3599658,-1.2377136225174452,-1.7627018778501362,-0.5422390795000133,0.5647058823529411,0.375,0,0,6.191371726729412,True,True,False,3,synthetic_2d_kinematics_ideal_odometry
1789808699.3871868,-1.2236794763487222,-1.771059791335751,-0.5320300918750142,0.5999999999999999,0.375,0,0,6.20770610692941,True,True,False,3,synthetic_2d_kinematics_ideal_odometry
1789808699.4098887,-1.2119104889738745,-1.7779202802837561,-0.5235159636250152,0.5999999999999999,0.375,0,0,6.2213287121294085,True,True,False,3,synthetic_2d_kinematics_ideal_odometry
1789808699.4348528,-1.1989052974643102,-1.7853464681004045,-0.5141559073750052,0.5999999999999999,0.375,0,0,6.236304802129425,True,True,False,3,synthetic_2d_kinematics_ideal_odometry
1789808699.4600003,-1.1857473008624508,-1.7926969397653254,-0.5047359670000083,0.5999999999999999,0.375,0,0,6.2513767067294195,True,True,False,3,synthetic_2d_kinematics_ideal_odometry
1789808699.4850392,-1.172547060199425,-1.7999088704898187,-0.49533478900000383,0.5999999999999999,0.375,0,0,6.266418591529427,True,True,False,3,synthetic_2d_kinematics_ideal_odometry
1789808699.510339,-1.1591597419806683,-1.8070596878871064,-0.48584889325002145,0.5999999999999999,0.375,0,0,6.2815960247293985,True,True,False,3,synthetic_2d_kinematics_ideal_odometry
1789808699.5348802,-1.1461090117136197,-1.8138747540843552,-0.47664701912500995,0.5999999999999999,0.375,0,0,6.296319023329417,True,True,False,3,synthetic_2d_kinematics_ideal_odometry
1789808699.5598147,-1.1327727772155929,-1.820682155730878,-0.46728878687500164,0.5999999999999999,0.375,0,0,6.311292194929431,True,True,False,3,synthetic_2d_kinematics_ideal_odometry
1789808699.5864902,-1.1184479711451778,-1.8278202176527072,-0.4572858186250023,0.5999999999999999,0.375,0,0,6.327296944129429,True,True,False,3,synthetic_2d_kinematics_ideal_odometry
1789808699.6098242,-1.1058629255329069,-1.833944750734343,-0.4485382011250102,0.5999999999999999,0.375,0,0,6.341293132129417,True,True,False,3,synthetic_2d_kinematics_ideal_odometry
1789808699.6347144,-1.0923691081366802,-1.8403612710718906,-0.43919962937500323,0.5999999999999999,0.375,0,0,6.3562348469294285,True,True,False,3,synthetic_2d_kinematics_ideal_odometry
1789808699.6599367,-1.0786780163693135,-1.846714732693533,-0.42976621825000827,0.5999999999999999,0.375,0,0,6.3713283047294205,True,True,False,3,synthetic_2d_kinematics_ideal_odometry
1789808699.684893,-1.0650351186764422,-1.8528906972071146,-0.42040641400001916,0.5999999999999999,0.375,0,0,6.386303991529403,True,True,False,3,synthetic_2d_kinematics_ideal_odometry
1789808699.709777,-1.0513416304327252,-1.8589358140741719,-0.41105112100000624,0.5999999999999999,0.375,0,0,6.401272460329424,True,True,False,3,synthetic_2d_kinematics_ideal_odometry
1789808699.7347481,-1.0375805072886772,-1.8648575236887452,-0.40168789600001914,0.5999999999999999,0.375,0,0,6.416253620329403,True,True,False,3,synthetic_2d_kinematics_ideal_odometry
1789808699.7598474,-1.0236930259961465,-1.870679716573831,-0.3922762993750119,0.5999999999999999,0.375,0,0,6.431312174929415,True,True,False,3,synthetic_2d_kinematics_ideal_odometry
1789808699.784824,-1.0098194517567487,-1.876343526974754,-0.38291057875000617,0.5999999999999999,0.375,0,0,6.4462973279294244,True,True,False,3,synthetic_2d_kinematics_ideal_odometry
1789808699.8096335,-0.9959907531677082,-1.8818390100121554,-0.3736101831250018,0.5999999999999999,0.375,0,0,6.461177960929431,True,True,False,3,synthetic_2d_kinematics_ideal_odometry
1789808699.8349285,-0.9818408934566798,-1.8873088240342024,-0.364128758125019,0.5999999999999999,0.375,0,0,6.476348240929404,True,True,False,3,synthetic_2d_kinematics_ideal_odometry
1789808699.8600283,-0.9677445138168995,-1.8926054565615191,-0.3547171165000187,0.5999999999999999,0.375,0,0,6.491406867529404,True,True,False,3,synthetic_2d_kinematics_ideal_odometry
1789808699.8847988,-0.9537700056805641,-1.8977076290126527,-0.34541911937501557,0.5999999999999999,0.375,0,0,6.506283662929409,True,True,False,3,synthetic_2d_kinematics_ideal_odometry
1789808699.9096806,-0.9396965701824663,-1.9026978467196989,-0.33608663537500333,0.5999999999999999,0.375,0,0,6.521215637329428,True,True,False,3,synthetic_2d_kinematics_ideal_odometry
1789808699.9351106,-0.9252985273376855,-1.9076509153825822,-0.3265702735000168,0.5999999999999999,0.375,0,0,6.536441816329407,True,True,False,3,synthetic_2d_kinematics_ideal_odometry
1789808699.95979,-0.9112284087062128,-1.9123438423146664,-0.31730019812500315,0.5999999999999999,0.375,0,0,6.551273936929428,True,True,False,3,synthetic_2d_kinematics_ideal_odometry
1789808699.9848156,-0.8969374260499104,-1.91696274790107,-0.3079134040000177,0.5999999999999999,0.375,0,0,6.566292807529405,True,True,False,3,synthetic_2d_kinematics_ideal_odometry
1789808700.009766,-0.882648410003515,-1.9214335516656038,-0.29855583550000303,0.5999999999999999,0.375,0,0,6.581264917129428,True,True,False,3,synthetic_2d_kinematics_ideal_odometry
1789808700.0347676,-0.8682931649620499,-1.9257778952286881,-0.28918195262500673,0.5999999999999999,0.375,0,0,6.596263129729422,True,True,False,3,synthetic_2d_kinematics_ideal_odometry
1789808700.060103,-0.8537188075641774,-1.9300389150929635,-0.2796916577500134,0.5999999999999999,0.375,0,0,6.611447601529411,True,True,False,3,synthetic_2d_kinematics_ideal_odometry
1789808700.0852962,-0.8391640192429635,-1.93414499037102,-0.2702398532500034,0.5999999999999999,0.375,0,0,6.626570488729428,True,True,False,3,synthetic_2d_kinematics_ideal_odometry
1789808700.1098921,-0.8257650756460072,-1.9378123912718204,-0.2640898470000074,0.5647058823529411,0.25,0,0,6.640462267552948,True,True,False,3,synthetic_2d_kinematics_ideal_odometry
1789808700.1348953,-0.8121270769202403,-1.9414544916267984,-0.2578406005000026,0.5647058823529411,0.25,0,0,6.654578212588253,True,True,False,3,synthetic_2d_kinematics_ideal_odometry
1789808700.1600006,-0.7984070381215967,-1.9450265989442368,-0.25156413575001507,0.5647058823529411,0.25,0,0,6.668755638847048,True,True,False,3,synthetic_2d_kinematics_ideal_odometry
1789808700.185055,-0.7838334607348856,-1.9487235096833166,-0.24529948200000645,0.5999999999999999,0.25,0,0,6.6837908078470685,True,True,False,3,synthetic_2d_kinematics_ideal_odometry
1789808700.2098258,-0.7693993234629531,-1.9522894891650733,-0.23910443850000646,0.5999999999999999,0.25,0,0,6.698658912247068,True,True,False,3,synthetic_2d_kinematics_ideal_odometry
1789808700.2347395,-0.7548617350092492,-1.9557853446219062,-0.23287443600000227,0.5999999999999999,0.25,0,0,6.7136109182470785,True,True,False,3,synthetic_2d_kinematics_ideal_odometry
1789808700.259805,-0.7402179679396915,-1.959210090153146,-0.22660822375000503,0.5999999999999999,0.25,0,0,6.728649827647072,True,True,False,3,synthetic_2d_kinematics_ideal_odometry
1789808700.2848563,-0.7255577281035689,-1.9625419554406143,-0.2203440182500024,0.5999999999999999,0.25,0,0,6.743683920847078,True,True,False,3,synthetic_2d_kinematics_ideal_odometry
1789808700.32943,-0.6994299840525575,-1.9682413863985957,-0.2092014562500132,0.5999999999999999,0.25,0,0,6.770426069647051,True,True,False,3,synthetic_2d_kinematics_ideal_odometry
1789808700.3346875,-0.6963452111735622,-1.9688941902230808,-0.20788766875000345,0.5999999999999999,0.25,0,0,6.773579159647075,True,True,False,3,synthetic_2d_kinematics_ideal_odometry
1789808700.359881,-0.6815511749477273,-1.9719661632103587,-0.2015919950000146,0.5999999999999999,0.25,0,0,6.7886887766470485,True,True,False,3,synthetic_2d_kinematics_ideal_odometry
1789808700.3849967,-0.6667815856031127,-1.974936333264242,-0.1953147947500035,0.5999999999999999,0.25,0,0,6.803754057247075,True,True,False,3,synthetic_2d_kinematics_ideal_odometry
1789808700.4098656,-0.6521315511921503,-1.9777873446853684,-0.18909609850001555,0.5999999999999999,0.25,0,0,6.818678928247047,True,True,False,3,synthetic_2d_kinematics_ideal_odometry
1789808700.4346395,-0.6375279846097013,-1.980558781396528,-0.18599938612501102,0.5999999999999999,0.125,0,0,6.8335431476470685,True,True,False,3,synthetic_2d_kinematics_ideal_odometry
1789808700.4599633,-0.6225964297784777,-1.983344064101419,-0.1828349877500123,0.5999999999999999,0.125,0,0,6.848732259847062,True,True,False,3,synthetic_2d_kinematics_ideal_odometry
1789808700.4849994,-0.6078214106321752,-1.9860520618559,-0.17970558500001413,0.5999999999999999,0.125,0,0,6.863753393047054,True,True,False,3,synthetic_2d_kinematics_ideal_odometry
1789808700.509901,-0.59311037018752,-1.9887008936422317,-0.17659149975000968,0.5999999999999999,0.125,0,0,6.878701002247075,True,True,False,3,synthetic_2d_kinematics_ideal_odometry
1789808700.5348346,-0.5783806143644291,-1.9913057478859304,-0.17347518562501488,0.5999999999999999,0.125,0,0,6.89365931004705,True,True,False,3,synthetic_2d_kinematics_ideal_odometry
1789808700.5600958,-0.5634534384839204,-1.9938972604223488,-0.17031883925001448,0.5999999999999999,0.125,0,0,6.908809772647052,True,True,False,3,synthetic_2d_kinematics_ideal_odometry
1789808700.5849023,-0.5487730831225412,-1.9963986222741512,-0.1672163533750101,0.5999999999999999,0.125,0,0,6.923701704847073,True,True,False,3,synthetic_2d_kinematics_ideal_odometry
1789808700.6098826,-0.5340060383131225,-1.9988675084947736,-0.16409718512501495,0.5999999999999999,0.125,0,0,6.9386737124470494,True,True,False,3,synthetic_2d_kinematics_ideal_odometry
1789808700.6347585,-0.5192593722456371,-2.0012857738096876,-0.1609839282500111,0.5999999999999999,0.125,0,0,6.953617345447068,True,True,False,3,synthetic_2d_kinematics_ideal_odometry
1789808700.6600347,-0.5042912087890074,-2.0036921865835953,-0.1578255183750123,0.5999999999999999,0.125,0,0,6.9687777128470625,True,True,False,3,synthetic_2d_kinematics_ideal_odometry
1789808700.6847904,-0.4896068217897731,-2.006005885063775,-0.1547285298750147,0.5999999999999999,0.125,0,0,6.983643257647051,True,True,False,3,synthetic_2d_kinematics_ideal_odometry
1789808700.709749,-0.4748078455167498,-2.0082905194897727,-0.1516088868750096,0.5999999999999999,0.125,0,0,6.998617544047075,True,True,False,3,synthetic_2d_kinematics_ideal_odometry
1789808700.7347324,-0.4599866200612591,-2.0105312481954596,-0.14848604325000922,0.5999999999999999,0.125,0,0,7.013607193447077,True,True,False,3,synthetic_2d_kinematics_ideal_odometry
1789808700.7598228,-0.4450940760694865,-2.012735108153829,-0.14534964137501236,0.5999999999999999,0.125,0,0,7.028661922447062,True,True,False,3,synthetic_2d_kinematics_ideal_odometry
1789808700.7848272,-0.43024515752421016,-2.0148850225935377,-0.14222386012501362,0.5999999999999999,0.125,0,0,7.043665672447056,True,True,False,3,synthetic_2d_kinematics_ideal_odometry
1789808700.8097193,-0.415458990351122,-2.016978795609352,-0.13911267800001,0.5999999999999999,0.125,0,0,7.058599346647074,True,True,False,3,synthetic_2d_kinematics_ideal_odometry
1789808700.8347292,-0.40059591621153834,-2.0190361983688794,-0.1359866790000119,0.5999999999999999,0.125,0,0,7.073604141847064,True,True,False,3,synthetic_2d_kinematics_ideal_odometry
1789808700.8599207,-0.3856177190232823,-2.0210616640536556,-0.1328378193750119,0.5999999999999999,0.125,0,0,7.088718668047064,True,True,False,3,synthetic_2d_kinematics_ideal_odometry
1789808700.8848665,-0.37077743313663714,-2.0230211446591113,-0.12971925900001155,0.5999999999999999,0.125,0,0,7.103687757847066,True,True,False,3,synthetic_2d_kinematics_ideal_odometry
1789808700.9098976,-0.35589062321939813,-2.0249394883545824,-0.12659219612500935,0.5999999999999999,0.125,0,0,7.118697659647077,True,True,False,3,synthetic_2d_kinematics_ideal_odometry
1789808700.953534,-0.3299210451269784,-2.0281727928451274,-0.12114009550000945,0.5999999999999999,0.125,0,0,7.144867742647076,True,True,False,3,synthetic_2d_kinematics_ideal_odometry
1789808700.960207,-0.3259451643925441,-2.0286551181360273,-0.12030571425001498,0.5999999999999999,0.125,0,0,7.148872772647049,True,True,False,3,synthetic_2d_kinematics_ideal_odometry
1789808700.9849136,-0.3112176077793129,-2.030412442842993,-0.11721570800000976,0.5999999999999999,0.125,0,0,7.163704802647074,True,True,False,3,synthetic_2d_kinematics_ideal_odometry
1789808701.0098116,-0.2963736590818676,-2.032136976618623,-0.11410241862501565,0.5999999999999999,0.125,0,0,7.178648591647046,True,True,False,3,synthetic_2d_kinematics_ideal_odometry
1789808701.0347795,-0.28149257641218395,-2.033818836632309,-0.1109824555000138,0.5999999999999999,0.125,0,0,7.193624414647055,True,True,False,3,synthetic_2d_kinematics_ideal_odometry
1789808701.0599976,-0.26645288984688176,-2.035470871324273,-0.10783034125001408,0.5999999999999999,0.125,0,0,7.208754563047054,True,True,False,3,synthetic_2d_kinematics_ideal_odometry
1789808701.084985,-0.25154082311770803,-2.0370615419332334,-0.10470603600000956,0.5999999999999999,0.125,0,0,7.2237512282470755,True,True,False,3,synthetic_2d_kinematics_ideal_odometry
1789808701.109964,-0.23663273067842333,-2.0386047107292065,-0.10158358850001221,0.5999999999999999,0.125,0,0,7.238738976247062,True,True,False,3,synthetic_2d_kinematics_ideal_odometry
1789808701.1352472,-0.2215701629666453,-2.0401161103358003,-0.09842979562501526,0.5999999999999999,0.125,0,0,7.253877182047048,True,True,False,3,synthetic_2d_kinematics_ideal_odometry
1789808701.1598172,-0.20686088651291434,-2.0415457739863783,-0.09535092250000972,0.5999999999999999,0.125,0,0,7.268655773047074,True,True,False,3,synthetic_2d_kinematics_ideal_odometry
1789808701.1848245,-0.19191925780283606,-2.0429512372609353,-0.09222434237501105,0.5999999999999999,0.125,0,0,7.283663357647068,True,True,False,3,synthetic_2d_kinematics_ideal_odometry
1789808701.2098389,-0.1769758626660566,-2.0443097493082196,-0.08909829662500997,0.5999999999999999,0.125,0,0,7.298668377247074,True,True,False,3,synthetic_2d_kinematics_ideal_odometry
1789808701.2347186,-0.16210396550316025,-2.045615018709506,-0.08598807425001029,0.5999999999999999,0.125,0,0,7.313597444647073,True,True,False,3,synthetic_2d_kinematics_ideal_odometry
1789808701.259799,-0.14710648014204988,-2.0468841265313955,-0.08285243125001004,0.5999999999999999,0.125,0,0,7.328648531047074,True,True,False,3,synthetic_2d_kinematics_ideal_odometry
1789808701.2848065,-0.13215072549713974,-2.0481025554951873,-0.0797263261250116,0.5999999999999999,0.125,0,0,7.343653835647067,True,True,False,3,synthetic_2d_kinematics_ideal_odometry
1789808701.309775,-0.11721513025887269,-2.049248948983644,-0.07348485662501433,0.5999999999999999,0.25,0,0,7.35863336244706,True,True,False,3,synthetic_2d_kinematics_ideal_odometry
1789808701.334711,-0.10228847806962223,-2.0503010360940315,-0.06724998837500992,0.5999999999999999,0.25,0,0,7.37359704624707,True,True,False,3,synthetic_2d_kinematics_ideal_odometry
1789808701.3597507,-0.08729649120657096,-2.0512636452683632,-0.06099046387501447,0.5999999999999999,0.25,0,0,7.38861990504706,True,True,False,3,synthetic_2d_kinematics_ideal_odometry
1789808701.3848903,-0.07224025024489872,-2.052135598958166,-0.054706518625010164,0.5999999999999999,0.25,0,0,7.4037013736470705,True,True,False,3,synthetic_2d_kinematics_ideal_odometry
1789808701.413062,-0.05536903707142658,-2.052999942001396,-0.0476676271250078,0.5999999999999999,0.25,0,0,7.420594713247076,True,True,False,3,synthetic_2d_kinematics_ideal_odometry
1789808701.4347801,-0.04234900759131172,-2.053603329909979,-0.04495220975000721,0.5999999999999999,0.125,0,0,7.433628716647079,True,True,False,3,synthetic_2d_kinematics_ideal_odometry
1789808701.461663,-0.026240422416273904,-2.054300826651269,-0.041593110000007275,0.5999999999999999,0.125,0,0,7.449752395447079,True,True,False,3,synthetic_2d_kinematics_ideal_odometry
1789808701.4849668,-0.012267457724951091,-2.054861952770805,-0.038679729375011365,0.5999999999999999,0.125,0,0,7.463736622447059,True,True,False,3,synthetic_2d_kinematics_ideal_odometry
1789808701.5097964,0.0026243609931502227,-2.0554151018909104,-0.03557512762500821,0.5999999999999999,0.125,0,0,7.478638710847075,True,True,False,3,synthetic_2d_kinematics_ideal_odometry
1789808701.534953,0.01770668339613755,-2.055928146011524,-0.03243115975001061,0.5999999999999999,0.125,0,0,7.493729756647063,True,True,False,3,synthetic_2d_kinematics_ideal_odometry
1789808701.5600486,0.032754313752951715,-2.056392707807585,-0.029294743125013414,0.5999999999999999,0.125,0,0,7.50878455644705,True,True,False,3,synthetic_2d_kinematics_ideal_odometry
1789808701.5850523,0.04773729208419486,-2.0568083435422353,-0.026172088500010918,0.5999999999999999,0.125,0,0,7.523773298647062,True,True,False,3,synthetic_2d_kinematics_ideal_odometry
1789808701.6098223,0.06261497425157904,-2.05717473379326,-0.02307163162500743,0.5999999999999999,0.125,0,0,7.538655491647079,True,True,False,3,synthetic_2d_kinematics_ideal_odometry
1789808701.6348724,0.07761950278330032,-2.0574975054426243,-0.019944965000006934,0.5999999999999999,0.125,0,0,7.5536634914470815,True,True,False,3,synthetic_2d_kinematics_ideal_odometry
1789808701.6599257,0.09266440204350972,-2.057774024560125,-0.01681008162500959,0.5999999999999999,0.125,0,0,7.568710931647069,True,True,False,3,synthetic_2d_kinematics_ideal_odometry
1789808701.6850462,0.10773713793613313,-2.058003748166481,-0.013669563625007444,0.5999999999999999,0.125,0,0,7.583785418047079,True,True,False,3,synthetic_2d_kinematics_ideal_odometry
1789808701.7099648,0.12268775862014195,-2.05818484033121,-0.010554622500009006,0.5999999999999999,0.125,0,0,7.598737135447072,True,True,False,3,synthetic_2d_kinematics_ideal_odometry
1789808701.7350311,0.1377222374627536,-2.0583199808979553,-0.007422312875007012,0.5999999999999999,0.125,0,0,7.613772221647082,True,True,False,3,synthetic_2d_kinematics_ideal_odometry
1789808701.7599714,0.15268813480471147,-2.0584077320246856,-0.004304364000012842,0.5999999999999999,0.125,0,0,7.628738376247054,True,True,False,3,synthetic_2d_kinematics_ideal_odometry
1789808701.7849545,0.16768128941757743,-2.058448851921634,-0.001180778375007921,0.5999999999999999,0.125,0,0,7.6437315872470775,True,True,False,3,synthetic_2d_kinematics_ideal_odometry
1789808701.8095918,0.18247681385657266,-2.0584435192861195,0.0019016227499911026,0.5999999999999999,0.125,0,0,7.658527112647072,True,True,False,3,synthetic_2d_kinematics_ideal_odometry
1789808701.8347325,0.19755092564148835,-2.0583675134234243,0.00818258249999175,0.5999999999999999,0.25,0,0,7.673601416047074,True,True,False,3,synthetic_2d_kinematics_ideal_odometry
1789808701.8598747,0.2126382455062137,-2.0581966274974888,0.014469368999990448,0.5999999999999999,0.25,0,0,7.6886897036470705,True,True,False,3,synthetic_2d_kinematics_ideal_odometry
1789808701.884812,0.22760195837380726,-2.057933429181804,0.02070521374998506,0.5999999999999999,0.25,0,0,7.703655731047058,True,True,False,3,synthetic_2d_kinematics_ideal_odometry
1789808701.9097643,0.242569137671988,-2.05760013462774,0.02382414912498447,0.5999999999999999,0.125,0,0,7.718626620847055,True,True,False,3,synthetic_2d_kinematics_ideal_odometry
1789808701.9347281,0.25754197439937887,-2.0572199776586158,0.026944495374984705,0.5999999999999999,0.125,0,0,7.733604282847057,True,True,False,3,synthetic_2d_kinematics_ideal_odometry
1789808701.9598677,0.2726177352060568,-2.0567899678538333,0.03008655624998439,0.5999999999999999,0.125,0,0,7.748686175047055,True,True,False,3,synthetic_2d_kinematics_ideal_odometry
1789808701.984924,0.2876450048098709,-2.056314155563239,0.03321880637498324,0.5999999999999999,0.125,0,0,7.7637209756470495,True,True,False,3,synthetic_2d_kinematics_ideal_odometry
1789808702.0099182,0.30262284870923023,-2.0557930168649254,0.0363410787499852,0.5999999999999999,0.125,0,0,7.778707883047059,True,True,False,3,synthetic_2d_kinematics_ideal_odometry
1789808702.0347657,0.3175228800799537,-2.0552049402924406,0.04255425874998835,0.5999999999999999,0.25,0,0,7.793619515047067,True,True,False,3,synthetic_2d_kinematics_ideal_odometry
1789808702.0600948,0.33269918928260267,-2.054510606257121,0.04888433549999221,0.5999999999999999,0.25,0,0,7.808811699247076,True,True,False,3,synthetic_2d_kinematics_ideal_odometry
1789808702.0849962,0.3476216957213127,-2.053733974683128,0.055110461499993595,0.5999999999999999,0.25,0,0,7.823754401647079,True,True,False,3,synthetic_2d_kinematics_ideal_odometry
1789808702.1098173,0.36249189580478125,-2.052890497563271,0.05821339962499011,0.5999999999999999,0.125,0,0,7.838648504647063,True,True,False,3,synthetic_2d_kinematics_ideal_odometry
1789808702.1348443,0.37748172859454937,-2.051993371977,0.0613418693749928,0.5999999999999999,0.125,0,0,7.853665159447075,True,True,False,3,synthetic_2d_kinematics_ideal_odometry
1789808702.1598227,0.3924456994160978,-2.0510508392763582,0.06446554124998799,0.5999999999999999,0.125,0,0,7.868658784447052,True,True,False,3,synthetic_2d_kinematics_ideal_odometry
1789808702.1847794,0.4065111430060607,-2.050120807189814,0.06758578449999036,0.5647058823529411,0.125,0,0,7.88275494218824,True,True,False,3,synthetic_2d_kinematics_ideal_odometry
1789808702.2097921,0.42059637841138947,-2.049145279926039,0.07071107887499367,0.5647058823529411,0.125,0,0,7.8968739191294315,True,True,False,3,synthetic_2d_kinematics_ideal_odometry
1789808702.2347403,0.4355293919326586,-2.0480407586227396,0.07695016462498999,0.5999999999999999,0.25,0,0,7.911847724929423,True,True,False,3,synthetic_2d_kinematics_ideal_odometry
1789808702.275597,0.45994732681822237,-2.046032650592718,0.0871586513749925,0.5999999999999999,0.25,0,0,7.936348093129429,True,True,False,3,synthetic_2d_kinematics_ideal_odometry
1789808702.284948,0.46553984057935793,-2.045537384583044,0.08949798512499356,0.5999999999999999,0.25,0,0,7.941962494129432,True,True,False,3,synthetic_2d_kinematics_ideal_odometry
1789808702.3108268,0.48099001570154015,-2.0441005588665866,0.09596333587498478,0.5999999999999999,0.25,0,0,7.957479335929411,True,True,False,3,synthetic_2d_kinematics_ideal_odometry
1789808702.3348486,0.49534186810551983,-2.0426755290181067,0.1019726801249881,0.5999999999999999,0.25,0,0,7.971901762129419,True,True,False,3,synthetic_2d_kinematics_ideal_odometry
1789808702.3599842,0.5103392707896416,-2.041093252985438,0.10825627987499402,0.5999999999999999,0.25,0,0,7.986982401529433,True,True,False,3,synthetic_2d_kinematics_ideal_odometry
1789808702.3861284,0.5250106744938521,-2.03945021957499,0.11479203512499296,0.5647058823529411,0.25,0,0,8.001745519270607,True,True,False,3,synthetic_2d_kinematics_ideal_odometry
1789808702.4099894,0.5383905904649082,-2.0378670814836846,0.12075675537498468,0.5647058823529411,0.25,0,0,8.015218769717647,True,True,False,3,synthetic_2d_kinematics_ideal_odometry
1789808702.4347622,0.5531421236089821,-2.0360306495632363,0.1269506733749928,0.5999999999999999,0.25,0,0,8.030084172917666,True,True,False,3,synthetic_2d_kinematics_ideal_odometry
1789808702.4597955,0.5680429317234044,-2.034081323303843,0.13321224537499246,0.5999999999999999,0.25,0,0,8.045111945717666,True,True,False,3,synthetic_2d_kinematics_ideal_odometry
1789808702.4850144,0.5830324328886431,-2.032024525470576,0.13951639362498794,0.5999999999999999,0.25,0,0,8.060241901517655,True,True,False,3,synthetic_2d_kinematics_ideal_odometry
1789808702.5097795,0.5968811371773519,-2.0300360165771734,0.1457102103749868,0.5647058823529411,0.25,0,0,8.074232640529416,True,True,False,3,synthetic_2d_kinematics_ideal_odometry
1789808702.534808,0.6108598016378831,-2.0279399445540416,0.151967866874984,0.5647058823529411,0.25,0,0,8.088367582270587,True,True,False,3,synthetic_2d_kinematics_ideal_odometry
1789808702.5603833,0.625096173807683,-2.0257131673952973,0.15834705937499008,0.5647058823529411,0.25,0,0,8.102777052388248,True,True,False,3,synthetic_2d_kinematics_ideal_odometry
1789808702.5851543,0.6389390880386604,-2.0234806406002077,0.16145083987498834,0.5647058823529411,0.125,0,0,8.116798837235299,True,True,False,3,synthetic_2d_kinematics_ideal_odometry
1789808702.609954,0.6527465841867189,-2.021209878839382,0.1645482428749865,0.5647058823529411,0.125,0,0,8.130791810788232,True,True,False,3,synthetic_2d_kinematics_ideal_odometry
1789808702.636171,0.6682490303219073,-2.018609612964872,0.16782303624999245,0.5999999999999999,0.125,0,0,8.14651081898826,True,True,False,3,synthetic_2d_kinematics_ideal_odometry
1789808702.660235,0.682488784764444,-2.016175113881667,0.1708326951249866,0.5999999999999999,0.125,0,0,8.160957181588232,True,True,False,3,synthetic_2d_kinematics_ideal_odometry
1789808702.6851764,0.6972348725029721,-2.013607522521534,0.17395101874998958,0.5999999999999999,0.125,0,0,8.175925134988246,True,True,False,3,synthetic_2d_kinematics_ideal_odometry
1789808702.7100673,0.7119380816446496,-2.010976578458634,0.18017466074998437,0.5999999999999999,0.25,0,0,8.190861875788233,True,True,False,3,synthetic_2d_kinematics_ideal_odometry
1789808702.7351995,0.726745019787066,-2.0082314716336094,0.18644934849999187,0.5999999999999999,0.25,0,0,8.205921126388251,True,True,False,3,synthetic_2d_kinematics_ideal_odometry
1789808702.7601297,0.7414509763752689,-2.005409796975228,0.19268860324999154,0.5999999999999999,0.25,0,0,8.22089533778825,True,True,False,3,synthetic_2d_kinematics_ideal_odometry
1789808702.7848558,0.7551593489970188,-2.0026911175687867,0.198875611749984,0.5647058823529411,0.25,0,0,8.234870698164704,True,True,False,3,synthetic_2d_kinematics_ideal_odometry
1789808702.8096087,0.7688549734167924,-1.9998867753879674,0.20506458024998228,0.5647058823529411,0.25,0,0,8.248850485835288,True,True,False,3,synthetic_2d_kinematics_ideal_odometry
1789808702.8390133,0.7850968074451443,-1.9964463474875995,0.2124145214999949,0.5647058823529411,0.25,0,0,8.26545270607061,True,True,False,3,synthetic_2d_kinematics_ideal_odometry
1789808702.8598518,0.7965909862562349,-1.9939360776372306,0.21762302974998776,0.5647058823529411,0.25,0,0,8.277217807058829,True,True,False,3,synthetic_2d_kinematics_ideal_odometry
1789808702.8851447,0.8105198273637578,-1.9908098654653867,0.2239428492499947,0.5647058823529411,0.25,0,0,8.291493164047079,True,True,False,3,synthetic_2d_kinematics_ideal_odometry
1789808702.9099264,0.8250064366784918,-1.9874631161747573,0.23013792149998907,0.5999999999999999,0.25,0,0,8.306361337447065,True,True,False,3,synthetic_2d_kinematics_ideal_odometry
1789808702.9349434,0.839611700372402,-1.98399304550669,0.23639285174998362,0.5999999999999999,0.25,0,0,8.321373170047051,True,True,False,3,synthetic_2d_kinematics_ideal_odometry
1789808702.9607787,0.8546707633196042,-1.980313867022673,0.242852014749986,0.5999999999999999,0.25,0,0,8.336875161247058,True,True,False,3,synthetic_2d_kinematics_ideal_odometry
1789808702.984997,0.867934547659483,-1.9769852291226884,0.24890608649998638,0.5647058823529411,0.25,0,0,8.350550240964706,True,True,False,3,synthetic_2d_kinematics_ideal_odometry
1789808703.0098436,0.8815224023657507,-1.973486545115945,0.2551177527499824,0.5647058823529411,0.25,0,0,8.36458129884705,True,True,False,3,synthetic_2d_kinematics_ideal_odometry
1789808703.0347307,0.8951017447602557,-1.9698999200930751,0.261335597499994,0.5647058823529411,0.25,0,0,8.378626312870605,True,True,False,3,synthetic_2d_kinematics_ideal_odometry
1789808703.0602267,0.9089818478937878,-1.9661402733602973,0.2677018634999946,0.5647058823529411,0.25,0,0,8.3930065843059,True,True,False,3,synthetic_2d_kinematics_ideal_odometry
1789808703.0850282,0.9225013936675215,-1.9623868708666956,0.2739134597499919,0.5647058823529411,0.25,0,0,8.4070374840706,True,True,False,3,synthetic_2d_kinematics_ideal_odometry
1789808703.1097736,0.9367733135197223,-1.958305280133711,0.2831910174999812,0.5999999999999999,0.375,0,0,8.421881576470582,True,True,False,3,synthetic_2d_kinematics_ideal_odometry
1789808703.134948,0.9512619373652541,-1.954014598255463,0.2926351412499819,0.5999999999999999,0.375,0,0,8.436992174470584,True,True,False,3,synthetic_2d_kinematics_ideal_odometry
1789808703.1598816,0.9655707536691147,-1.9496304730163894,0.3019885074999926,0.5999999999999999,0.375,0,0,8.451957560470602,True,True,False,3,synthetic_2d_kinematics_ideal_odometry
1789808703.1847987,0.9798348458617143,-1.9451381736193252,0.30821966074999163,0.5999999999999999,0.25,0,0,8.466912328270599,True,True,False,3,synthetic_2d_kinematics_ideal_odometry
1789808703.209753,0.9940887080583283,-1.9405512131621432,0.31445871774999357,0.5999999999999999,0.25,0,0,8.481886065070604,True,True,False,3,synthetic_2d_kinematics_ideal_odometry
1789808703.2347248,1.0083108517049364,-1.9358517238678736,0.32382026162498145,0.5999999999999999,0.375,0,0,8.496864535270586,True,True,False,3,synthetic_2d_kinematics_ideal_odometry
1789808703.2601337,1.0226992783499929,-1.930946295663306,0.3333212904999889,0.5999999999999999,0.375,0,0,8.512066181470598,True,True,False,3,synthetic_2d_kinematics_ideal_odometry
1789808703.284959,1.0367899442580386,-1.9259937718520028,0.34265608674997655,0.5999999999999999,0.375,0,0,8.527001855470578,True,True,False,3,synthetic_2d_kinematics_ideal_odometry
1789808703.309736,1.0507674099346627,-1.9209343022840277,0.35194670237498177,0.5999999999999999,0.375,0,0,8.541866840470586,True,True,False,3,synthetic_2d_kinematics_ideal_odometry
1789808703.3349793,1.0649547075130854,-1.9156479033839358,0.3614093226249941,0.5999999999999999,0.375,0,0,8.557007032870606,True,True,False,3,synthetic_2d_kinematics_ideal_odometry
1789808703.359957,1.078943770514896,-1.9102848734959332,0.3707729818749931,0.5999999999999999,0.375,0,0,8.571988887670605,True,True,False,3,synthetic_2d_kinematics_ideal_odometry
1789808703.3854473,1.0931850361451365,-1.9046962285599975,0.3771473908749817,0.5999999999999999,0.25,0,0,8.587287469270578,True,True,False,3,synthetic_2d_kinematics_ideal_odometry
1789808703.409737,1.1067211500541776,-1.8992868402205767,0.3832211256249855,0.5999999999999999,0.25,0,0,8.601864432670586,True,True,False,3,synthetic_2d_kinematics_ideal_odometry
1789808703.4347298,1.1198028799050772,-1.8939653057077164,0.38947335837498603,0.5647058823529411,0.25,0,0,8.615987123117646,True,True,False,3,synthetic_2d_kinematics_ideal_odometry
1789808703.459835,1.1328987591159323,-1.8885421676459948,0.39574846562499094,0.5647058823529411,0.25,0,0,8.63016148302354,True,True,False,3,synthetic_2d_kinematics_ideal_odometry
1789808703.4848006,1.1458948151376518,-1.8830648217533865,0.40199204687499507,0.5647058823529411,0.25,0,0,8.644264631258844,True,True,False,3,synthetic_2d_kinematics_ideal_odometry
1789808703.5097225,1.1588211396325858,-1.8774978150430517,0.41133815574999544,0.5647058823529411,0.375,0,0,8.658338771682374,True,True,False,3,synthetic_2d_kinematics_ideal_odometry
1789808703.53478,1.1717617237282134,-1.8717803307345549,0.42073289987497786,0.5647058823529411,0.375,0,0,8.672486151070583,True,True,False,3,synthetic_2d_kinematics_ideal_odometry
1789808703.5598104,1.1846364447847169,-1.8659468389044502,0.4301191847499771,0.5647058823529411,0.375,0,0,8.686620791823524,True,True,False,3,synthetic_2d_kinematics_ideal_odometry
1789808703.584812,1.198227949880719,-1.8596343153001036,0.43948536737497845,0.5999999999999999,0.375,0,0,8.701606684023526,True,True,False,3,synthetic_2d_kinematics_ideal_odometry
1789808703.6098156,1.2117832443484873,-1.853183446866561,0.4488678583749822,0.5999999999999999,0.375,0,0,8.716618669623532,True,True,False,3,synthetic_2d_kinematics_ideal_odometry
1789808703.6347096,1.2244182463545925,-1.8470248654641883,0.45820192712498964,0.5647058823529411,0.375,0,0,8.730674679035308,True,True,False,3,synthetic_2d_kinematics_ideal_odometry
1789808703.659998,1.237190669856063,-1.840649920544042,0.4676813983749787,0.5647058823529411,0.375,0,0,8.74494964750588,True,True,False,3,synthetic_2d_kinematics_ideal_odometry
1789808703.6849217,1.2497271014962228,-1.8342446435371258,0.4770300609999799,0.5647058823529411,0.375,0,0,8.759027633576471,True,True,False,3,synthetic_2d_kinematics_ideal_odometry
1789808703.709783,1.2629391142785469,-1.8273117079256453,0.4894638544999884,0.5999999999999999,0.5,0,0,8.773948185776481,True,True,False,3,synthetic_2d_kinematics_ideal_odometry
1789808703.7354248,1.2764625355924217,-1.8199961828175566,0.5022766039999885,0.5999999999999999,0.5,0,0,8.789323485176482,True,True,False,3,synthetic_2d_kinematics_ideal_odometry
1789808703.760927,1.289772489877933,-1.8125751320769896,0.5149757639999996,0.5999999999999999,0.5,0,0,8.804562477176495,True,True,False,3,synthetic_2d_kinematics_ideal_odometry
1789808703.7848768,1.3022837222249355,-1.8053952854268627,0.5269966119999913,0.5999999999999999,0.5,0,0,8.818987494776485,True,True,False,3,synthetic_2d_kinematics_ideal_odometry
1789808703.8096886,1.3151192874299953,-1.7978193124183104,0.5394171119999817,0.5999999999999999,0.5,0,0,8.833892094776473,True,True,False,3,synthetic_2d_kinematics_ideal_odometry
1789808703.8346338,1.327909124422242,-1.7900541162543282,0.5518859119999752,0.5999999999999999,0.5,0,0,8.848854654776465,True,True,False,3,synthetic_2d_kinematics_ideal_odometry
1789808703.8600767,1.3408565865256705,-1.7819683073583763,0.5646066595000013,0.5999999999999999,0.5,0,0,8.864119551776497,True,True,False,3,synthetic_2d_kinematics_ideal_odometry
1789808703.8850932,1.3534875904659267,-1.7738568730818145,0.5771160344999805,0.5999999999999999,0.5,0,0,8.879130801776473,True,True,False,3,synthetic_2d_kinematics_ideal_odometry
1789808703.9099464,1.3659337015710449,-1.7656432189464881,0.5895427584999743,0.5999999999999999,0.5,0,0,8.894042870576465,True,True,False,3,synthetic_2d_kinematics_ideal_odometry
1789808703.934929,1.3783370808899478,-1.7572341110374563,0.6020304444999885,0.5999999999999999,0.5,0,0,8.909028093776483,True,True,False,3,synthetic_2d_kinematics_ideal_odometry
1789808703.9601007,1.3907140488054055,-1.7486146234419593,0.6145992799999794,0.5999999999999999,0.5,0,0,8.924110696376472,True,True,False,3,synthetic_2d_kinematics_ideal_odometry
1789808703.9850435,1.4029053831312859,-1.739895569184092,0.6270895689999781,0.5999999999999999,0.5,0,0,8.939099043176471,True,True,False,3,synthetic_2d_kinematics_ideal_odometry
1789808704.009844,1.4149014451338604,-1.7310884634911425,0.6394911430000012,0.5999999999999999,0.5,0,0,8.9539809319765,True,True,False,3,synthetic_2d_kinematics_ideal_odometry
1789808704.03475,1.4268377269244272,-1.7220948311049313,0.6519455109999943,0.5999999999999999,0.5,0,0,8.968926173576492,True,True,False,3,synthetic_2d_kinematics_ideal_odometry
1789808704.0602865,1.438963324442581,-1.7127164484482975,0.6647198390000004,0.5999999999999999,0.5,0,0,8.984255367176498,True,True,False,3,synthetic_2d_kinematics_ideal_odometry
1789808704.084759,1.450466214514711,-1.7035875233272675,0.676957467499975,0.5999999999999999,0.5,0,0,8.998940521376468,True,True,False,3,synthetic_2d_kinematics_ideal_odometry
1789808704.109748,1.4620944928331323,-1.694122388075163,0.6894520675,0.5999999999999999,0.5,0,0,9.013934041376498,True,True,False,3,synthetic_2d_kinematics_ideal_odometry
1789808704.1348,1.4736310556876036,-1.684489489857725,0.7019766269999798,0.5999999999999999,0.5,0,0,9.028963512776473,True,True,False,3,synthetic_2d_kinematics_ideal_odometry
1789808704.1599035,1.4850717192432443,-1.6746906113369986,0.7145294819999753,0.5999999999999999,0.5,0,0,9.044026938776467,True,True,False,3,synthetic_2d_kinematics_ideal_odometry
1789808704.184781,1.4962860891009009,-1.664839980614626,0.7269681374999811,0.5999999999999999,0.5,0,0,9.058953325376473,True,True,False,3,synthetic_2d_kinematics_ideal_odometry
1789808704.2097485,1.507416930257852,-1.654814265893874,0.7394517539999731,0.5999999999999999,0.5,0,0,9.073933665176463,True,True,False,3,synthetic_2d_kinematics_ideal_odometry
1789808704.2346437,1.5183918015350797,-1.6446783903756237,0.751901200999996,0.5999999999999999,0.5,0,0,9.088873001576491,True,True,False,3,synthetic_2d_kinematics_ideal_odometry
1789808704.2598698,1.5293301545086933,-1.6343198809738984,0.7644551479999825,0.5999999999999999,0.5,0,0,9.103937737976475,True,True,False,3,synthetic_2d_kinematics_ideal_odometry
1789808704.2848334,1.540125977221407,-1.6238363097884492,0.7769955009999739,0.5999999999999999,0.5,0,0,9.118986161576464,True,True,False,3,synthetic_2d_kinematics_ideal_odometry
1789808704.3185272,1.5544205893595118,-1.609601566363281,0.7896038417499872,0.5999999999999999,0.375,0,0,9.139159506776485,True,True,False,3,synthetic_2d_kinematics_ideal_odometry
1789808704.3348675,1.5613229896117928,-1.6025979481902282,0.7957496544999861,0.5999999999999999,0.375,0,0,9.148992807176484,True,True,False,3,synthetic_2d_kinematics_ideal_odometry
1789808704.359943,1.5718012250313451,-1.5917993968931947,0.805153820124986,0.5999999999999999,0.375,0,0,9.164039472176484,True,True,False,3,synthetic_2d_kinematics_ideal_odometry
1789808704.384732,1.582067587099602,-1.5810192353252097,0.8144579286249899,0.5999999999999999,0.375,0,0,9.178926045776489,True,True,False,3,synthetic_2d_kinematics_ideal_odometry
1789808704.4097733,1.592324049431136,-1.5700459192562413,0.8238456009999814,0.5999999999999999,0.375,0,0,9.193946321576476,True,True,False,3,synthetic_2d_kinematics_ideal_odometry
1789808704.4346924,1.6024318858895317,-1.559026504585876,0.8331913022499867,0.5999999999999999,0.375,0,0,9.208899443576485,True,True,False,3,synthetic_2d_kinematics_ideal_odometry
1789808704.4597752,1.6125012051683631,-1.5478403203322226,0.8425979552499859,0.5999999999999999,0.375,0,0,9.223950088376483,True,True,False,3,synthetic_2d_kinematics_ideal_odometry
1789808704.4848566,1.6224628603550733,-1.5365621946434036,0.852002714124979,0.5999999999999999,0.375,0,0,9.238997702576473,True,True,False,3,synthetic_2d_kinematics_ideal_odometry
1789808704.5098326,1.6322786846392456,-1.5252366874888557,0.8613697423749903,0.5999999999999999,0.375,0,0,9.253984947776491,True,True,False,3,synthetic_2d_kinematics_ideal_odometry
1789808704.5348911,1.642001233547331,-1.5138040159942445,0.8707496147499759,0.5999999999999999,0.375,0,0,9.268992743576469,True,True,False,3,synthetic_2d_kinematics_ideal_odometry
1789808704.5599797,1.651655699599811,-1.502232759146914,0.8801683191249771,0.5999999999999999,0.375,0,0,9.284062670576471,True,True,False,3,synthetic_2d_kinematics_ideal_odometry
1789808704.585118,1.6612091435232073,-1.490560733788588,0.8895953511249891,0.5999999999999999,0.375,0,0,9.299145921776491,True,True,False,3,synthetic_2d_kinematics_ideal_odometry
1789808704.60985,1.6705024089108844,-1.4789874351764216,0.8988720444999748,0.5999999999999999,0.375,0,0,9.313988631176468,True,True,False,3,synthetic_2d_kinematics_ideal_odometry
1789808704.6347356,1.6797405878579672,-1.467260921536008,0.9082022514999798,0.5999999999999999,0.375,0,0,9.328916962376475,True,True,False,3,synthetic_2d_kinematics_ideal_odometry
1789808704.6600661,1.6890318782699894,-1.4552358197525217,0.9177000133749834,0.5999999999999999,0.375,0,0,9.34411338137648,True,True,False,3,synthetic_2d_kinematics_ideal_odometry
1789808704.6850586,1.6980865481997713,-1.4432856160954508,0.9270707293749828,0.5999999999999999,0.375,0,0,9.359106526976479,True,True,False,3,synthetic_2d_kinematics_ideal_odometry
1789808704.709713,1.706918983623248,-1.4314003725773807,0.9363256041249818,0.5999999999999999,0.375,0,0,9.373914326576477,True,True,False,3,synthetic_2d_kinematics_ideal_odometry
1789808704.7347615,1.7157684310568662,-1.419257391362712,0.94571652212499,0.5999999999999999,0.375,0,0,9.38893979537649,True,True,False,3,synthetic_2d_kinematics_ideal_odometry
1789808704.759819,1.7245091276255338,-1.407023825291963,0.9551135777499773,0.5999999999999999,0.375,0,0,9.40397508437647,True,True,False,3,synthetic_2d_kinematics_ideal_odometry
1789808704.7848194,1.7331090344011082,-1.3947453599491704,0.9644827239999934,0.5999999999999999,0.375,0,0,9.418965718376494,True,True,False,3,synthetic_2d_kinematics_ideal_odometry
1789808704.8096895,1.741562557004845,-1.3824324255914002,0.9738174373749835,0.5999999999999999,0.375,0,0,9.433901259776478,True,True,False,3,synthetic_2d_kinematics_ideal_odometry
1789808704.8348002,1.7499672070183607,-1.3699413844699717,0.9832270453749821,0.5999999999999999,0.375,0,0,9.448956632576476,True,True,False,3,synthetic_2d_kinematics_ideal_odometry
1789808704.8597794,1.7582207749422576,-1.3574226520675061,0.9925987123749855,0.5999999999999999,0.375,0,0,9.46395129977648,True,True,False,3,synthetic_2d_kinematics_ideal_odometry
1789808704.8848379,1.7663783033545315,-1.3447932670252893,1.0019954919999925,0.5999999999999999,0.375,0,0,9.478986147176492,True,True,False,3,synthetic_2d_kinematics_ideal_odometry
1789808704.9097297,1.7743635607661057,-1.3321728072194636,1.0113295764999826,0.5999999999999999,0.375,0,0,9.493920682376476,True,True,False,3,synthetic_2d_kinematics_ideal_odometry
1789808704.9347513,1.782273419561514,-1.3194086562610345,1.0207147671249792,0.5999999999999999,0.375,0,0,9.50893698737647,True,True,False,3,synthetic_2d_kinematics_ideal_odometry
1789808704.959942,1.790105801400266,-1.3064997673892358,1.030151762499991,0.5999999999999999,0.375,0,0,9.52403617997649,True,True,False,3,synthetic_2d_kinematics_ideal_odometry
1789808704.9850616,1.797803756463995,-1.2935384043460698,1.039573633749989,0.5999999999999999,0.375,0,0,9.539111173976487,True,True,False,3,synthetic_2d_kinematics_ideal_odometry
1789808705.0098565,1.8052726117529134,-1.2806905343779706,1.0488618058749786,0.5999999999999999,0.375,0,0,9.55397224937647,True,True,False,3,synthetic_2d_kinematics_ideal_odometry
1789808705.0348053,1.8126801742443752,-1.2676701482385466,1.0582243483749785,0.5999999999999999,0.375,0,0,9.56895231737647,True,True,False,3,synthetic_2d_kinematics_ideal_odometry
1789808705.0599763,1.8200270886377554,-1.2544691053610333,1.0676667039999834,0.5999999999999999,0.375,0,0,9.584060086376477,True,True,False,3,synthetic_2d_kinematics_ideal_odometry
1789808705.0849364,1.8271881448216658,-1.2413124073398345,1.0770287664999862,0.5999999999999999,0.375,0,0,9.59903938637648,True,True,False,3,synthetic_2d_kinematics_ideal_odometry
1789808705.1099,1.8342652993393644,-1.2281143537208163,1.0801487258749851,0.5999999999999999,0.125,0,0,9.614015191376476,True,True,False,3,synthetic_2d_kinematics_ideal_odometry
1789808705.1349516,1.841323103493453,-1.214853052367429,1.083278407874986,0.5999999999999999,0.125,0,0,9.62903766497648,True,True,False,3,synthetic_2d_kinematics_ideal_odometry
1789808705.160053,1.8483596079802027,-1.2015312653980186,1.0864171443749846,0.5999999999999999,0.125,0,0,9.644103600176473,True,True,False,3,synthetic_2d_kinematics_ideal_odometry
1789808705.186428,1.855671204964597,-1.1875242070575942,1.0930007036249882,0.5999999999999999,0.25,0,0,9.659904142376481,True,True,False,3,synthetic_2d_kinematics_ideal_odometry
1789808705.2099025,1.8621242710054122,-1.1749717781689082,1.0988815448749925,0.5999999999999999,0.25,0,0,9.674018161376491,True,True,False,3,synthetic_2d_kinematics_ideal_odometry
1789808705.2347026,1.8688466646349606,-1.1616989073931103,1.1050807786249883,0.5999999999999999,0.25,0,0,9.68889632237648,True,True,False,3,synthetic_2d_kinematics_ideal_odometry
1789808705.2600303,1.8756266416143834,-1.1481016682993632,1.111411548374982,0.5999999999999999,0.25,0,0,9.704090169776466,True,True,False,3,synthetic_2d_kinematics_ideal_odometry
1789808705.2849953,1.8822224298059294,-1.1346630026061166,1.1176490658749934,0.5999999999999999,0.25,0,0,9.719060211776492,True,True,False,3,synthetic_2d_kinematics_ideal_odometry
1789808705.317725,1.890788957988304,-1.116978652292356,1.1217428113749868,0.5999999999999999,0.125,0,0,9.73871019017646,True,True,False,3,synthetic_2d_kinematics_ideal_odometry
1789808705.3347247,1.8952049919507576,-1.10778969133701,1.1238667731249883,0.5999999999999999,0.125,0,0,9.748905206576469,True,True,False,3,synthetic_2d_kinematics_ideal_odometry
1789808705.359743,1.9016780476414765,-1.0942293062891848,1.1269972162499904,0.5999999999999999,0.125,0,0,9.763931333576478,True,True,False,3,synthetic_2d_kinematics_ideal_odometry
1789808705.3848171,1.9081156721755508,-1.0806337738639098,1.13013110299999,0.5999999999999999,0.125,0,0,9.778973989976476,True,True,False,3,synthetic_2d_kinematics_ideal_odometry
1789808705.4097831,1.9144843311079673,-1.067074415073356,1.1332520449999925,0.5999999999999999,0.125,0,0,9.793954511576489,True,True,False,3,synthetic_2d_kinematics_ideal_odometry
1789808705.443223,1.922947922032079,-1.0488824983574814,1.1374321182499905,0.5999999999999999,0.125,0,0,9.814018863176479,True,True,False,3,synthetic_2d_kinematics_ideal_odometry
1789808705.4598303,1.9271396345167915,-1.039847843341342,1.135357182624994,0.5999999999999999,-0.125,0,0,9.823978554176461,True,True,False,3,synthetic_2d_kinematics_ideal_odometry
1789808705.484755,1.933470606754005,-1.0262945701758448,1.1322407191249944,0.5999999999999999,-0.125,0,0,9.83893757897646,True,True,False,3,synthetic_2d_kinematics_ideal_odometry
1789808705.5098166,1.9398326292831325,-1.012674552533003,1.1353725187499968,0.5999999999999999,0.125,0,0,9.853970217176471,True,True,False,3,synthetic_2d_kinematics_ideal_odometry
1789808705.5347898,1.9461322966939751,-0.9990773053389964,1.1384945377499995,0.5999999999999999,0.125,0,0,9.868955908376485,True,True,False,3,synthetic_2d_kinematics_ideal_odometry
1789808705.5601692,1.9524850206392352,-0.9852516759725303,1.1416643903749992,0.5999999999999999,0.125,0,0,9.884171200976484,True,True,False,3,synthetic_2d_kinematics_ideal_odometry
1789808705.5850825,1.9587060928062967,-0.9716558078940208,1.1416643903749992,0.5999999999999999,0.0,0,0,9.89912276837646,True,True,False,3,synthetic_2d_kinematics_ideal_odometry
1789808705.6099877,1.9649240353739728,-0.9580667794115231,1.1416643903749992,0.5999999999999999,0.0,0,0,9.914066814176477,True,True,False,3,synthetic_2d_kinematics_ideal_odometry
1789808705.6348436,1.971151112523027,-0.9445134829855301,1.1385570211249962,0.5999999999999999,-0.125,0,0,9.928982186576492,True,True,False,3,synthetic_2d_kinematics_ideal_odometry
1789808705.6599305,1.9774701079426078,-0.9308724617826989,1.1354250347500006,0.5999999999999999,-0.125,0,0,9.944015721176472,True,True,False,3,synthetic_2d_kinematics_ideal_odometry
1789808705.6850812,1.983862090012517,-0.9171867000652267,1.1322781840000011,0.5999999999999999,-0.125,0,0,9.95912060477647,True,True,False,3,synthetic_2d_kinematics_ideal_odometry
1789808705.7098775,1.9902013076898346,-0.9037237481037715,1.1291780274999972,0.5999999999999999,-0.125,0,0,9.974001355976489,True,True,False,3,synthetic_2d_kinematics_ideal_odometry
1789808705.7348769,1.996632387876427,-0.8901752706712596,1.126053582875003,0.5999999999999999,-0.125,0,0,9.98899869017646,True,True,False,3,synthetic_2d_kinematics_ideal_odometry
1789808705.7598162,2.003092946482611,-0.8766736409878442,1.1229353066249963,0.5999999999999999,-0.125,0,0,10.003966416176493,True,True,False,3,synthetic_2d_kinematics_ideal_odometry
1789808705.7850418,2.0096893038927908,-0.8630534166944362,1.1166296868750016,0.5999999999999999,-0.25,0,0,10.01909990357648,True,True,False,3,synthetic_2d_kinematics_ideal_odometry
1789808705.8113494,2.016663394958834,-0.8488866311283857,1.1100503663750068,0.5999999999999999,-0.25,0,0,10.034890272776467,True,True,False,3,synthetic_2d_kinematics_ideal_odometry
1789808705.8347468,2.022944153345089,-0.8363258707125573,1.1041988971250027,0.5999999999999999,-0.25,0,0,10.048933798976476,True,True,False,3,synthetic_2d_kinematics_ideal_odometry
1789808705.8597584,2.029737138127971,-0.8229438093030765,1.0979457838750057,0.5999999999999999,-0.25,0,0,10.06394127077647,True,True,False,3,synthetic_2d_kinematics_ideal_odometry
1789808705.8847902,2.036618104268968,-0.8095959487579986,1.0916886618749977,0.5999999999999999,-0.25,0,0,10.078958363576488,True,True,False,3,synthetic_2d_kinematics_ideal_odometry
1789808705.9097698,2.043160545707833,-0.7970972327938106,1.0854431558749986,0.5647058823529411,-0.25,0,0,10.093065859482369,True,True,False,3,synthetic_2d_kinematics_ideal_odometry
1789808705.934715,2.0497710368531488,-0.7846580789788603,1.0792069188750026,0.5647058823529411,-0.25,0,0,10.107152418352948,True,True,False,3,synthetic_2d_kinematics_ideal_odometry
1789808705.9597168,2.0564741651664726,-0.7722324374858158,1.072956596875003,0.5647058823529411,-0.25,0,0,10.121270792752947,True,True,False,3,synthetic_2d_kinematics_ideal_odometry
1789808705.9847846,2.063697954769393,-0.7590399120660616,1.0666895941250096,0.5999999999999999,-0.25,0,0,10.136311599352931,True,True,False,3,synthetic_2d_kinematics_ideal_odometry
1789808706.0098817,2.0710079040938356,-0.7458864428415042,1.0604194998749967,0.5999999999999999,-0.25,0,0,10.151359825552962,True,True,False,3,synthetic_2d_kinematics_ideal_odometry
1789808706.0347786,2.0783662804805347,-0.7328858053638946,1.0510828642499994,0.5999999999999999,-0.375,0,0,10.166298442552957,True,True,False,3,synthetic_2d_kinematics_ideal_odometry
1789808706.0600698,2.0859640307064935,-0.7197520997299127,1.041599737125005,0.5999999999999999,-0.375,0,0,10.181471445952948,True,True,False,3,synthetic_2d_kinematics_ideal_odometry
1789808706.084966,2.093563999821834,-0.7068951829128318,1.0322652446250025,0.5999999999999999,-0.375,0,0,10.196406633952952,True,True,False,3,synthetic_2d_kinematics_ideal_odometry
1789808706.1098657,2.1012677024058877,-0.6940912474114839,1.0260390706250113,0.5999999999999999,-0.25,0,0,10.21134945155293,True,True,False,3,synthetic_2d_kinematics_ideal_odometry
1789808706.1349313,2.109100714164506,-0.6812545795668173,1.019773311125001,0.5999999999999999,-0.25,0,0,10.226387274352955,True,True,False,3,synthetic_2d_kinematics_ideal_odometry
1789808706.159823,2.1169647290471483,-0.6685463154439543,1.013546371625005,0.5999999999999999,-0.25,0,0,10.241331929152945,True,True,False,3,synthetic_2d_kinematics_ideal_odometry
1789808706.1848233,2.1249383446359684,-0.6558388028484468,1.0072955463749984,0.5999999999999999,-0.25,0,0,10.25633390975296,True,True,False,3,synthetic_2d_kinematics_ideal_odometry
1789808706.2096734,2.1329444973316996,-0.643254342047567,1.001080824625,0.5999999999999999,-0.25,0,0,10.271249241952956,True,True,False,3,synthetic_2d_kinematics_ideal_odometry
1789808706.234745,2.141113915195396,-0.6306319019527996,0.9916836553749995,0.5999999999999999,-0.375,0,0,10.286284712752957,True,True,False,3,synthetic_2d_kinematics_ideal_odometry
1789808706.2598095,2.1494039043676603,-0.6180833134489062,0.9822838757500001,0.5999999999999999,-0.375,0,0,10.301324360152956,True,True,False,3,synthetic_2d_kinematics_ideal_odometry
1789808706.285003,2.1578490325822717,-0.6055580669029551,0.9728424032500136,0.5999999999999999,-0.375,0,0,10.316430716152935,True,True,False,3,synthetic_2d_kinematics_ideal_odometry
1789808706.3115296,2.166865750642459,-0.5924606816829655,0.9629042605000115,0.5999999999999999,-0.375,0,0,10.332331744552938,True,True,False,3,synthetic_2d_kinematics_ideal_odometry
1789808706.3348703,2.1749202659945546,-0.5809920038054475,0.9541452073750072,0.5999999999999999,-0.375,0,0,10.346346229552946,True,True,False,3,synthetic_2d_kinematics_ideal_odometry
1789808706.360061,2.183720861769884,-0.5687004501432883,0.9446968945000129,0.5999999999999999,-0.375,0,0,10.361463530152937,True,True,False,3,synthetic_2d_kinematics_ideal_odometry
1789808706.3850002,2.192536262956969,-0.5566294430737784,0.9353548584999991,0.5999999999999999,-0.375,0,0,10.37641078775296,True,True,False,3,synthetic_2d_kinematics_ideal_odometry
1789808706.4098783,2.2014637311532583,-0.5446417334998745,0.9260131495000017,0.5999999999999999,-0.375,0,0,10.391357522152955,True,True,False,3,synthetic_2d_kinematics_ideal_odometry
1789808706.4348779,2.210530457459134,-0.5327018648669412,0.9166430260000034,0.5999999999999999,-0.375,0,0,10.406349719752953,True,True,False,3,synthetic_2d_kinematics_ideal_odometry
1789808706.459752,2.2196779006139202,-0.5208868255249051,0.9073041190000033,0.5999999999999999,-0.375,0,0,10.421291970952954,True,True,False,3,synthetic_2d_kinematics_ideal_odometry
1789808706.4848957,2.2290220652350397,-0.5090488332597037,0.8978781849999968,0.5999999999999999,-0.375,0,0,10.436373465352965,True,True,False,3,synthetic_2d_kinematics_ideal_odometry
1789808706.5096848,2.2383497333146694,-0.49745657937002835,0.8885787868750163,0.5999999999999999,-0.375,0,0,10.451252502352933,True,True,False,3,synthetic_2d_kinematics_ideal_odometry
1789808706.5347438,2.247882827126901,-0.4858331696793175,0.879183319000014,0.5999999999999999,-0.375,0,0,10.466285250952936,True,True,False,3,synthetic_2d_kinematics_ideal_odometry
1789808706.5598025,2.2575258754489385,-0.4742984539230991,0.8697867178750165,0.5999999999999999,-0.375,0,0,10.481319812752933,True,True,False,3,synthetic_2d_kinematics_ideal_odometry
1789808706.584828,2.267266008540986,-0.4628675000145738,0.8604005391250034,0.5999999999999999,-0.375,0,0,10.496337698752953,True,True,False,3,synthetic_2d_kinematics_ideal_odometry
1789808706.6097806,2.277081705688023,-0.45156417284048805,0.8510440341249967,0.5999999999999999,-0.375,0,0,10.511308106752963,True,True,False,3,synthetic_2d_kinematics_ideal_odometry
1789808706.6346736,2.2869815371624735,-0.4403769054629818,0.8417074123750019,0.5999999999999999,-0.375,0,0,10.526246701552955,True,True,False,3,synthetic_2d_kinematics_ideal_odometry
1789808706.660071,2.297175504770996,-0.4290737190231127,0.8321942841250098,0.5999999999999999,-0.375,0,0,10.541467706752941,True,True,False,3,synthetic_2d_kinematics_ideal_odometry
1789808706.6850247,2.307310601844771,-0.41804684132793074,0.8228336237500151,0.5999999999999999,-0.375,0,0,10.556444763352934,True,True,False,3,synthetic_2d_kinematics_ideal_odometry
1789808706.709852,2.316895852951263,-0.40781165362680205,0.8135216747500075,0.5647058823529411,-0.375,0,0,10.570467463023533,True,True,False,3,synthetic_2d_kinematics_ideal_odometry
1789808706.734898,2.3266583114622366,-0.39758070098601717,0.8041309296250041,0.5647058823529411,-0.375,0,0,10.584608820388244,True,True,False,3,synthetic_2d_kinematics_ideal_odometry
1789808706.760272,2.336638237469918,-0.3873177684216427,0.7946247013750073,0.5647058823529411,-0.375,0,0,10.598924081752944,True,True,False,3,synthetic_2d_kinematics_ideal_odometry
1789808706.784996,2.3464743451252987,-0.37739101709532913,0.7853446944999979,0.5647058823529411,-0.375,0,0,10.612898680341194,True,True,False,3,synthetic_2d_kinematics_ideal_odometry
1789808706.814092,2.3581615941961416,-0.36583188876158335,0.7744288877499987,0.5647058823529411,-0.375,0,0,10.629336601094135,True,True,False,3,synthetic_2d_kinematics_ideal_odometry
1789808706.8348932,2.366583848811353,-0.3576564034470387,0.7666343402500151,0.5647058823529411,-0.375,0,0,10.641074272623522,True,True,False,3,synthetic_2d_kinematics_ideal_odometry
1789808706.8600714,2.3768706475295187,-0.3478417651672118,0.7571928437500053,0.5647058823529411,-0.375,0,0,10.655292055588243,True,True,False,3,synthetic_2d_kinematics_ideal_odometry
1789808706.8850744,2.387179764026439,-0.3381895035496154,0.7478146438750035,0.5647058823529411,-0.375,0,0,10.669414521282363,True,True,False,3,synthetic_2d_kinematics_ideal_odometry
1789808706.909966,2.397523907686989,-0.3286844463778523,0.7384858675000038,0.5647058823529411,-0.375,0,0,10.68346256100001,True,True,False,3,synthetic_2d_kinematics_ideal_odometry
1789808706.9348392,2.4079629807554532,-0.3192703047001563,0.7291511158750131,0.5647058823529411,-0.375,0,0,10.697519598741172,True,True,False,3,synthetic_2d_kinematics_ideal_odometry
1789808706.959772,2.4185119807261932,-0.30993428781039417,0.7197964900000008,0.5647058823529411,-0.375,0,0,10.71160656476472,True,True,False,3,synthetic_2d_kinematics_ideal_odometry
1789808706.9848006,2.4291830596742576,-0.3006670724888668,0.710411024125016,0.5647058823529411,-0.375,0,0,10.72573997219999,True,True,False,3,synthetic_2d_kinematics_ideal_odometry
1789808707.0096874,2.439879935180198,-0.29155166091826146,0.7010783143750038,0.5647058823529411,-0.375,0,0,10.739793935117657,True,True,False,3,synthetic_2d_kinematics_ideal_odometry
1789808707.0348282,2.450764769016514,-0.2824508779940061,0.6916564900000003,0.5647058823529411,-0.375,0,0,10.753982094176486,True,True,False,3,synthetic_2d_kinematics_ideal_odometry
1789808707.0598211,2.4616808967630446,-0.2734968959553309,0.6822808390000082,0.5647058823529411,-0.375,0,0,10.768100721564709,True,True,False,3,synthetic_2d_kinematics_ideal_odometry
1789808707.0849082,2.4727142347348923,-0.2646187605263584,0.6728765361250103,0.5647058823529411,-0.375,0,0,10.782262495305883,True,True,False,3,synthetic_2d_kinematics_ideal_odometry
1789808707.1098142,2.4844440403347474,-0.2553599638325798,0.6635367343750082,0.5999999999999999,-0.375,0,0,10.797206178105887,True,True,False,3,synthetic_2d_kinematics_ideal_odometry
1789808707.134901,2.496345365455581,-0.24614551874745416,0.6541295492500089,0.5999999999999999,-0.375,0,0,10.812257674305885,True,True,False,3,synthetic_2d_kinematics_ideal_odometry
1789808707.1601691,2.50841637358966,-0.23698063574547065,0.6446570496250038,0.5999999999999999,-0.375,0,0,10.827413673705893,True,True,False,3,synthetic_2d_kinematics_ideal_odometry
1789808707.1849334,2.5203376925421805,-0.22810446142878946,0.6353677682499997,0.5999999999999999,-0.375,0,0,10.8422765239059,True,True,False,3,synthetic_2d_kinematics_ideal_odometry
1789808707.2118742,2.5333844368228084,-0.21858547544017146,0.6252738996250079,0.5999999999999999,-0.375,0,0,10.858426713705887,True,True,False,3,synthetic_2d_kinematics_ideal_odometry
1789808707.2355895,2.5449583109847467,-0.21030831836517955,0.6163807427500109,0.5999999999999999,-0.375,0,0,10.872655764705883,True,True,False,3,synthetic_2d_kinematics_ideal_odometry
1789808707.259907,2.556922737502276,-0.20191381976858283,0.6072460067500108,0.5999999999999999,-0.375,0,0,10.887271342305883,True,True,False,3,synthetic_2d_kinematics_ideal_odometry
1789808707.2848225,2.569238146051276,-0.19344176321858245,0.5979034581250039,0.5999999999999999,-0.375,0,0,10.902219420105894,True,True,False,3,synthetic_2d_kinematics_ideal_odometry
1789808707.3096144,2.581573861968751,-0.18512405066215934,0.5886047218750156,0.5999999999999999,-0.375,0,0,10.917097398105875,True,True,False,3,synthetic_2d_kinematics_ideal_odometry
1789808707.3348825,2.594217905157401,-0.17676997778097833,0.5791330873750061,0.5999999999999999,-0.375,0,0,10.93225201330589,True,True,False,3,synthetic_2d_kinematics_ideal_odometry
1789808707.3597953,2.6067582405877148,-0.16865279481624135,0.5697967363750044,0.5999999999999999,-0.375,0,0,10.947190174905893,True,True,False,3,synthetic_2d_kinematics_ideal_odometry
1789808707.3848124,2.6194445554497094,-0.16060865028686616,0.5604081868750163,0.5999999999999999,-0.375,0,0,10.962211854105874,True,True,False,3,synthetic_2d_kinematics_ideal_odometry
1789808707.4105089,2.6325452832200384,-0.15247542756641344,0.5507706467500034,0.5999999999999999,-0.375,0,0,10.977631918305894,True,True,False,3,synthetic_2d_kinematics_ideal_odometry
1789808707.4347966,2.6449884849507974,-0.14491100215365796,0.5416693547499994,0.5999999999999999,-0.375,0,0,10.992193985505901,True,True,False,3,synthetic_2d_kinematics_ideal_odometry
1789808707.4601536,2.6580589643483274,-0.1371308621127683,0.5321626135000136,0.5999999999999999,-0.375,0,0,11.007404771505879,True,True,False,3,synthetic_2d_kinematics_ideal_odometry
1789808707.4850109,2.670947299823489,-0.12962256195633282,0.5228401825000125,0.5999999999999999,-0.375,0,0,11.02232066110588,True,True,False,3,synthetic_2d_kinematics_ideal_odometry
1789808707.5098872,2.683917221812533,-0.12222788347031223,0.5135090320000094,0.5999999999999999,-0.375,0,0,11.037250501905884,True,True,False,3,synthetic_2d_kinematics_ideal_odometry
1789808707.5355153,2.697060626802866,-0.11489659554698028,0.5041028987500132,0.5999999999999999,-0.375,0,0,11.052300315105878,True,True,False,3,synthetic_2d_kinematics_ideal_odometry
1789808707.5600672,2.7102748497028752,-0.10768794182092291,0.4946950318749975,0.5999999999999999,-0.375,0,0,11.067352902105903,True,True,False,3,synthetic_2d_kinematics_ideal_odometry
1789808707.5847502,2.723354306941481,-0.10071046489244712,0.48542989675000625,0.5999999999999999,-0.375,0,0,11.08217711830589,True,True,False,3,synthetic_2d_kinematics_ideal_odometry
1789808707.6099086,2.7367390442515056,-0.09373009916346195,0.4759951558750052,0.5999999999999999,-0.375,0,0,11.097272703705892,True,True,False,3,synthetic_2d_kinematics_ideal_odometry
1789808707.6358771,2.7506217629345633,-0.08665846796595644,0.4662576268749993,0.5999999999999999,-0.375,0,0,11.112852750105901,True,True,False,3,synthetic_2d_kinematics_ideal_odometry
1789808707.6598284,2.763486580917477,-0.0802562717706215,0.45727649087500366,0.5999999999999999,-0.375,0,0,11.127222567705894,True,True,False,3,synthetic_2d_kinematics_ideal_odometry
1789808707.6848245,2.7769643577034957,-0.07370260410057387,0.44790980650000073,0.5999999999999999,-0.375,0,0,11.142209262705899,True,True,False,3,synthetic_2d_kinematics_ideal_odometry
1789808707.7099226,2.7905569242748594,-0.0672501412554006,0.4385058482500033,0.5999999999999999,-0.375,0,0,11.157255595905895,True,True,False,3,synthetic_2d_kinematics_ideal_odometry
1789808707.7352505,2.804338950740608,-0.060866595478769686,0.42901296624999985,0.5999999999999999,-0.375,0,0,11.172444207105901,True,True,False,3,synthetic_2d_kinematics_ideal_odometry
1789808707.759981,2.8178802870436437,-0.0547482999931255,0.41972585050000843,0.5999999999999999,-0.375,0,0,11.187303592305888,True,True,False,3,synthetic_2d_kinematics_ideal_odometry
1789808707.7850075,2.8316225591634385,-0.04869306867327044,0.4103401093750142,0.5999999999999999,-0.375,0,0,11.202320778105879,True,True,False,3,synthetic_2d_kinematics_ideal_odometry
1789808707.812836,2.846967879341259,-0.042112314721613316,0.3999045711250139,0.5999999999999999,-0.375,0,0,11.219017639305878,True,True,False,3,synthetic_2d_kinematics_ideal_odometry
1789808707.8346944,2.8590732007613724,-0.037054025091122066,0.3917047926249998,0.5999999999999999,-0.375,0,0,11.232137284905901,True,True,False,3,synthetic_2d_kinematics_ideal_odometry
1789808707.859995,2.8731236765114727,-0.031328320027120285,0.382222087000003,0.5999999999999999,-0.375,0,0,11.247309613905896,True,True,False,3,synthetic_2d_kinematics_ideal_odometry
1789808707.885074,2.887116024577997,-0.02577982379329149,0.37281440200000365,0.5999999999999999,-0.375,0,0,11.262361909905895,True,True,False,3,synthetic_2d_kinematics_ideal_odometry
1789808707.9097538,2.9009409791679692,-0.02044649956674344,0.3635531395000064,0.5999999999999999,-0.375,0,0,11.277179929905891,True,True,False,3,synthetic_2d_kinematics_ideal_odometry
1789808707.9347575,2.914987426214656,-0.015177571027125906,0.35417680037500143,0.5999999999999999,-0.375,0,0,11.292182072505899,True,True,False,3,synthetic_2d_kinematics_ideal_odometry
1789808707.9598076,2.929105504720421,-0.010032371401910526,0.3447852895000174,0.5999999999999999,-0.375,0,0,11.307208489905873,True,True,False,3,synthetic_2d_kinematics_ideal_odometry
1789808707.9848063,2.94324947426954,-0.005027588045609655,0.33540821199999793,0.5999999999999999,-0.375,0,0,11.322211813905904,True,True,False,3,synthetic_2d_kinematics_ideal_odometry
1789808708.0098274,2.9574428970603464,-0.0001545883915167164,0.3260290592500119,0.5999999999999999,-0.375,0,0,11.337218458305882,True,True,False,3,synthetic_2d_kinematics_ideal_odometry
1789808708.034837,2.9716796148542324,0.004584491812120084,0.3166510802499978,0.5999999999999999,-0.375,0,0,11.352223224705906,True,True,False,3,synthetic_2d_kinematics_ideal_odometry
1789808708.0601661,2.9861369252941112,0.009245937941187013,0.3071571902500174,0.5999999999999999,-0.375,0,0,11.367413448705875,True,True,False,3,synthetic_2d_kinematics_ideal_odometry
1789808708.0849333,3.0003244313151627,0.013673738345985231,0.297868194250001,0.5999999999999999,-0.375,0,0,11.382275842305901,True,True,False,3,synthetic_2d_kinematics_ideal_odometry
1789808708.1099308,3.0146657480063954,0.018003190393550052,0.28850533712500304,0.5999999999999999,-0.375,0,0,11.397256413705898,True,True,False,3,synthetic_2d_kinematics_ideal_odometry
1789808708.1348894,3.0290594352360087,0.02220175130279963,0.27913437662501006,0.5999999999999999,-0.375,0,0,11.412249950505887,True,True,False,3,synthetic_2d_kinematics_ideal_odometry
1789808708.1600623,3.0435968148908294,0.026294270775560152,0.2696953427500055,0.5999999999999999,-0.375,0,0,11.427352404705895,True,True,False,3,synthetic_2d_kinematics_ideal_odometry
1789808708.1850185,3.058039953779819,0.03023833880540247,0.26345702125001286,0.5999999999999999,-0.25,0,0,11.442324376305876,True,True,False,3,synthetic_2d_kinematics_ideal_odometry
1789808708.2102,3.072632452501891,0.03412511647783008,0.2571648295000066,0.5999999999999999,-0.25,0,0,11.457425636505892,True,True,False,3,synthetic_2d_kinematics_ideal_odometry
1789808708.2347598,3.0869124719938434,0.0378337000648471,0.25101744200001325,0.5999999999999999,-0.25,0,0,11.472179366505877,True,True,False,3,synthetic_2d_kinematics_ideal_odometry
1789808708.259781,3.101470816552514,0.04151833410813101,0.2447601972500101,0.5999999999999999,-0.25,0,0,11.487196753905884,True,True,False,3,synthetic_2d_kinematics_ideal_odometry
1789808708.2848086,3.1160498467425413,0.04511129459097375,0.2385038465000028,0.5999999999999999,-0.25,0,0,11.502211995705903,True,True,False,3,synthetic_2d_kinematics_ideal_odometry
1789808708.3097072,3.1305800445308867,0.04859617400511756,0.23227790625001235,0.5999999999999999,-0.25,0,0,11.517154252305879,True,True,False,3,synthetic_2d_kinematics_ideal_odometry
1789808708.3347113,3.1451860479539686,0.05200303058299386,0.22602871175001185,0.5999999999999999,-0.25,0,0,11.53215231910588,True,True,False,3,synthetic_2d_kinematics_ideal_odometry
1789808708.360027,3.1599854277709314,0.05535704455780293,0.21970592650000556,0.5999999999999999,-0.25,0,0,11.547327003705895,True,True,False,3,synthetic_2d_kinematics_ideal_odometry
1789808708.3849554,3.1745993045973795,0.05857268319203452,0.21347114325001174,0.5999999999999999,-0.25,0,0,11.56229048350588,True,True,False,3,synthetic_2d_kinematics_ideal_odometry
1789808708.4098222,3.1891936959281164,0.06168889268388222,0.20725307175001065,0.5999999999999999,-0.25,0,0,11.577213855105883,True,True,False,3,synthetic_2d_kinematics_ideal_odometry
1789808708.4347723,3.2038510724030047,0.06472323749032759,0.201016336750009,0.5999999999999999,-0.25,0,0,11.592182019105888,True,True,False,3,synthetic_2d_kinematics_ideal_odometry
1789808708.46001,3.218693104683243,0.06769885551307123,0.19470909575000717,0.5999999999999999,-0.25,0,0,11.607319397505892,True,True,False,3,synthetic_2d_kinematics_ideal_odometry
1789808708.4850562,3.23345022583285,0.070561088883558,0.18844570725000467,0.5999999999999999,-0.25,0,0,11.622351529905897,True,True,False,3,synthetic_2d_kinematics_ideal_odometry
1789808708.5098608,3.2480772624673477,0.07330361822477581,0.18224490550000697,0.5999999999999999,-0.25,0,0,11.63723345410589,True,True,False,3,synthetic_2d_kinematics_ideal_odometry
1789808708.5349722,3.2628993347645427,0.07598710809806722,0.17596864200000853,0.5999999999999999,-0.25,0,0,11.652296486505888,True,True,False,3,synthetic_2d_kinematics_ideal_odometry
1789808708.5597904,3.2775817840759256,0.07855075444346472,0.16975839900001036,0.5999999999999999,-0.25,0,0,11.667201069705884,True,True,False,3,synthetic_2d_kinematics_ideal_odometry
1789808708.5849166,3.2915752736453054,0.08090413110788301,0.16347636725000628,0.5647058823529411,-0.25,0,0,11.681391070835305,True,True,False,3,synthetic_2d_kinematics_ideal_odometry
1789808708.609764,3.3054251414022904,0.08314448476271391,0.15726521475000566,0.5647058823529411,-0.25,0,0,11.695420968247072,True,True,False,3,synthetic_2d_kinematics_ideal_odometry
1789808708.6347244,3.3202248844479603,0.08544403208017627,0.1510246620000052,0.5999999999999999,-0.25,0,0,11.710398294847073,True,True,False,3,synthetic_2d_kinematics_ideal_odometry
1789808708.66007,3.3352505007161937,0.08768204996976656,0.1446949225000017,0.5999999999999999,-0.25,0,0,11.72558966964708,True,True,False,3,synthetic_2d_kinematics_ideal_odometry
1789808708.685032,3.350080931423093,0.08979579472018591,0.13845312800000242,0.5999999999999999,-0.25,0,0,11.740569976447079,True,True,False,3,synthetic_2d_kinematics_ideal_odometry
1789808708.709906,3.3639999274325123,0.09169123027194166,0.13223420050000156,0.5647058823529411,-0.25,0,0,11.754617436211786,True,True,False,3,synthetic_2d_kinematics_ideal_odometry
1789808708.734915,3.378001936343877,0.09350912474431482,0.12598336900000418,0.5647058823529411,-0.25,0,0,11.768736961482368,True,True,False,3,synthetic_2d_kinematics_ideal_odometry
1789808708.7600036,3.3920630700790713,0.09524523855772,0.11971111875001184,0.5647058823529411,-0.25,0,0,11.782904867929409,True,True,False,3,synthetic_2d_kinematics_ideal_odometry
1789808708.7850046,3.4060855111682566,0.09688750604445044,0.11346083750000757,0.5647058823529411,-0.25,0,0,11.79702315028236,True,True,False,3,synthetic_2d_kinematics_ideal_odometry
1789808708.8202198,3.4258592407209076,0.09905257342100197,0.10465452525000585,0.5647058823529411,-0.25,0,0,11.816915055600012,True,True,False,3,synthetic_2d_kinematics_ideal_odometry
1789808708.834821,3.4335429976674483,0.09984549609888517,0.1010068157500049,0.5294117647058822,-0.25,0,0,11.824639616894132,True,True,False,3,synthetic_2d_kinematics_ideal_odometry
1789808708.8601239,3.4468729978022274,0.10115393914535052,0.0946818415000129,0.5294117647058822,-0.25,0,0,11.838033680011762,True,True,False,3,synthetic_2d_kinematics_ideal_odometry
1789808708.8848448,3.4599196854101018,0.10235221692892178,0.08849497475001356,0.5294117647058822,-0.25,0,0,11.851135280188231,True,True,False,3,synthetic_2d_kinematics_ideal_odometry
1789808708.9097846,3.473074976619119,0.10347811994327502,0.08226004350000748,0.5294117647058822,-0.25,0,0,11.864338664011774,True,True,False,3,synthetic_2d_kinematics_ideal_odometry
1789808708.9346986,3.48622594906384,0.10452113502983514,0.07603036100000136,0.5294117647058822,-0.25,0,0,11.877530932835317,True,True,False,3,synthetic_2d_kinematics_ideal_odometry
1789808708.959815,3.4994840043239055,0.1054892517880535,0.06975294349999982,0.5294117647058822,-0.25,0,0,11.890824287541202,True,True,False,3,synthetic_2d_kinematics_ideal_odometry
1789808708.9847593,3.511783736206329,0.10632931676694393,0.06663415525000058,0.4941176470588234,-0.125,0,0,11.903152674035317,True,True,False,3,synthetic_2d_kinematics_ideal_odometry
1789808709.009742,3.5240992961897386,0.10713186129386641,0.0635120037500064,0.4941176470588234,-0.125,0,0,11.915494355258824,True,True,False,3,synthetic_2d_kinematics_ideal_odometry
1789808709.0347505,3.535549127990621,0.10784207951540774,0.060386663375006394,0.4588235294117646,-0.125,0,0,11.926966192870589,True,True,False,3,synthetic_2d_kinematics_ideal_odometry
1789808709.0601158,3.547159951992313,0.10852561093230052,0.05721798150000321,0.4588235294117646,-0.125,0,0,11.938597119282365,True,True,False,3,synthetic_2d_kinematics_ideal_odometry
1789808709.084945,3.558538959693852,0.10915968473545437,0.05411312212500316,0.4588235294117646,-0.125,0,0,11.949993779576483,True,True,False,3,synthetic_2d_kinematics_ideal_odometry
1789808709.1099412,3.5699763284674497,0.10976130665870244,0.05099286450000359,0.4588235294117646,-0.125,0,0,11.961446960505892,True,True,False,3,synthetic_2d_kinematics_ideal_odometry
1789808709.134903,3.5814287003567316,0.11032786966943323,0.04786901162500409,0.4588235294117646,-0.125,0,0,11.972913338117655,True,True,False,3,synthetic_2d_kinematics_ideal_odometry
1789808709.1599605,3.5929165099666993,0.11086016427585223,0.04473596200000481,0.4588235294117646,-0.125,0,0,11.98441347321177,True,True,False,3,synthetic_2d_kinematics_ideal_odometry
1789808709.1848528,3.603448289836403,0.11131521299800186,0.04162472412500103,0.42352941176470577,-0.125,0,0,11.994955079188253,True,True,False,3,synthetic_2d_kinematics_ideal_odometry
1789808709.2101655,3.614069761806097,0.11174089502005048,0.03848739812500009,0.42352941176470577,-0.125,0,0,12.00558507787061,True,True,False,3,synthetic_2d_kinematics_ideal_odometry
1789808709.2348936,3.6246124868758796,0.11213042078478105,0.03537370687499982,0.42352941176470577,-0.125,0,0,12.016134996458845,True,True,False,3,synthetic_2d_kinematics_ideal_odometry
1789808709.2601602,3.6353177923449502,0.1124923232478555,0.0322123500000023,0.42352941176470577,-0.125,0,0,12.026846417400014,True,True,False,3,synthetic_2d_kinematics_ideal_odometry
1789808709.285226,3.645930058852315,0.11281764403154389,0.029078786125005775,0.42352941176470577,-0.125,0,0,12.037463669117649,True,True,False,3,synthetic_2d_kinematics_ideal_odometry
1789808709.3096902,3.655427828644928,0.11307936628912238,0.02601963125000192,0.38823529411764696,-0.125,0,0,12.046965044258837,True,True,False,3,synthetic_2d_kinematics_ideal_odometry
1789808709.335372,3.665380880233722,0.11332243689298799,0.022814094750004257,0.38823529411764696,-0.125,0,0,12.056921063505888,True,True,False,3,synthetic_2d_kinematics_ideal_odometry
1789808709.3597682,3.6748695076459357,0.11352444444662498,0.019758352000004278,0.38823529411764696,-0.125,0,0,12.066411840988241,True,True,False,3,synthetic_2d_kinematics_ideal_odometry
1789808709.384881,3.684615607192551,0.1137017369544136,0.016619884124999897,0.38823529411764696,-0.125,0,0,12.07615955297649,True,True,False,3,synthetic_2d_kinematics_ideal_odometry
1789808709.4097955,3.6942885164793386,0.1138474463213352,0.013505147125002805,0.38823529411764696,-0.125,0,0,12.085833559658834,True,True,False,3,synthetic_2d_kinematics_ideal_odometry
1789808709.4347265,3.7039667936875915,0.11396307800640697,0.010388812750001888,0.38823529411764696,-0.125,0,0,12.095512527600013,True,True,False,3,synthetic_2d_kinematics_ideal_odometry
1789808709.4599223,3.713748462789192,0.1140492963700528,0.007239289375001148,0.38823529411764696,-0.125,0,0,12.105294576670603,True,True,False,3,synthetic_2d_kinematics_ideal_odometry
1789808709.485054,3.723499854211079,0.11410458187025384,0.004099586375006039,0.38823529411764696,-0.125,0,0,12.115046124811764,True,True,False,3,synthetic_2d_kinematics_ideal_odometry
1789808709.5099063,3.73226647341907,0.1141269118932054,0.0009947320000028535,0.35294117647058815,-0.125,0,0,12.123812772458832,True,True,False,3,synthetic_2d_kinematics_ideal_odometry
1789808709.5349512,3.7411103378578203,0.11412185878046407,-0.0021374704999951623,0.35294117647058815,-0.125,0,0,12.13265663834118,True,True,False,3,synthetic_2d_kinematics_ideal_odometry
1789808709.5600493,3.7499652874164706,0.11408904621400409,-0.005273619999996457,0.35294117647058815,-0.125,0,0,12.141511648694124,True,True,False,3,synthetic_2d_kinematics_ideal_odometry
1789808709.58499,3.758771395830066,0.11402887250960396,-0.008392522874998507,0.35294117647058815,-0.125,0,0,12.15031796269413,True,True,False,3,synthetic_2d_kinematics_ideal_odometry
1789808709.6098433,3.7675431020751993,0.11394162692061546,-0.011499322500000105,0.35294117647058815,-0.125,0,0,12.159090102811781,True,True,False,3,synthetic_2d_kinematics_ideal_odometry
1789808709.6349223,3.775505761019676,0.11383757943944399,-0.014633043749994997,0.31764705882352934,-0.125,0,0,12.16705344151765,True,True,False,3,synthetic_2d_kinematics_ideal_odometry
1789808709.6600478,3.7834756028290792,0.11370844562728212,-0.01776973575000032,0.31764705882352934,-0.125,0,0,12.175024329423545,True,True,False,3,synthetic_2d_kinematics_ideal_odometry
1789808709.6848834,3.7913784826897916,0.11355570353100647,-0.020880246124995425,0.31764705882352934,-0.125,0,0,12.182928685200004,True,True,False,3,synthetic_2d_kinematics_ideal_odometry
1789808709.7097833,3.799287681114498,0.11337821628038877,-0.023993445749993656,0.31764705882352934,-0.125,0,0,12.190839874835293,True,True,False,3,synthetic_2d_kinematics_ideal_odometry
1789808709.7347257,3.8072079868086006,0.11317578981385436,-0.02711125049999855,0.31764705882352934,-0.125,0,0,12.198762766905894,True,True,False,3,synthetic_2d_kinematics_ideal_odometry
1789808709.759805,3.8151716753656655,0.11294733795144125,-0.030246398624995594,0.31764705882352934,-0.125,0,0,12.206729731552945,True,True,False,3,synthetic_2d_kinematics_ideal_odometry
1789808709.7848594,3.8231242602867734,0.1126942654578862,-0.033377472249994794,0.31764705882352934,-0.125,0,0,12.214686342176472,True,True,False,3,synthetic_2d_kinematics_ideal_odometry
1789808709.809641,3.830993599843908,0.1124193029300609,-0.03647609287499823,0.31764705882352934,-0.125,0,0,12.222560484000011,True,True,False,3,synthetic_2d_kinematics_ideal_odometry
1789808709.834921,3.838122149500046,0.11214789372825876,-0.03963424774999372,0.28235294117647053,-0.125,0,0,12.229694198541177,True,True,False,3,synthetic_2d_kinematics_ideal_odometry
1789808709.8598006,3.8451447243428603,0.11185846986530436,-0.042745839374993905,0.28235294117647053,-0.125,0,0,12.236722734917647,True,True,False,3,synthetic_2d_kinematics_ideal_odometry
1789808709.885029,3.8522546422909976,0.1115431432961495,-0.045896553374994126,0.28235294117647053,-0.125,0,0,12.243839641835295,True,True,False,3,synthetic_2d_kinematics_ideal_odometry
1789808709.9098532,3.859257415478242,0.11121062338528127,-0.04900023249999865,0.28235294117647053,-0.125,0,0,12.2508503052706,True,True,False,3,synthetic_2d_kinematics_ideal_odometry
1789808709.9348903,3.8663164378005557,0.11085338098415679,-0.0521293198749996,0.28235294117647053,-0.125,0,0,12.257918361458838,True,True,False,3,synthetic_2d_kinematics_ideal_odometry
1789808709.960085,3.8734197710552456,0.11047153681936875,-0.055278564999994194,0.28235294117647053,-0.125,0,0,12.26503195044706,True,True,False,3,synthetic_2d_kinematics_ideal_odometry
1789808709.9850907,3.8804679298582485,0.11007047879486878,-0.05840389112499569,0.28235294117647053,-0.125,0,0,12.272091510635299,True,True,False,3,synthetic_2d_kinematics_ideal_odometry
1789808710.0097985,3.8874384528633956,0.10965209723855783,-0.061495353374993476,0.28235294117647053,-0.125,0,0,12.279074578305883,True,True,False,3,synthetic_2d_kinematics_ideal_odometry
1789808710.0347714,3.893593714534672,0.10926345837640271,-0.0646158241249987,0.24705882352941172,-0.125,0,0,12.285242096964716,True,True,False,3,synthetic_2d_kinematics_ideal_odometry
1789808710.05985,3.8997778137152213,0.10885357324913637,-0.06775154899999994,0.24705882352941172,-0.125,0,0,12.291439764952953,True,True,False,3,synthetic_2d_kinematics_ideal_odometry
1789808710.084905,3.9059538164472016,0.10842477999979859,-0.07088383449999416,0.24705882352941172,-0.125,0,0,12.297630635117647,True,True,False,3,synthetic_2d_kinematics_ideal_odometry
1789808710.1098092,3.9120899065664134,0.1079891004655508,-0.07088383449999416,0.24705882352941172,0.0,0,0,12.30378217302354,True,True,False,3,synthetic_2d_kinematics_ideal_odometry
1789808710.135179,3.918319083126005,0.10754681153408074,-0.07088383449999416,0.24705882352941172,0.0,0,0,12.310027031717656,True,True,False,3,synthetic_2d_kinematics_ideal_odometry
1789808710.1598287,3.924417225427007,0.10711382640089981,-0.07088383449999416,0.24705882352941172,0.0,0,0,12.316140526270596,True,True,False,3,synthetic_2d_kinematics_ideal_odometry
1789808710.184815,3.930574848841383,0.106676617942561,-0.07088383449999416,0.24705882352941172,0.0,0,0,12.322313651682355,True,True,False,3,synthetic_2d_kinematics_ideal_odometry
1789808710.209771,3.9367248610055534,0.10623994990424214,-0.07088383449999416,0.24705882352941172,0.0,0,0,12.328479146682364,True,True,False,3,synthetic_2d_kinematics_ideal_odometry
1789808710.2348485,3.942902148808972,0.1057916166547359,-0.07401746874999252,0.24705882352941172,-0.125,0,0,12.334672682611773,True,True,False,3,synthetic_2d_kinematics_ideal_odometry
1789808710.259832,3.9490595566095936,0.10532535405466117,-0.07714174299999091,0.24705882352941172,-0.125,0,0,12.340847718776475,True,True,False,3,synthetic_2d_kinematics_ideal_odometry
1789808710.2848866,3.955229871737751,0.10483869843256811,-0.0802733234999943,0.24705882352941172,-0.125,0,0,12.347037195529422,True,True,False,3,synthetic_2d_kinematics_ideal_odometry
1789808710.3098009,3.9604666079196673,0.10441742295344067,-0.0802733234999943,0.2117647058823529,0.0,0,0,12.352290849388243,True,True,False,3,synthetic_2d_kinematics_ideal_odometry
1789808710.3348758,3.965777359647524,0.10399019320556724,-0.0802733234999943,0.2117647058823529,0.0,0,0,12.35761875790589,True,True,False,3,synthetic_2d_kinematics_ideal_odometry
1789808710.359993,3.9710797624179097,0.10356363509952117,-0.0802733234999943,0.2117647058823529,0.0,0,0,12.36293829049412,True,True,False,3,synthetic_2d_kinematics_ideal_odometry
1789808710.3849735,3.9763529802489583,0.10313942481067946,-0.0802733234999943,0.2117647058823529,0.0,0,0,12.368228543858832,True,True,False,3,synthetic_2d_kinematics_ideal_odometry
1789808710.4098835,3.981612776169924,0.10271629426337991,-0.0802733234999943,0.2117647058823529,0.0,0,0,12.373505331952954,True,True,False,3,synthetic_2d_kinematics_ideal_odometry
1789808710.4348655,3.986882616887449,0.10229235565045776,-0.0802733234999943,0.2117647058823529,0.0,0,0,12.37879219729412,True,True,False,3,synthetic_2d_kinematics_ideal_odometry
1789808710.4605813,3.9923126932925177,0.10185552668680986,-0.0802733234999943,0.2117647058823529,0.0,0,0,12.384239815976477,True,True,False,3,synthetic_2d_kinematics_ideal_odometry
1789808710.4847803,3.9974243276724404,0.10144431517114051,-0.0802733234999943,0.2117647058823529,0.0,0,0,12.38936796388236,True,True,False,3,synthetic_2d_kinematics_ideal_odometry
1789808710.509757,4.00268826439203,0.10100432803496415,-0.08650936374999621,0.2117647058823529,-0.25,0,0,12.39465025680001,True,True,False,3,synthetic_2d_kinematics_ideal_odometry
1789808710.5347137,4.007958614086823,0.10053066228576808,-0.09275638199998985,0.2117647058823529,-0.25,0,0,12.399941848729416,True,True,False,3,synthetic_2d_kinematics_ideal_odometry
1789808710.559991,4.013282865763019,0.10001842197104983,-0.09907097999999286,0.2117647058823529,-0.25,0,0,12.40529068468236,True,True,False,3,synthetic_2d_kinematics_ideal_odometry
1789808710.5849528,4.01766699687441,0.09958265517937122,-0.09907097999999286,0.1764705882352941,0.0,0,0,12.40969641938824,True,True,False,3,synthetic_2d_kinematics_ideal_odometry
1789808710.6098106,4.022032416191533,0.09914874827243308,-0.09907097999999286,0.1764705882352941,0.0,0,0,12.41408335009412,True,True,False,3,synthetic_2d_kinematics_ideal_odometry
1789808710.6349127,4.026439000542909,0.09871074970982828,-0.09907097999999286,0.1764705882352941,0.0,0,0,12.418511648682363,True,True,False,3,synthetic_2d_kinematics_ideal_odometry
1789808710.6599877,4.030842775736904,0.09827303036731701,-0.09907097999999286,0.1764705882352941,0.0,0,0,12.422937124270598,True,True,False,3,synthetic_2d_kinematics_ideal_odometry
1789808710.6849833,4.035232526392279,0.09783670501327095,-0.09907097999999286,0.1764705882352941,0.0,0,0,12.427348506211777,True,True,False,3,synthetic_2d_kinematics_ideal_odometry
1789808710.709963,4.039618771615418,0.09740072808652332,-0.09907097999999286,0.1764705882352941,0.0,0,0,12.43175636544707,True,True,False,3,synthetic_2d_kinematics_ideal_odometry
1789808710.7349744,4.044011209382499,0.09696413564328274,-0.09907097999999286,0.1764705882352941,0.0,0,0,12.43617044774118,True,True,False,3,synthetic_2d_kinematics_ideal_odometry
1789808710.759999,4.048404812466112,0.09652742737178951,-0.09907097999999286,0.1764705882352941,0.0,0,0,12.440585701094129,True,True,False,3,synthetic_2d_kinematics_ideal_odometry
1789808710.7850285,4.052800746007143,0.09609048746124933,-0.09907097999999286,0.1764705882352941,0.0,0,0,12.445003296388244,True,True,False,3,synthetic_2d_kinematics_ideal_odometry
1789808710.8096983,4.057136518941558,0.09565952729763375,-0.09907097999999286,0.1764705882352941,0.0,0,0,12.449360434623534,True,True,False,3,synthetic_2d_kinematics_ideal_odometry
1789808710.8348842,4.061554971327276,0.09520630616590305,-0.10536329775000246,0.1764705882352941,-0.25,0,0,12.453802070682364,True,True,False,3,synthetic_2d_kinematics_ideal_odometry
1789808710.859799,4.06592877247318,0.09472996745527995,-0.11159615374999936,0.1764705882352941,-0.25,0,0,12.458201733741186,True,True,False,3,synthetic_2d_kinematics_ideal_odometry
1789808710.8848095,4.070313518860703,0.09422471957929962,-0.11784898025000194,0.1764705882352941,-0.25,0,0,12.46261549362354,True,True,False,3,synthetic_2d_kinematics_ideal_odometry
1789808710.9096618,4.0737975329193175,0.0938122206572911,-0.11784898025000194,0.1411764705882353,0.0,0,0,12.466123842141187,True,True,False,3,synthetic_2d_kinematics_ideal_odometry
1789808710.9349089,4.077333402575343,0.09339358215671813,-0.11784898025000194,0.1411764705882353,0.0,0,0,12.469684408447065,True,True,False,3,synthetic_2d_kinematics_ideal_odometry
1789808710.9600499,4.080858914318468,0.09297617000823044,-0.11784898025000194,0.1411764705882353,0.0,0,0,12.473234544494122,True,True,False,3,synthetic_2d_kinematics_ideal_odometry
1789808710.9850461,4.08436344456201,0.09256124201905283,-0.11784898025000194,0.1411764705882353,0.0,0,0,12.476763552494129,True,True,False,3,synthetic_2d_kinematics_ideal_odometry
1789808711.0098803,4.087845373607146,0.09214898995764749,-0.11784898025000194,0.1411764705882353,0.0,0,0,12.480269801435304,True,True,False,3,synthetic_2d_kinematics_ideal_odometry
1789808711.0348523,4.091341803393866,0.09173502104316093,-0.11784898025000194,0.1411764705882353,0.0,0,0,12.483790652400003,True,True,False,3,synthetic_2d_kinematics_ideal_odometry
1789808711.0598853,4.094856508032107,0.09131888843001369,-0.11784898025000194,0.1411764705882353,0.0,0,0,12.487329905858827,True,True,False,3,synthetic_2d_kinematics_ideal_odometry
1789808711.0849383,4.098368172773413,0.09090311573338447,-0.11784898025000194,0.1411764705882353,0.0,0,0,12.490866098188238,True,True,False,3,synthetic_2d_kinematics_ideal_odometry
1789808711.1099222,4.101871398761952,0.09048834216487613,-0.11784898025000194,0.1411764705882353,0.0,0,0,12.494393792823537,True,True,False,3,synthetic_2d_kinematics_ideal_odometry
1789808711.1347952,4.105359913853224,0.09007531033137878,-0.11784898025000194,0.1411764705882353,0.0,0,0,12.497906673811773,True,True,False,3,synthetic_2d_kinematics_ideal_odometry
1789808711.1597254,4.108855500774091,0.08966144121019094,-0.11784898025000194,0.1411764705882353,0.0,0,0,12.501426676023534,True,True,False,3,synthetic_2d_kinematics_ideal_odometry
1789808711.1848211,4.110614384537855,0.08945319358423856,-0.11784898025000194,0.07058823529411765,0.0,0,0,12.503197844894125,True,True,False,3,synthetic_2d_kinematics_ideal_odometry
1789808711.2097428,4.112361359737047,0.08924635590381623,-0.11784898025000194,0.07058823529411765,0.0,0,0,12.504957022023534,True,True,False,3,synthetic_2d_kinematics_ideal_odometry
1789808711.2347434,4.112361359737047,0.08924635590381623,-0.11784898025000194,0.0,0.0,0,0,12.504957022023534,True,True,False,3,synthetic_2d_kinematics_ideal_odometry
1789808711.2598965,4.112361359737047,0.08924635590381623,-0.11784898025000194,0.0,0.0,0,0,12.504957022023534,True,True,False,3,synthetic_2d_kinematics_ideal_odometry
1789808711.2849643,4.112361359737047,0.08924635590381623,-0.11784898025000194,0.0,0.0,0,0,12.504957022023534,True,True,False,3,synthetic_2d_kinematics_ideal_odometry
1789808711.3101861,4.112361359737047,0.08924635590381623,-0.11784898025000194,0.0,0.0,0,0,12.504957022023534,True,True,False,3,synthetic_2d_kinematics_ideal_odometry
1789808711.335117,4.112361359737047,0.08924635590381623,-0.11784898025000194,0.0,0.0,0,0,12.504957022023534,True,True,False,3,synthetic_2d_kinematics_ideal_odometry
1789808711.3600798,4.112361359737047,0.08924635590381623,-0.11784898025000194,0.0,0.0,0,0,12.504957022023534,True,True,False,3,synthetic_2d_kinematics_ideal_odometry
1789808711.385369,4.112361359737047,0.08924635590381623,-0.11784898025000194,0.0,0.0,0,0,12.504957022023534,True,True,False,3,synthetic_2d_kinematics_ideal_odometry
1789808711.4102972,4.112361359737047,0.08924635590381623,-0.11784898025000194,0.0,0.0,0,0,12.504957022023534,True,True,False,3,synthetic_2d_kinematics_ideal_odometry
1789808711.4354084,4.112361359737047,0.08924635590381623,-0.11784898025000194,0.0,0.0,0,0,12.504957022023534,True,True,False,3,synthetic_2d_kinematics_ideal_odometry
1789808711.4598327,4.112361359737047,0.08924635590381623,-0.11784898025000194,0.0,0.0,0,0,12.504957022023534,True,True,False,3,synthetic_2d_kinematics_ideal_odometry
1789808711.484815,4.112361359737047,0.08924635590381623,-0.11784898025000194,0.0,0.0,0,0,12.504957022023534,True,True,False,3,synthetic_2d_kinematics_ideal_odometry
1789808711.509753,4.112361359737047,0.08924635590381623,-0.11784898025000194,0.0,0.0,0,0,12.504957022023534,True,True,False,3,synthetic_2d_kinematics_ideal_odometry
1789808711.5347433,4.112361359737047,0.08924635590381623,-0.11784898025000194,0.0,0.0,0,0,12.504957022023534,True,True,False,3,synthetic_2d_kinematics_ideal_odometry
1789808711.5600185,4.112361359737047,0.08924635590381623,-0.11784898025000194,0.0,0.0,0,0,12.504957022023534,True,True,False,3,synthetic_2d_kinematics_ideal_odometry
1789808711.585053,4.112361359737047,0.08924635590381623,-0.11784898025000194,0.0,0.0,0,0,12.504957022023534,True,True,False,3,synthetic_2d_kinematics_ideal_odometry
1789808711.609752,4.112361359737047,0.08924635590381623,-0.11784898025000194,0.0,0.0,0,0,12.504957022023534,True,True,False,3,synthetic_2d_kinematics_ideal_odometry
1789808711.6349497,4.112361359737047,0.08924635590381623,-0.11784898025000194,0.0,0.0,0,0,12.504957022023534,True,True,False,3,synthetic_2d_kinematics_ideal_odometry
1789808711.6598985,4.112361359737047,0.08924635590381623,-0.11784898025000194,0.0,0.0,0,0,12.504957022023534,True,True,False,3,synthetic_2d_kinematics_ideal_odometry
1789808711.6848638,4.112361359737047,0.08924635590381623,-0.11784898025000194,0.0,0.0,0,0,12.504957022023534,True,True,False,3,synthetic_2d_kinematics_ideal_odometry
1789808711.7100987,4.112361359737047,0.08924635590381623,-0.11784898025000194,0.0,0.0,0,0,12.504957022023534,True,True,False,3,synthetic_2d_kinematics_ideal_odometry
1789808711.7349443,4.112361359737047,0.08924635590381623,-0.11784898025000194,0.0,0.0,0,0,12.504957022023534,True,True,False,3,synthetic_2d_kinematics_ideal_odometry
1789808711.7597709,4.112361359737047,0.08924635590381623,-0.11784898025000194,0.0,0.0,0,0,12.504957022023534,True,True,False,3,synthetic_2d_kinematics_ideal_odometry
1789808711.7848449,4.112361359737047,0.08924635590381623,-0.11784898025000194,0.0,0.0,0,0,12.504957022023534,True,True,False,3,synthetic_2d_kinematics_ideal_odometry
1789808711.8098073,4.112361359737047,0.08924635590381623,-0.11784898025000194,0.0,0.0,0,0,12.504957022023534,True,True,False,3,synthetic_2d_kinematics_ideal_odometry
1789808711.8347638,4.112361359737047,0.08924635590381623,-0.11784898025000194,0.0,0.0,0,0,12.504957022023534,True,True,False,3,synthetic_2d_kinematics_ideal_odometry
1789808711.8597891,4.112361359737047,0.08924635590381623,-0.11784898025000194,0.0,0.0,0,0,12.504957022023534,True,True,False,3,synthetic_2d_kinematics_ideal_odometry
1789808711.8848398,4.112361359737047,0.08924635590381623,-0.11784898025000194,0.0,0.0,0,0,12.504957022023534,True,True,False,3,synthetic_2d_kinematics_ideal_odometry
1789808711.9097886,4.112361359737047,0.08924635590381623,-0.11784898025000194,0.0,0.0,0,0,12.504957022023534,True,True,False,3,synthetic_2d_kinematics_ideal_odometry
1789808711.9350445,4.112361359737047,0.08924635590381623,-0.11784898025000194,0.0,0.0,0,0,12.504957022023534,True,True,False,3,synthetic_2d_kinematics_ideal_odometry
1789808711.9599206,4.112361359737047,0.08924635590381623,-0.11784898025000194,0.0,0.0,0,0,12.504957022023534,True,True,False,3,synthetic_2d_kinematics_ideal_odometry
1789808711.985038,4.112361359737047,0.08924635590381623,-0.11784898025000194,0.0,0.0,0,0,12.504957022023534,True,True,False,3,synthetic_2d_kinematics_ideal_odometry
1789808712.0100038,4.112361359737047,0.08924635590381623,-0.11784898025000194,0.0,0.0,0,0,12.504957022023534,True,True,False,3,synthetic_2d_kinematics_ideal_odometry
1789808712.0348682,4.112361359737047,0.08924635590381623,-0.11784898025000194,0.0,0.0,0,0,12.504957022023534,True,True,False,3,synthetic_2d_kinematics_ideal_odometry
1789808712.0602336,4.112361359737047,0.08924635590381623,-0.11784898025000194,0.0,0.0,0,0,12.504957022023534,True,True,False,3,synthetic_2d_kinematics_ideal_odometry
1789808712.084924,4.112361359737047,0.08924635590381623,-0.11784898025000194,0.0,0.0,0,0,12.504957022023534,True,True,False,3,synthetic_2d_kinematics_ideal_odometry
1789808712.1100113,4.112361359737047,0.08924635590381623,-0.11784898025000194,0.0,0.0,0,0,12.504957022023534,True,True,False,3,synthetic_2d_kinematics_ideal_odometry
1789808712.1349251,4.112361359737047,0.08924635590381623,-0.11784898025000194,0.0,0.0,0,0,12.504957022023534,True,True,False,3,synthetic_2d_kinematics_ideal_odometry
1789808712.1601496,4.112361359737047,0.08924635590381623,-0.11784898025000194,0.0,0.0,0,0,12.504957022023534,True,True,False,3,synthetic_2d_kinematics_ideal_odometry
1789808712.1850016,4.112361359737047,0.08924635590381623,-0.11784898025000194,0.0,0.0,0,0,12.504957022023534,True,True,False,3,synthetic_2d_kinematics_ideal_odometry
1789808712.2099109,4.112361359737047,0.08924635590381623,-0.11784898025000194,0.0,0.0,0,0,12.504957022023534,True,True,False,3,synthetic_2d_kinematics_ideal_odometry
1789808712.2349389,4.112361359737047,0.08924635590381623,-0.11784898025000194,0.0,0.0,0,0,12.504957022023534,True,True,False,3,synthetic_2d_kinematics_ideal_odometry
1789808712.259847,4.112361359737047,0.08924635590381623,-0.11784898025000194,0.0,0.0,0,0,12.504957022023534,True,True,False,3,synthetic_2d_kinematics_ideal_odometry
1789808712.2848194,4.112361359737047,0.08924635590381623,-0.11784898025000194,0.0,0.0,0,0,12.504957022023534,True,True,False,3,synthetic_2d_kinematics_ideal_odometry
1789808712.317222,4.112361359737047,0.08924635590381623,-0.11784898025000194,0.0,0.0,0,0,12.504957022023534,True,True,False,3,synthetic_2d_kinematics_ideal_odometry
1789808712.3346176,4.112361359737047,0.08924635590381623,-0.11784898025000194,0.0,0.0,0,0,12.504957022023534,True,True,False,3,synthetic_2d_kinematics_ideal_odometry
1789808712.3597398,4.112361359737047,0.08924635590381623,-0.11784898025000194,0.0,0.0,0,0,12.504957022023534,True,True,False,3,synthetic_2d_kinematics_ideal_odometry
1789808712.3847587,4.112361359737047,0.08924635590381623,-0.11784898025000194,0.0,0.0,0,0,12.504957022023534,True,True,False,3,synthetic_2d_kinematics_ideal_odometry
1789808712.4100578,4.112361359737047,0.08924635590381623,-0.11784898025000194,0.0,0.0,0,0,12.504957022023534,True,True,False,3,synthetic_2d_kinematics_ideal_odometry
1789808712.434936,4.112361359737047,0.08924635590381623,-0.11784898025000194,0.0,0.0,0,0,12.504957022023534,True,True,False,3,synthetic_2d_kinematics_ideal_odometry
1789808712.4599626,4.112361359737047,0.08924635590381623,-0.11784898025000194,0.0,0.0,0,0,12.504957022023534,True,True,False,3,synthetic_2d_kinematics_ideal_odometry
1789808712.4849958,4.112361359737047,0.08924635590381623,-0.11784898025000194,0.0,0.0,0,0,12.504957022023534,True,True,False,3,synthetic_2d_kinematics_ideal_odometry
1789808712.5099974,4.112361359737047,0.08924635590381623,-0.11784898025000194,0.0,0.0,0,0,12.504957022023534,True,True,False,3,synthetic_2d_kinematics_ideal_odometry
1789808712.5349355,4.112361359737047,0.08924635590381623,-0.11784898025000194,0.0,0.0,0,0,12.504957022023534,True,True,False,3,synthetic_2d_kinematics_ideal_odometry
1789808712.5599227,4.112361359737047,0.08924635590381623,-0.11784898025000194,0.0,0.0,0,0,12.504957022023534,True,True,False,3,synthetic_2d_kinematics_ideal_odometry
1789808712.584804,4.112361359737047,0.08924635590381623,-0.11784898025000194,0.0,0.0,0,0,12.504957022023534,True,True,False,3,synthetic_2d_kinematics_ideal_odometry
1789808712.6098,4.112361359737047,0.08924635590381623,-0.11784898025000194,0.0,0.0,0,0,12.504957022023534,True,True,False,3,synthetic_2d_kinematics_ideal_odometry
1789808712.6347594,4.112361359737047,0.08924635590381623,-0.11784898025000194,0.0,0.0,0,0,12.504957022023534,True,True,False,3,synthetic_2d_kinematics_ideal_odometry
1789808712.659808,4.112361359737047,0.08924635590381623,-0.11784898025000194,0.0,0.0,0,0,12.504957022023534,True,True,False,3,synthetic_2d_kinematics_ideal_odometry
1789808712.684873,4.112361359737047,0.08924635590381623,-0.11784898025000194,0.0,0.0,0,0,12.504957022023534,True,True,False,3,synthetic_2d_kinematics_ideal_odometry
1789808712.709711,4.112361359737047,0.08924635590381623,-0.11784898025000194,0.0,0.0,0,0,12.504957022023534,True,True,False,3,synthetic_2d_kinematics_ideal_odometry
