stamp,x,y,yaw,v,w,collisions,blocked_commands,distance,quality_enabled,top_blocked,all_blocked,reset_sequence,evidence
1789808636.2350085,-4.3,0.0,0.0,0.0,0.0,0,0,0.0,False,False,False,1,synthetic_2d_kinematics_ideal_odometry
1789808636.260043,-4.3,0.0,0.0,0.0,0.0,0,0,0.0,False,False,False,1,synthetic_2d_kinematics_ideal_odometry
1789808636.2848651,-4.3,0.0,0.0,0.0,0.0,0,0,0.0,False,False,False,1,synthetic_2d_kinematics_ideal_odometry
1789808636.310258,-4.285747714661059,-0.00011241369976469451,-0.015774504375016818,0.5647058823529411,-0.625,0,0,0.014252728658838738,False,False,False,1,synthetic_2d_kinematics_ideal_odometry
1789808636.334826,-4.271801802169161,-0.0004401206510409467,-0.03121369437501187,0.5647058823529411,-0.625,0,0,0.02820249091765817,False,False,False,1,synthetic_2d_kinematics_ideal_odometry
1789808636.3598273,-4.2567927752760335,-0.0010498533567146777,-0.049990452875007925,0.5999999999999999,-0.75,0,0,0.043223897717655335,False,False,False,1,synthetic_2d_kinematics_ideal_odometry
1789808636.3847563,-4.241863447522503,-0.0019367670056959709,-0.0686850143749922,0.5999999999999999,-0.75,0,0,0.058179546917642794,False,False,False,1,synthetic_2d_kinematics_ideal_odometry
1789808636.4099586,-4.226796670084986,-0.0030924679942305015,-0.08442567749999343,0.5999999999999999,-0.625,0,0,0.07329058351764389,False,False,False,1,synthetic_2d_kinematics_ideal_odometry
1789808636.4348896,-4.21190027124781,-0.004470081358307978,-0.10000897312498581,0.5999999999999999,-0.625,0,0,0.08825054731763694,False,False,False,1,synthetic_2d_kinematics_ideal_odometry
1789808636.4599764,-4.196941918387895,-0.006089552890669656,-0.11568164375000124,0.5999999999999999,-0.625,0,0,0.1032963111176521,False,False,False,1,synthetic_2d_kinematics_ideal_odometry
1789808636.4852226,-4.181921670855758,-0.007979110426343937,-0.13460493724998202,0.5999999999999999,-0.75,0,0,0.11843494591763695,False,False,False,1,synthetic_2d_kinematics_ideal_odometry
1789808636.5099962,-4.167194174551962,-0.010113234132245682,-0.15320658500001372,0.5999999999999999,-0.75,0,0,0.13331626411766268,False,False,False,1,synthetic_2d_kinematics_ideal_odometry
1789808636.534831,-4.15249120649252,-0.012524002718374365,-0.1718307072500025,0.5999999999999999,-0.75,0,0,0.14821556191765362,False,False,False,1,synthetic_2d_kinematics_ideal_odometry
1789808636.5600398,-4.137630856624556,-0.01522348419417389,-0.18756357099999119,0.5999999999999999,-0.625,0,0,0.16331911111764288,False,False,False,1,synthetic_2d_kinematics_ideal_odometry
1789808636.5851865,-4.122825069393488,-0.01815430390988004,-0.20328552849999676,0.5999999999999999,-0.625,0,0,0.17841219031764788,False,False,False,1,synthetic_2d_kinematics_ideal_odometry
1789808636.6098547,-4.108340165123619,-0.021233411376616874,-0.21562599250000142,0.5999999999999999,-0.5,0,0,0.19322074711765333,False,False,False,1,synthetic_2d_kinematics_ideal_odometry
1789808636.6347861,-4.093731791784557,-0.024528758012815927,-0.22810552800000744,0.5999999999999999,-0.5,0,0,0.20819618971766088,False,False,False,1,synthetic_2d_kinematics_ideal_odometry
1789808636.659851,-4.079104352543936,-0.028021196449446582,-0.24063768399999927,0.5999999999999999,-0.5,0,0,0.22323477691765098,False,False,False,1,synthetic_2d_kinematics_ideal_odometry
1789808636.6849728,-4.064518829471294,-0.03169744512667461,-0.25317242150000396,0.5999999999999999,-0.5,0,0,0.23827646191765695,False,False,False,1,synthetic_2d_kinematics_ideal_odometry
1789808636.7097678,-4.050107374184135,-0.03552171426478029,-0.2655976164999956,0.5999999999999999,-0.5,0,0,0.25318669591764675,False,False,False,1,synthetic_2d_kinematics_ideal_odometry
1789808636.7350566,-4.035523382474764,-0.0395878953973951,-0.27821447699999874,0.5999999999999999,-0.5,0,0,0.2683269285176508,False,False,False,1,synthetic_2d_kinematics_ideal_odometry
1789808636.7600477,-4.021960842326303,-0.04355358688600787,-0.2907258000000112,0.5647058823529411,-0.5,0,0,0.28245736390589987,False,False,False,1,synthetic_2d_kinematics_ideal_odometry
1789808636.7849445,-4.008513831067081,-0.04766835950530774,-0.3031769579999874,0.5647058823529411,-0.5,0,0,0.29651984823528454,False,False,False,1,synthetic_2d_kinematics_ideal_odometry
1789808636.8096402,-3.9943864311242097,-0.05215965675235633,-0.31244204662500147,0.5999999999999999,-0.375,0,0,0.3113439900353072,False,False,False,1,synthetic_2d_kinematics_ideal_odometry
1789808636.8348806,-3.98000637373445,-0.05687996038327058,-0.3219014028749995,0.5999999999999999,-0.375,0,0,0.326478960035304,False,False,False,1,synthetic_2d_kinematics_ideal_odometry
1789808636.8600678,-3.965693252321659,-0.06172863113113104,-0.3313464547499904,0.5999999999999999,-0.375,0,0,0.3415910430352896,False,False,False,1,synthetic_2d_kinematics_ideal_odometry
1789808636.8849037,-3.951623184045737,-0.06664255951217883,-0.34066112549999156,0.5999999999999999,-0.375,0,0,0.3564945162352915,False,False,False,1,synthetic_2d_kinematics_ideal_odometry
1789808636.9100182,-3.937441281662334,-0.07174508911711266,-0.3500810628749988,0.5999999999999999,-0.375,0,0,0.37156641603530327,False,False,False,1,synthetic_2d_kinematics_ideal_odometry
1789808636.9349475,-3.923418823721503,-0.07693936397474174,-0.3594270558749883,0.5999999999999999,-0.375,0,0,0.3865200048352863,False,False,False,1,synthetic_2d_kinematics_ideal_odometry
1789808636.959888,-3.909416594223923,-0.08225059862399886,-0.36566693162498604,0.5999999999999999,-0.25,0,0,0.40149570663528084,False,False,False,1,synthetic_2d_kinematics_ideal_odometry
1789808636.9847517,-3.8955003227643807,-0.08762860687685754,-0.3718833076249978,0.5999999999999999,-0.25,0,0,0.4164150090353092,False,False,False,1,synthetic_2d_kinematics_ideal_odometry
1789808637.0098178,-3.8823327054518337,-0.09281196992062987,-0.3781481138749995,0.5647058823529411,-0.25,0,0,0.43056610080001884,False,False,False,1,synthetic_2d_kinematics_ideal_odometry
1789808637.0348709,-3.8692071525011587,-0.09807394757731255,-0.38440846287498676,0.5647058823529411,-0.25,0,0,0.44470712442351945,False,False,False,1,synthetic_2d_kinematics_ideal_odometry
1789808637.0602496,-3.8560217335103015,-0.10345632209359439,-0.3907133698749873,0.5647058823529411,-0.25,0,0,0.45894879670587363,False,False,False,1,synthetic_2d_kinematics_ideal_odometry
1789808637.0849435,-3.842258434790799,-0.10920044654078627,-0.4000345352499862,0.5999999999999999,-0.375,0,0,0.473862661305872,False,False,False,1,synthetic_2d_kinematics_ideal_odometry
1789808637.1100268,-3.828425628231459,-0.11512626187524348,-0.4094399406249848,0.5999999999999999,-0.375,0,0,0.4889113099058696,False,False,False,1,synthetic_2d_kinematics_ideal_odometry
1789808637.1349843,-3.814717139823781,-0.12115165769916768,-0.4187988444999887,0.5999999999999999,-0.375,0,0,0.5038855561058762,False,False,False,1,synthetic_2d_kinematics_ideal_odometry
1789808637.1599765,-3.801046916331703,-0.1273136306306539,-0.4281706131250046,0.5999999999999999,-0.375,0,0,0.5188803859059016,False,False,False,1,synthetic_2d_kinematics_ideal_odometry
1789808637.184994,-3.7874210310188334,-0.13360999890612718,-0.43755204850000223,0.5999999999999999,-0.375,0,0,0.5338906825058978,False,False,False,1,synthetic_2d_kinematics_ideal_odometry
1789808637.209809,-3.7739514635972022,-0.139961983410484,-0.4437571224999955,0.5999999999999999,-0.25,0,0,0.5487828601058815,False,False,False,1,synthetic_2d_kinematics_ideal_odometry
1789808637.2349298,-3.7603608283202163,-0.14647507160181822,-0.4500365765000039,0.5999999999999999,-0.25,0,0,0.5638535497059015,False,False,False,1,synthetic_2d_kinematics_ideal_odometry
1789808637.260049,-3.746815139879004,-0.15307151685696194,-0.4563142757499959,0.5999999999999999,-0.25,0,0,0.5789200279058824,False,False,False,1,synthetic_2d_kinematics_ideal_odometry
1789808637.2847738,-3.7342880642235072,-0.15926880679118144,-0.4625016537500029,0.5647058823529411,-0.25,0,0,0.592896222917663,False,False,False,1,synthetic_2d_kinematics_ideal_odometry
1789808637.3099895,-3.7215669874027144,-0.1656612664796716,-0.4688044482500045,0.5647058823529411,-0.25,0,0,0.6071331234353137,False,False,False,1,synthetic_2d_kinematics_ideal_odometry
1789808637.334717,-3.709125517144161,-0.17201081872866264,-0.4749882294999919,0.5647058823529411,-0.25,0,0,0.6211011940235207,False,False,False,1,synthetic_2d_kinematics_ideal_odometry
1789808637.3601148,-3.6956107568731342,-0.17901516376196733,-0.48133073374999197,0.5999999999999999,-0.25,0,0,0.6363232042235207,False,False,False,1,synthetic_2d_kinematics_ideal_odometry
1789808637.3848336,-3.6824795863250803,-0.1859253695108784,-0.48751340700000145,0.5999999999999999,-0.25,0,0,0.6511616200235434,False,False,False,1,synthetic_2d_kinematics_ideal_odometry
1789808637.4098961,-3.669229625324053,-0.19300368927956987,-0.4937726234999998,0.5999999999999999,-0.25,0,0,0.6661837396235396,False,False,False,1,synthetic_2d_kinematics_ideal_odometry
1789808637.4353287,-3.655845765969512,-0.20026231584605791,-0.5001165749999996,0.5999999999999999,-0.25,0,0,0.6814092232235394,False,False,False,1,synthetic_2d_kinematics_ideal_odometry
1789808637.4599774,-3.642849381271674,-0.20741649150516672,-0.5062979797499947,0.5999999999999999,-0.25,0,0,0.6962445946235276,False,False,False,1,synthetic_2d_kinematics_ideal_odometry
1789808637.484943,-3.6297738001575475,-0.21472044818621874,-0.5125385087499905,0.5999999999999999,-0.25,0,0,0.7112218642235175,False,False,False,1,synthetic_2d_kinematics_ideal_odometry
1789808637.5099869,-3.6166980375121027,-0.2221321340124627,-0.5188011162499959,0.5999999999999999,-0.25,0,0,0.7262521222235305,False,False,False,1,synthetic_2d_kinematics_ideal_odometry
1789808637.5348377,-3.6037736100250397,-0.22956493428531663,-0.525013326249997,0.5999999999999999,-0.25,0,0,0.7411614262235329,False,False,False,1,synthetic_2d_kinematics_ideal_odometry
1789808637.5601099,-3.5906698055058905,-0.2371828104675882,-0.5281710832499937,0.5999999999999999,-0.125,0,0,0.7563186598235172,False,False,False,1,synthetic_2d_kinematics_ideal_odometry
1789808637.5849147,-3.5778211784994864,-0.24470624302351263,-0.5312730067499982,0.5999999999999999,-0.125,0,0,0.7712078926235388,False,False,False,1,synthetic_2d_kinematics_ideal_odometry
1789808637.6098707,-3.5656789710278676,-0.25186685634925743,-0.5343932964999991,0.5647058823529411,-0.125,0,0,0.7853042604353077,False,False,False,1,synthetic_2d_kinematics_ideal_odometry
1789808637.6347928,-3.5535737573489374,-0.2590566246451529,-0.5375098261249958,0.5647058823529411,-0.125,0,0,0.7993836413294102,False,False,False,1,synthetic_2d_kinematics_ideal_odometry
1789808637.6601467,-3.541302124793485,-0.26639747448213197,-0.5406751213749954,0.5647058823529411,-0.125,0,0,0.8136833281058791,False,False,False,1,synthetic_2d_kinematics_ideal_odometry
1789808637.684961,-3.5285526046164426,-0.2741055555065427,-0.5468828223750035,0.5999999999999999,-0.25,0,0,0.8285818105058984,False,False,False,1,synthetic_2d_kinematics_ideal_odometry
1789808637.7098954,-3.5157969852856383,-0.2819260911924715,-0.5531170608750029,0.5999999999999999,-0.25,0,0,0.8435439829058968,False,False,False,1,synthetic_2d_kinematics_ideal_odometry
1789808637.7349374,-3.5030405395510646,-0.2898571920986846,-0.5593757946250049,0.5999999999999999,-0.25,0,0,0.8585649439059014,False,False,False,1,synthetic_2d_kinematics_ideal_odometry
1789808637.76008,-3.4902665491767646,-0.29788270559280716,-0.5625186857499995,0.5999999999999999,-0.125,0,0,0.8736508213058757,False,False,False,1,synthetic_2d_kinematics_ideal_odometry
1789808637.7849772,-3.477641864356435,-0.30586959390557955,-0.56563097275,0.5999999999999999,-0.125,0,0,0.8885897989058776,False,False,False,1,synthetic_2d_kinematics_ideal_odometry
1789808637.8196518,-3.460099321818501,-0.3170594002156904,-0.5699658711249993,0.5999999999999999,-0.125,0,0,0.9093973111058744,False,False,False,1,synthetic_2d_kinematics_ideal_odometry
1789808637.8348556,-3.452428218737444,-0.3219862506883123,-0.5718652460000013,0.5999999999999999,-0.125,0,0,0.9185143105058843,False,False,False,1,synthetic_2d_kinematics_ideal_odometry
1789808637.8600762,-3.439717498044201,-0.3301952736012713,-0.5750175605000007,0.5999999999999999,-0.125,0,0,0.9336454201058814,False,False,False,1,synthetic_2d_kinematics_ideal_odometry
1789808637.884905,-3.427958757555736,-0.33784171246885736,-0.5781223318750006,0.5647058823529411,-0.125,0,0,0.9476716813764691,False,False,False,1,synthetic_2d_kinematics_ideal_odometry
1789808637.9099083,-3.416169776944495,-0.3455601214973651,-0.5812414147500033,0.5647058823529411,-0.125,0,0,0.9617625969529521,False,False,False,1,synthetic_2d_kinematics_ideal_odometry
1789808637.9347117,-3.4044419069560563,-0.3532908054197986,-0.5843506837500028,0.5647058823529411,-0.125,0,0,0.9758091769058905,False,False,False,1,synthetic_2d_kinematics_ideal_odometry
1789808637.9597762,-3.3919135098659536,-0.3616053797465434,-0.5874832639999992,0.5999999999999999,-0.125,0,0,0.9908455621058732,False,False,False,1,synthetic_2d_kinematics_ideal_odometry
1789808637.984846,-3.3794124616887222,-0.36995832712004173,-0.5906155328749987,0.5999999999999999,-0.125,0,0,1.0058804527058707,False,False,False,1,synthetic_2d_kinematics_ideal_odometry
1789808638.0098174,-3.3669826467287516,-0.3783200100162113,-0.5937364888750023,0.5999999999999999,-0.125,0,0,1.020861041505888,False,False,False,1,synthetic_2d_kinematics_ideal_odometry
1789808638.034993,-3.3545241393650884,-0.3867577175387526,-0.5968712605000019,0.5999999999999999,-0.125,0,0,1.0359079453058861,False,False,False,1,synthetic_2d_kinematics_ideal_odometry
1789808638.0602534,-3.341958506382322,-0.39532586864943386,-0.6000397656249985,0.5999999999999999,-0.125,0,0,1.0511167699058694,False,False,False,1,synthetic_2d_kinematics_ideal_odometry
1789808638.08497,-3.3297305750801955,-0.40371992541740725,-0.6031297253750052,0.5999999999999999,-0.125,0,0,1.0659485767059016,False,False,False,1,synthetic_2d_kinematics_ideal_odometry
1789808638.109955,-3.317397546314012,-0.41224261681642355,-0.6062529183749985,0.5999999999999999,-0.125,0,0,1.0809399031058695,False,False,False,1,synthetic_2d_kinematics_ideal_odometry
1789808638.1349509,-3.3050859105629256,-0.4208074739722036,-0.6093774541250025,0.5999999999999999,-0.125,0,0,1.0959376747058889,False,False,False,1,synthetic_2d_kinematics_ideal_odometry
1789808638.1600695,-3.293469603361896,-0.4289427161148142,-0.6125166336249988,0.5647058823529411,-0.125,0,0,1.110119379741166,False,False,False,1,synthetic_2d_kinematics_ideal_odometry
1789808638.1849759,-3.2819721065277596,-0.437048447836779,-0.6156305393750043,0.5647058823529411,-0.125,0,0,1.1241869068941321,False,False,False,1,synthetic_2d_kinematics_ideal_odometry
1789808638.2099361,-3.2697439567075692,-0.4456978223617978,-0.6156305393750043,0.5999999999999999,0.0,0,0,1.1391648682941047,False,False,False,1,synthetic_2d_kinematics_ideal_odometry
1789808638.23486,-3.257525976083944,-0.4543400038779799,-0.6156305393750043,0.5999999999999999,0.0,0,0,1.154130373694121,False,False,False,1,synthetic_2d_kinematics_ideal_odometry
1789808638.2597802,-3.2453186324595586,-0.4629746614930322,-0.6156305393750043,0.5999999999999999,0.0,0,0,1.1690828500941362,False,False,False,1,synthetic_2d_kinematics_ideal_odometry
1789808638.2849782,-3.2329961136562284,-0.4717199184385879,-0.6187785380000006,0.5999999999999999,-0.125,0,0,1.184193243494118,False,False,False,1,synthetic_2d_kinematics_ideal_odometry
1789808638.3099756,-3.2208101033231435,-0.4804258512329911,-0.6218986182500001,0.5999999999999999,-0.125,0,0,1.199169628694116,False,False,False,1,synthetic_2d_kinematics_ideal_odometry
1789808638.3350077,-3.208601775865497,-0.4892055068616349,-0.6250314252500002,0.5999999999999999,-0.125,0,0,1.2142071022941163,False,False,False,1,synthetic_2d_kinematics_ideal_odometry
1789808638.360075,-3.196420469517622,-0.49802376058590775,-0.6281643722499977,0.5999999999999999,-0.125,0,0,1.229245247894104,False,False,False,1,synthetic_2d_kinematics_ideal_odometry
1789808638.3849587,-3.1843516046551064,-0.506818171367607,-0.6312754464999981,0.5999999999999999,-0.125,0,0,1.2441784042941064,False,False,False,1,synthetic_2d_kinematics_ideal_odometry
1789808638.4097881,-3.1730388706981643,-0.5151155566987301,-0.6343809164999994,0.5647058823529411,-0.125,0,0,1.258207821705877,False,False,False,1,synthetic_2d_kinematics_ideal_odometry
1789808638.4348226,-3.161666514668101,-0.5235113183682226,-0.6375099226249998,0.5647058823529411,-0.125,0,0,1.2723435670235261,False,False,False,1,synthetic_2d_kinematics_ideal_odometry
1789808638.4599876,-3.150269001016812,-0.5319810065997882,-0.6406531435000031,0.5647058823529411,-0.125,0,0,1.2865435295647174,False,False,False,1,synthetic_2d_kinematics_ideal_odometry
1789808638.485029,-3.138944508153096,-0.5404517000952341,-0.6437835390000044,0.5647058823529411,-0.125,0,0,1.3006855515882525,False,False,False,1,synthetic_2d_kinematics_ideal_odometry
1789808638.5098617,-3.127025872360591,-0.5493959377146834,-0.6437835390000044,0.5999999999999999,0.0,0,0,1.3155870033882469,False,False,False,1,synthetic_2d_kinematics_ideal_odometry
1789808638.5385406,-3.1132721745513647,-0.5597172818259931,-0.6437835390000044,0.5999999999999999,0.0,0,0,1.3327827687882394,False,False,False,1,synthetic_2d_kinematics_ideal_odometry
1789808638.560147,-3.102905309415932,-0.5675189301130784,-0.6464865595000047,0.5999999999999999,-0.125,0,0,1.3457572671882407,False,False,False,1,synthetic_2d_kinematics_ideal_odometry
1789808638.5849159,-3.09105475223124,-0.5764910845933123,-0.6495832035000004,0.5999999999999999,-0.125,0,0,1.3606211583882202,False,False,False,1,synthetic_2d_kinematics_ideal_odometry
1789808638.6099896,-3.0797906473763925,-0.5850745748585803,-0.6527179752500059,0.5647058823529411,-0.125,0,0,1.3747829507647151,False,False,False,1,synthetic_2d_kinematics_ideal_odometry
1789808638.635019,-3.0685789396543957,-0.5936737620339879,-0.6558456431250048,0.5647058823529411,-0.125,0,0,1.388912650341181,False,False,False,1,synthetic_2d_kinematics_ideal_odometry
1789808638.6600482,-3.057394205344562,-0.6023079556101846,-0.6589733045000015,0.5647058823529411,-0.125,0,0,1.4030423205529305,False,False,False,1,synthetic_2d_kinematics_ideal_odometry
1789808638.684967,-3.0455677997355064,-0.6114670468020224,-0.6589733045000015,0.5999999999999999,0.0,0,0,1.418000690152934,False,False,False,1,synthetic_2d_kinematics_ideal_odometry
1789808638.709886,-3.033743317233693,-0.6206246486220943,-0.6589733045000015,0.5999999999999999,0.0,0,0,1.4329566273529453,False,False,False,1,synthetic_2d_kinematics_ideal_odometry
1789808638.736608,-3.02106346660811,-0.6304446997870622,-0.6589733045000015,0.5999999999999999,0.0,0,0,1.448994458152953,False,False,False,1,synthetic_2d_kinematics_ideal_odometry
1789808638.759827,-3.0100616043839383,-0.6389907843369151,-0.6618756243749997,0.5999999999999999,-0.125,0,0,1.4629255935529444,False,False,False,1,synthetic_2d_kinematics_ideal_odometry
1789808638.784763,-2.9982731697264278,-0.6482048885517117,-0.6649927457499982,0.5999999999999999,-0.125,0,0,1.4778877761529372,False,False,False,1,synthetic_2d_kinematics_ideal_odometry
1789808638.809731,-2.9864988554288963,-0.6574672620770591,-0.6681137573749962,0.5999999999999999,-0.125,0,0,1.4928686319529278,False,False,False,1,synthetic_2d_kinematics_ideal_odometry
1789808638.8349764,-2.974633702346316,-0.6668614975999618,-0.6712666434999972,0.5999999999999999,-0.125,0,0,1.5080024853529324,False,False,False,1,synthetic_2d_kinematics_ideal_odometry
1789808638.860014,-2.9628847290016123,-0.6762239415789791,-0.6743964573749961,0.5999999999999999,-0.125,0,0,1.5230255919529267,False,False,False,1,synthetic_2d_kinematics_ideal_odometry
1789808638.8847382,-2.951288093531259,-0.6854947001810906,-0.6743964573749961,0.5999999999999999,0.0,0,0,1.5378724407529543,False,False,False,1,synthetic_2d_kinematics_ideal_odometry
1789808638.9096942,-2.9395883427931757,-0.6948478927579322,-0.6743964573749961,0.5999999999999999,0.0,0,0,1.552851305152927,False,False,False,1,synthetic_2d_kinematics_ideal_odometry
1789808638.9441297,-2.9234725178332295,-0.7077314505156541,-0.6743964573749961,0.5999999999999999,0.0,0,0,1.5734839461529584,False,False,False,1,synthetic_2d_kinematics_ideal_odometry
1789808638.9599192,-2.9160606734059975,-0.7136567398512496,-0.6743964573749961,0.5999999999999999,0.0,0,0,1.582973123752941,False,False,False,1,synthetic_2d_kinematics_ideal_odometry
1789808638.9849722,-2.904321910804581,-0.7230411198848757,-0.6743964573749961,0.5999999999999999,0.0,0,0,1.5980019339529514,False,False,False,1,synthetic_2d_kinematics_ideal_odometry
1789808639.009991,-2.892612732208678,-0.7324318946649759,-0.6775234811249928,0.5999999999999999,-0.125,0,0,1.6130116479529357,False,False,False,1,synthetic_2d_kinematics_ideal_odometry
1789808639.0351126,-2.8808827768769216,-0.7418998870311102,-0.6806639617499923,0.5999999999999999,-0.125,0,0,1.6280859549529332,False,False,False,1,synthetic_2d_kinematics_ideal_odometry
1789808639.0600863,-2.8692523755595962,-0.751347817137682,-0.6837856934999917,0.5999999999999999,-0.125,0,0,1.6430702673529303,False,False,False,1,synthetic_2d_kinematics_ideal_odometry
1789808639.084877,-2.858410826819441,-0.7602110471910791,-0.6868854108749928,0.5647058823529411,-0.125,0,0,1.6570736964352872,False,False,False,1,synthetic_2d_kinematics_ideal_odometry
1789808639.1100638,-2.8474301528129,-0.7692453858153558,-0.6900329587499953,0.5647058823529411,-0.125,0,0,1.6712932068352986,False,False,False,1,synthetic_2d_kinematics_ideal_odometry
1789808639.1351428,-2.8365331868978125,-0.7782683733540686,-0.6931646169999934,0.5647058823529411,-0.125,0,0,1.6854409335176437,False,False,False,1,synthetic_2d_kinematics_ideal_odometry
1789808639.1599848,-2.82505471949351,-0.7878031958357211,-0.6931646169999934,0.5999999999999999,0.0,0,0,1.7003629995176406,False,False,False,1,synthetic_2d_kinematics_ideal_odometry
1789808639.1849825,-2.813517488319077,-0.7973868316385955,-0.6931646169999934,0.5999999999999999,0.0,0,0,1.7153614587176529,False,False,False,1,synthetic_2d_kinematics_ideal_odometry
1789808639.2098792,-2.802702258374514,-0.8063707224305849,-0.6931646169999934,0.5647058823529411,0.0,0,0,1.7294213126470568,False,False,False,1,synthetic_2d_kinematics_ideal_odometry
1789808639.2348225,-2.791859907015683,-0.8153771421771273,-0.6931646169999934,0.5647058823529411,0.0,0,0,1.7435164245529355,False,False,False,1,synthetic_2d_kinematics_ideal_odometry
1789808639.2598653,-2.780981800792187,-0.8244132624294456,-0.6931646169999934,0.5647058823529411,0.0,0,0,1.7576580179647128,False,False,False,1,synthetic_2d_kinematics_ideal_odometry
1789808639.2854257,-2.769200421621888,-0.8342315548109465,-0.6963596636249887,0.5999999999999999,-0.125,0,0,1.77299424176469,False,False,False,1,synthetic_2d_kinematics_ideal_odometry
1789808639.3099144,-2.7579497583562382,-0.8436673342206316,-0.6994187699999939,0.5999999999999999,-0.125,0,0,1.7876779523647148,False,False,False,1,synthetic_2d_kinematics_ideal_odometry
1789808639.3349128,-2.7464878598027753,-0.8533407973139336,-0.702543429749994,0.5999999999999999,-0.125,0,0,1.8026763191647153,False,False,False,1,synthetic_2d_kinematics_ideal_odometry
1789808639.3599393,-2.735718876875496,-0.8624872587474428,-0.7056709436249944,0.5647058823529411,-0.125,0,0,1.8168053230235406,False,False,False,1,synthetic_2d_kinematics_ideal_odometry
1789808639.3849297,-2.724988192305681,-0.8716590897796759,-0.7087956466249918,0.5647058823529411,-0.125,0,0,1.830921628341176,False,False,False,1,synthetic_2d_kinematics_ideal_odometry
1789808639.40994,-2.7135972982843963,-0.8814260605041209,-0.7087956466249918,0.5999999999999999,0.0,0,0,1.8459265003411733,False,False,False,1,synthetic_2d_kinematics_ideal_odometry
1789808639.4349856,-2.7021886502589165,-0.8912082541635604,-0.7087956466249918,0.5999999999999999,0.0,0,0,1.8609547591411828,False,False,False,1,synthetic_2d_kinematics_ideal_odometry
1789808639.4598987,-2.6908443011713232,-0.9009353155530677,-0.7087956466249918,0.5999999999999999,0.0,0,0,1.875898318941191,False,False,False,1,synthetic_2d_kinematics_ideal_odometry
1789808639.4848955,-2.6794722878686588,-0.91071697121339,-0.7119206707499897,0.5999999999999999,-0.125,0,0,1.8908984347411806,False,False,False,1,synthetic_2d_kinematics_ideal_odometry
1789808639.5101519,-2.668025869541776,-0.9206253199474943,-0.7150746741249916,0.5999999999999999,-0.125,0,0,1.9060376509411898,False,False,False,1,synthetic_2d_kinematics_ideal_odometry
1789808639.5349808,-2.656772767485382,-0.9304281423297364,-0.7181838537499913,0.5999999999999999,-0.125,0,0,1.9209617131411876,False,False,False,1,synthetic_2d_kinematics_ideal_odometry
1789808639.5601704,-2.6454136797030037,-0.9403859587029099,-0.7213309077499871,0.5999999999999999,-0.125,0,0,1.9360675723411676,False,False,False,1,synthetic_2d_kinematics_ideal_odometry
1789808639.5850186,-2.6342329715400266,-0.9502493932341084,-0.7244370702499905,0.5999999999999999,-0.125,0,0,1.9509771523411845,False,False,False,1,synthetic_2d_kinematics_ideal_odometry
1789808639.6098247,-2.6230844721633857,-0.9601152454885407,-0.7244370702499905,0.5999999999999999,0.0,0,0,1.9658641963411614,False,False,False,1,synthetic_2d_kinematics_ideal_odometry
1789808639.6347082,-2.6118997591049653,-0.9700131450008104,-0.7244370702499905,0.5999999999999999,0.0,0,0,1.9807995979411916,False,False,False,1,synthetic_2d_kinematics_ideal_odometry
1789808639.6601532,-2.6004794054940708,-0.98011957436067,-0.7244370702499905,0.5999999999999999,0.0,0,0,1.996049659941187,False,False,False,1,synthetic_2d_kinematics_ideal_odometry
1789808639.68494,-2.58999278139634,-0.9893997008154245,-0.7244370702499905,0.5647058823529411,0.0,0,0,2.010052874999999,False,False,False,1,synthetic_2d_kinematics_ideal_odometry
1789808639.7099662,-2.57941166487084,-0.9987634482401447,-0.7244370702499905,0.5647058823529411,0.0,0,0,2.0241822696353036,False,False,False,1,synthetic_2d_kinematics_ideal_odometry
1789808639.7349653,-2.568838276710618,-1.0081203564565175,-0.7244370702499905,0.5647058823529411,0.0,0,0,2.0383013442705744,False,False,False,1,synthetic_2d_kinematics_ideal_odometry
1789808639.7601867,-2.558213149312324,-1.0175230512546825,-0.7244370702499905,0.5647058823529411,0.0,0,0,2.0524895084117665,False,False,False,1,synthetic_2d_kinematics_ideal_odometry
1789808639.7854955,-2.547492251504359,-1.0270104979714907,-0.7244370702499905,0.5647058823529411,0.0,0,0,2.066805558670588,False,False,False,1,synthetic_2d_kinematics_ideal_odometry
1789808639.82021,-2.5327863265025643,-1.0400244901179552,-0.7244370702499905,0.5647058823529411,0.0,0,0,2.0864429775882223,False,False,False,1,synthetic_2d_kinematics_ideal_odometry
1789808639.834915,-2.526174412576544,-1.045875696070374,-0.7244370702499905,0.5999999999999999,0.0,0,0,2.0952721347882455,False,False,False,1,synthetic_2d_kinematics_ideal_odometry
1789808639.8603725,-2.5147445283635976,-1.055990559526031,-0.7244370702499905,0.5999999999999999,0.0,0,0,2.1105349233882342,False,False,False,1,synthetic_2d_kinematics_ideal_odometry
1789808639.8849254,-2.5037073102574077,-1.0657579335426428,-0.7244370702499905,0.5999999999999999,0.0,0,0,2.1252733689882284,False,False,False,1,synthetic_2d_kinematics_ideal_odometry
1789808639.9098768,-2.492504622908577,-1.0756717393834307,-0.7244370702499905,0.5999999999999999,0.0,0,0,2.1402327723882473,False,False,False,1,synthetic_2d_kinematics_ideal_odometry
1789808639.935152,-2.4811661095404625,-1.0857057443105071,-0.7244370702499905,0.5999999999999999,0.0,0,0,2.1553735497882194,False,False,False,1,synthetic_2d_kinematics_ideal_odometry
1789808639.9601688,-2.47056718838383,-1.095085247923954,-0.7244370702499905,0.5647058823529411,0.0,0,0,2.1695267196705874,False,False,False,1,synthetic_2d_kinematics_ideal_odometry
1789808639.9866576,-2.459361745122154,-1.1050014926067808,-0.7244370702499905,0.5647058823529411,0.0,0,0,2.184489803152956,False,False,False,1,synthetic_2d_kinematics_ideal_odometry
1789808640.0099254,-2.448906404173003,-1.1142539350736271,-0.7244370702499905,0.5999999999999999,0.0,0,0,2.1984512445529436,False,False,False,1,synthetic_2d_kinematics_ideal_odometry
1789808640.0349193,-2.4376815049632707,-1.1241873972762757,-0.7244370702499905,0.5999999999999999,0.0,0,0,2.213440308352931,False,False,False,1,synthetic_2d_kinematics_ideal_odometry
1789808640.0600555,-2.4263866150717055,-1.1341827976557877,-0.7244370702499905,0.5999999999999999,0.0,0,0,2.228522833552954,False,False,False,1,synthetic_2d_kinematics_ideal_odometry
1789808640.084939,-2.415203699307551,-1.1440791066544747,-0.7244370702499905,0.5999999999999999,0.0,0,0,2.2434558351529565,False,False,False,1,synthetic_2d_kinematics_ideal_odometry
1789808640.1099415,-2.403967391323272,-1.1540226650396026,-0.7244370702499905,0.5999999999999999,0.0,0,0,2.258460133552949,False,False,False,1,synthetic_2d_kinematics_ideal_odometry
1789808640.1349828,-2.392724821116518,-1.1639717651716184,-0.7244370702499905,0.5999999999999999,0.0,0,0,2.273472794152945,False,False,False,1,synthetic_2d_kinematics_ideal_odometry
1789808640.1598394,-2.3815409074047396,-1.1738689573029573,-0.7244370702499905,0.5999999999999999,0.0,0,0,2.28840712835294,False,False,False,1,synthetic_2d_kinematics_ideal_odometry
1789808640.1847436,-2.3703508819938706,-1.1837715579756802,-0.7244370702499905,0.5999999999999999,0.0,0,0,2.3033496237529496,False,False,False,1,synthetic_2d_kinematics_ideal_odometry
1789808640.209793,-2.3590971779985934,-1.193730510941597,-0.7244370702499905,0.5999999999999999,0.0,0,0,2.3183771517529452,False,False,False,1,synthetic_2d_kinematics_ideal_odometry
1789808640.2348206,-2.3478619519854504,-1.2036731118375592,-0.7244370702499905,0.5999999999999999,0.0,0,0,2.333380005352937,False,False,False,1,synthetic_2d_kinematics_ideal_odometry
1789808640.2601287,-2.33650571774539,-1.2137227988307624,-0.7244370702499905,0.5999999999999999,0.0,0,0,2.3485444461529297,False,False,False,1,synthetic_2d_kinematics_ideal_odometry
1789808640.2850056,-2.3253060938846137,-1.223633893641168,-0.7244370702499905,0.5999999999999999,0.0,0,0,2.36349975875293,False,False,False,1,synthetic_2d_kinematics_ideal_odometry
1789808640.3122578,-2.31306155864645,-1.2344696816250673,-0.7244370702499905,0.5999999999999999,0.0,0,0,2.379850383952923,False,False,False,1,synthetic_2d_kinematics_ideal_odometry
1789808640.334918,-2.302881768965769,-1.243478275300125,-0.7244370702499905,0.5999999999999999,0.0,0,0,2.393443870552953,False,False,False,1,synthetic_2d_kinematics_ideal_odometry
1789808640.359988,-2.291605317665774,-1.253425906519232,-0.7213043456249933,0.5999999999999999,0.125,0,0,2.4084809487529393,False,False,False,1,synthetic_2d_kinematics_ideal_odometry
1789808640.3849123,-2.2803569127236933,-1.2632864709444176,-0.7181879871249918,0.5999999999999999,0.125,0,0,2.423439469552947,False,False,False,1,synthetic_2d_kinematics_ideal_odometry
1789808640.4101408,-2.2689425682746203,-1.2732293913740709,-0.7150343067499917,0.5999999999999999,0.125,0,0,2.438577135352947,False,False,False,1,synthetic_2d_kinematics_ideal_odometry
1789808640.434921,-2.257701496312543,-1.2829597492423752,-0.7119369178749934,0.5999999999999999,0.125,0,0,2.453444601952939,False,False,False,1,synthetic_2d_kinematics_ideal_odometry
1789808640.4603837,-2.246124313870718,-1.2929176412357213,-0.7087555459999917,0.5999999999999999,0.125,0,0,2.468715186952946,False,False,False,1,synthetic_2d_kinematics_ideal_odometry
1789808640.4848852,-2.2349393205490355,-1.3024775812362255,-0.7056901666249968,0.5999999999999999,0.125,0,0,2.4834290079529215,False,False,False,1,synthetic_2d_kinematics_ideal_odometry
1789808640.5099764,-2.2234697376051216,-1.3122193907780917,-0.7025550843749923,0.5999999999999999,0.125,0,0,2.4984774027529433,False,False,False,1,synthetic_2d_kinematics_ideal_odometry
1789808640.5348005,-2.212078486284209,-1.321833644559447,-0.6994496282499933,0.5999999999999999,0.125,0,0,2.5133835921529375,False,False,False,1,synthetic_2d_kinematics_ideal_odometry
1789808640.5599043,-2.2005564567841116,-1.331496896884232,-0.6963167519999938,0.5999999999999999,0.125,0,0,2.5284213981529353,False,False,False,1,synthetic_2d_kinematics_ideal_odometry
1789808640.5849705,-2.1889915780140092,-1.3411344982304554,-0.6931804544999944,0.5999999999999999,0.125,0,0,2.543475626152932,False,False,False,1,synthetic_2d_kinematics_ideal_odometry
1789808640.6098561,-2.177488766920595,-1.3506596459195876,-0.6900690737499953,0.5999999999999999,0.125,0,0,2.558410253752928,False,False,False,1,synthetic_2d_kinematics_ideal_odometry
1789808640.634886,-2.165896453195833,-1.3601981071996008,-0.6869415471249947,0.5999999999999999,0.125,0,0,2.5734223815529305,False,False,False,1,synthetic_2d_kinematics_ideal_odometry
1789808640.665529,-2.1516691970346375,-1.3718219326196,-0.683114059874995,0.5999999999999999,0.125,0,0,2.591794320352929,False,False,False,1,synthetic_2d_kinematics_ideal_odometry
1789808640.6852329,-2.142487743583299,-1.3792752451583234,-0.6806503391249943,0.5999999999999999,0.125,0,0,2.603620179952932,False,False,False,1,synthetic_2d_kinematics_ideal_odometry
1789808640.7130666,-2.1294754688819393,-1.3897743034734116,-0.6771670611249898,0.5999999999999999,0.125,0,0,2.6203399143529538,False,False,False,1,synthetic_2d_kinematics_ideal_odometry
1789808640.734938,-2.119242031706418,-1.3979788553580739,-0.6744344939999958,0.5999999999999999,0.125,0,0,2.633456236552925,False,False,False,1,synthetic_2d_kinematics_ideal_odometry
1789808640.7600708,-2.108143631571637,-1.4068234602499898,-0.6712931241249929,0.5647058823529411,0.125,0,0,2.6476478369294085,False,False,False,1,synthetic_2d_kinematics_ideal_odometry
1789808640.785217,-2.097018229484691,-1.4156325832651622,-0.6681519593749949,0.5647058823529411,0.125,0,0,2.6618385106235167,False,False,False,1,synthetic_2d_kinematics_ideal_odometry
1789808640.820363,-2.08138995394842,-1.4279115133367728,-0.6637525481249962,0.5647058823529411,0.125,0,0,2.6817134979176287,False,False,False,1,synthetic_2d_kinematics_ideal_odometry
1789808640.834705,-2.075011463387784,-1.4328911555164425,-0.6619613294999945,0.5647058823529411,0.125,0,0,2.689805591470577,False,False,False,1,synthetic_2d_kinematics_ideal_odometry
1789808640.8598216,-2.063809781951161,-1.441591864791539,-0.6588216876249925,0.5647058823529411,0.125,0,0,2.7039893853529393,False,False,False,1,synthetic_2d_kinematics_ideal_odometry
1789808640.884719,-2.05198142671033,-1.4507201886375125,-0.6557089597499934,0.5999999999999999,0.125,0,0,2.718930479152935,False,False,False,1,synthetic_2d_kinematics_ideal_odometry
1789808640.9101052,-2.0399138354248048,-1.4599728176891402,-0.652540937124996,0.5999999999999999,0.125,0,0,2.734136987752923,False,False,False,1,synthetic_2d_kinematics_ideal_odometry
1789808640.93501,-2.0280219047179178,-1.4690315885827396,-0.6494265151249929,0.5999999999999999,0.125,0,0,2.7490862133529372,False,False,False,1,synthetic_2d_kinematics_ideal_odometry
1789808640.9599445,-2.016077745045229,-1.4780422310169985,-0.6431924433749923,0.5999999999999999,0.25,0,0,2.764047985552939,False,False,False,1,synthetic_2d_kinematics_ideal_odometry
1789808640.9950955,-1.9991650444601679,-1.4906030521606772,-0.6344145743749929,0.5999999999999999,0.25,0,0,2.7851148711529374,False,False,False,1,synthetic_2d_kinematics_ideal_odometry
1789808641.0110552,-1.991428483461702,-1.496272575393333,-0.6304180943749951,0.5999999999999999,0.25,0,0,2.7947064231529324,False,False,False,1,synthetic_2d_kinematics_ideal_odometry
1789808641.03501,-1.979788041460735,-1.5047139253712638,-0.6244268351249995,0.5999999999999999,0.25,0,0,2.8090854453529217,False,False,False,1,synthetic_2d_kinematics_ideal_odometry
1789808641.0601869,-1.9675015230884076,-1.5135091250071424,-0.6181309746249961,0.5999999999999999,0.25,0,0,2.8241955105529297,False,False,False,1,synthetic_2d_kinematics_ideal_odometry
1789808641.085007,-1.9553364739641508,-1.5221028736003774,-0.6119250056249892,0.5999999999999999,0.25,0,0,2.8390898361529464,False,False,False,1,synthetic_2d_kinematics_ideal_odometry
1789808641.1100047,-1.943032930804336,-1.5306801009469215,-0.605675755624993,0.5999999999999999,0.25,0,0,2.8540880361529375,False,False,False,1,synthetic_2d_kinematics_ideal_odometry
1789808641.1351843,-1.9305795446510907,-1.539246195878262,-0.5993778171249953,0.5999999999999999,0.25,0,0,2.869203088552932,False,False,False,1,synthetic_2d_kinematics_ideal_odometry
1789808641.1599712,-1.9182764096006186,-1.5475962063943909,-0.5931823633749995,0.5999999999999999,0.25,0,0,2.8840721775529214,False,False,False,1,synthetic_2d_kinematics_ideal_odometry
1789808641.1848829,-1.905852815412315,-1.555915706473933,-0.586952398624994,0.5999999999999999,0.25,0,0,2.8990240929529345,False,False,False,1,synthetic_2d_kinematics_ideal_odometry
1789808641.2098289,-1.8933649589429384,-1.5641659633750882,-0.5807161178749918,0.5999999999999999,0.25,0,0,2.91399116675294,False,False,False,1,synthetic_2d_kinematics_ideal_odometry
1789808641.235029,-1.8807117469652217,-1.5724120666417003,-0.574423182124995,0.5999999999999999,0.25,0,0,2.9290942125529322,False,False,False,1,synthetic_2d_kinematics_ideal_odometry
1789808641.260024,-1.8680901811101338,-1.5805252137070884,-0.5681714173749906,0.5999999999999999,0.25,0,0,2.944098447952943,False,False,False,1,synthetic_2d_kinematics_ideal_odometry
1789808641.2848327,-1.8555150166183128,-1.5884982967917587,-0.5619673526249964,0.5999999999999999,0.25,0,0,2.958988203352929,False,False,False,1,synthetic_2d_kinematics_ideal_odometry
1789808641.3108397,-1.8422931500495083,-1.5967641606113105,-0.5554702611249875,0.5999999999999999,0.25,0,0,2.97458122295295,False,False,False,1,synthetic_2d_kinematics_ideal_odometry
1789808641.334941,-1.8299771777874323,-1.6043568289928714,-0.5494418016249862,0.5999999999999999,0.25,0,0,2.9890495257529532,False,False,False,1,synthetic_2d_kinematics_ideal_odometry
1789808641.3599439,-1.8171666948441518,-1.6121462554671522,-0.5431948073749946,0.5999999999999999,0.25,0,0,3.004042311952933,False,False,False,1,synthetic_2d_kinematics_ideal_odometry
1789808641.3849354,-1.8042975145572957,-1.619861627226389,-0.5369428248749908,0.5999999999999999,0.25,0,0,3.019047069952942,False,False,False,1,synthetic_2d_kinematics_ideal_odometry
1789808641.4098892,-1.7914065494932065,-1.6274810153973986,-0.5307034998749951,0.5999999999999999,0.25,0,0,3.034021449952932,False,False,False,1,synthetic_2d_kinematics_ideal_odometry
1789808641.4348657,-1.7784605319245108,-1.6350243162898483,-0.5244604376249878,0.5999999999999999,0.25,0,0,3.0490047993529497,False,False,False,1,synthetic_2d_kinematics_ideal_odometry
1789808641.460955,-1.764895830774886,-1.6428126072390814,-0.5179431183749937,0.5999999999999999,0.25,0,0,3.0646463655529352,False,False,False,1,synthetic_2d_kinematics_ideal_odometry
1789808641.484714,-1.7524709690389133,-1.649843842603383,-0.5119946203749987,0.5999999999999999,0.25,0,0,3.0789227607529233,False,False,False,1,synthetic_2d_kinematics_ideal_odometry
1789808641.510013,-1.739213010966433,-1.6572394776419768,-0.5056691198749871,0.5999999999999999,0.25,0,0,3.094103961952951,False,False,False,1,synthetic_2d_kinematics_ideal_odometry
1789808641.5347505,-1.7262049393585477,-1.6643894023761272,-0.4994843021249903,0.5999999999999999,0.25,0,0,3.1089475245529434,False,False,False,1,synthetic_2d_kinematics_ideal_odometry
1789808641.55986,-1.7129626544940162,-1.6715610074752325,-0.493209489874992,0.5999999999999999,0.25,0,0,3.124007073952939,False,False,False,1,synthetic_2d_kinematics_ideal_odometry
1789808641.5849476,-1.6996885070887786,-1.6786425612435971,-0.4869407486249952,0.5999999999999999,0.25,0,0,3.1390520529529318,False,False,False,1,synthetic_2d_kinematics_ideal_odometry
1789808641.6100118,-1.6863751574628525,-1.6856381938579321,-0.48067432362498835,0.5999999999999999,0.25,0,0,3.154091472952948,False,False,False,1,synthetic_2d_kinematics_ideal_odometry
1789808641.6348703,-1.673129390980091,-1.6924931760905386,-0.47445996537499696,0.5999999999999999,0.25,0,0,3.169005932752927,False,False,False,1,synthetic_2d_kinematics_ideal_odometry
1789808641.6601422,-1.6596202532118254,-1.6993774855302561,-0.46814240662499856,0.5999999999999999,0.25,0,0,3.1841680737529234,False,False,False,1,synthetic_2d_kinematics_ideal_odometry
1789808641.68498,-1.6463010088568961,-1.7060602704770378,-0.46193334787499624,0.5999999999999999,0.25,0,0,3.199069814752929,False,False,False,1,synthetic_2d_kinematics_ideal_odometry
1789808641.7099686,-1.6328570130093116,-1.7127011586142573,-0.45568553687498764,0.5999999999999999,0.25,0,0,3.2140645611529495,False,False,False,1,synthetic_2d_kinematics_ideal_odometry
1789808641.7349646,-1.6193759640750753,-1.7192559081463894,-0.44943965737498787,0.5999999999999999,0.25,0,0,3.229054671952949,False,False,False,1,synthetic_2d_kinematics_ideal_odometry
1789808641.7604623,-1.6056078653847046,-1.7258432624401618,-0.44308014762498943,0.5999999999999999,0.25,0,0,3.244317495352945,False,False,False,1,synthetic_2d_kinematics_ideal_odometry
1789808641.7850087,-1.5922442876209004,-1.7321346230942756,-0.43692579012499494,0.5999999999999999,0.25,0,0,3.2590879533529318,False,False,False,1,synthetic_2d_kinematics_ideal_odometry
1789808641.8152683,-1.5757524677325683,-1.739760893765634,-0.42935505737499796,0.5999999999999999,0.25,0,0,3.2772577119529243,False,False,False,1,synthetic_2d_kinematics_ideal_odometry
1789808641.8348799,-1.5650510310835302,-1.7446287768645496,-0.42445648487498716,0.5999999999999999,0.25,0,0,3.28901428595295,False,False,False,1,synthetic_2d_kinematics_ideal_odometry
1789808641.8600917,-1.5512492046265551,-1.7508139191389798,-0.41815466637499527,0.5999999999999999,0.25,0,0,3.3041386503529306,False,False,False,1,synthetic_2d_kinematics_ideal_odometry
1789808641.8854766,-1.5373120003963974,-1.7569541909013027,-0.41180889187499026,0.5999999999999999,0.25,0,0,3.319368509152943,False,False,False,1,synthetic_2d_kinematics_ideal_odometry
1789808641.9100704,-1.5237679001377842,-1.7628205031829642,-0.4056589106249999,0.5999999999999999,0.25,0,0,3.3341284641529194,False,False,False,1,synthetic_2d_kinematics_ideal_odometry
1789808641.9347374,-1.5101435374810663,-1.7686221722175581,-0.3994888296249923,0.5999999999999999,0.25,0,0,3.3489366585529377,False,False,False,1,synthetic_2d_kinematics_ideal_odometry
1789808641.9610872,-1.4955567202446136,-1.7747240556735437,-0.3929006428749984,0.5999999999999999,0.25,0,0,3.364748306752923,False,False,False,1,synthetic_2d_kinematics_ideal_odometry
1789808641.9848804,-1.482357818287383,-1.7801484139135222,-0.3869547836249933,0.5999999999999999,0.25,0,0,3.379018368952935,False,False,False,1,synthetic_2d_kinematics_ideal_odometry
1789808642.0098302,-1.4684817747425079,-1.7857525147482378,-0.38071937662498784,0.5999999999999999,0.25,0,0,3.393983345752948,False,False,False,1,synthetic_2d_kinematics_ideal_odometry
1789808642.0350335,-1.4544261430879666,-1.791326934741408,-0.3744190936250004,0.5999999999999999,0.25,0,0,3.4091040249529176,False,False,False,1,synthetic_2d_kinematics_ideal_odometry
1789808642.0601804,-1.4403672549483078,-1.7968005077185394,-0.36813291587498725,0.5999999999999999,0.25,0,0,3.4241908515529493,False,False,False,1,synthetic_2d_kinematics_ideal_odometry
1789808642.084923,-1.42649901909673,-1.8021005006952984,-0.36194688362498767,0.5999999999999999,0.25,0,0,3.4390373289529483,False,False,False,1,synthetic_2d_kinematics_ideal_odometry
1789808642.1099746,-1.4124230133461997,-1.8073797132965361,-0.35568295437499103,0.5999999999999999,0.25,0,0,3.4540707591529403,False,False,False,1,synthetic_2d_kinematics_ideal_odometry
1789808642.1349154,-1.3983796856190744,-1.8125467953037322,-0.3494480588749906,0.5999999999999999,0.25,0,0,3.4690345083529412,False,False,False,1,synthetic_2d_kinematics_ideal_odometry
1789808642.16001,-1.3842182717457852,-1.817657000687469,-0.34317504787500014,0.5999999999999999,0.25,0,0,3.484089734752918,False,False,False,1,synthetic_2d_kinematics_ideal_odometry
1789808642.1850781,-1.3700402207543365,-1.8226729683394802,-0.33690872112499165,0.5999999999999999,0.25,0,0,3.4991289189529384,False,False,False,1,synthetic_2d_kinematics_ideal_odometry
1789808642.2096858,-1.3560818057021384,-1.8275138967662696,-0.33075287562498773,0.5999999999999999,0.25,0,0,3.5139029481529476,False,False,False,1,synthetic_2d_kinematics_ideal_odometry
1789808642.2349825,-1.3417289581229912,-1.8323915631627758,-0.32443661762498943,0.5999999999999999,0.25,0,0,3.529061967352943,False,False,False,1,synthetic_2d_kinematics_ideal_odometry
1789808642.2599416,-1.3274973141051618,-1.8371285070162782,-0.31818691862499515,0.5999999999999999,0.25,0,0,3.5440612449529296,False,False,False,1,synthetic_2d_kinematics_ideal_odometry
1789808642.2848172,-1.3133060728368897,-1.8417539290912421,-0.3119677466249936,0.5999999999999999,0.25,0,0,3.5589872577529333,False,False,False,1,synthetic_2d_kinematics_ideal_odometry
1789808642.3097436,-1.2990566158757506,-1.846300386577784,-0.3057355873749895,0.5999999999999999,0.25,0,0,3.573944439952943,False,False,False,1,synthetic_2d_kinematics_ideal_odometry
1789808642.3346987,-1.2847665504664456,-1.8507618271096222,-0.2994979548749864,0.5999999999999999,0.25,0,0,3.58891475795295,False,False,False,1,synthetic_2d_kinematics_ideal_odometry
1789808642.3597498,-1.2703898096853488,-1.8551518981312702,-0.29323458862499024,0.5999999999999999,0.25,0,0,3.603946836952941,False,False,False,1,synthetic_2d_kinematics_ideal_odometry
1789808642.385019,-1.2558727889210888,-1.8594852014129464,-0.2869221036249951,0.5999999999999999,0.25,0,0,3.619096800952929,False,False,False,1,synthetic_2d_kinematics_ideal_odometry
1789808642.409932,-1.2415220959195192,-1.863671033259705,-0.2806934793749957,0.5999999999999999,0.25,0,0,3.6340454991529274,False,False,False,1,synthetic_2d_kinematics_ideal_odometry
1789808642.4352787,-1.226923606820624,-1.8678298974065237,-0.27436875887499185,0.5999999999999999,0.25,0,0,3.6492248283529367,False,False,False,1,synthetic_2d_kinematics_ideal_odometry
1789808642.4599454,-1.2126462373467073,-1.8718009788471854,-0.26819403487498733,0.5999999999999999,0.25,0,0,3.6640441659529475,False,False,False,1,synthetic_2d_kinematics_ideal_odometry
1789808642.4849536,-1.1981691051546899,-1.8757308896096057,-0.26194359662499495,0.5999999999999999,0.25,0,0,3.679045217752929,False,False,False,1,synthetic_2d_kinematics_ideal_odometry
1789808642.509963,-1.1836522574379302,-1.879574270614003,-0.2556865111249988,0.5999999999999999,0.25,0,0,3.69406222295292,False,False,False,1,synthetic_2d_kinematics_ideal_odometry
1789808642.537124,-1.167895168669884,-1.8836362834369187,-0.2489064111249985,0.5999999999999999,0.25,0,0,3.7103344629529205,False,False,False,1,synthetic_2d_kinematics_ideal_odometry
1789808642.5601535,-1.1544711581381415,-1.8870071841621616,-0.24313942187499268,0.5999999999999999,0.25,0,0,3.7241752371529344,False,False,False,1,synthetic_2d_kinematics_ideal_odometry
1789808642.5856469,-1.1396130935284172,-1.8906424557097643,-0.23676595687499688,0.5999999999999999,0.25,0,0,3.7394715531529243,False,False,False,1,synthetic_2d_kinematics_ideal_odometry
1789808642.6099873,-1.1253954546206284,-1.8940272770723083,-0.23067637287498832,0.5999999999999999,0.25,0,0,3.754086554752945,False,False,False,1,synthetic_2d_kinematics_ideal_odometry
1789808642.6348135,-1.1108807398305456,-1.897388655265677,-0.22446851762499143,0.5999999999999999,0.25,0,0,3.7689854073529374,False,False,False,1,synthetic_2d_kinematics_ideal_odometry
1789808642.6598625,-1.096221385535524,-1.9006873746241804,-0.21820771837499087,0.5999999999999999,0.25,0,0,3.784011325552939,False,False,False,1,synthetic_2d_kinematics_ideal_odometry
1789808642.6852922,-1.0813449504654875,-1.9039365710292293,-0.21186307937499982,0.5999999999999999,0.25,0,0,3.7992384591529174,False,False,False,1,synthetic_2d_kinematics_ideal_odometry
1789808642.7098222,-1.0669210688896795,-1.9069926923285903,-0.20571970787499771,0.5999999999999999,0.25,0,0,3.8139825507529226,False,False,False,1,synthetic_2d_kinematics_ideal_odometry
1789808642.7354615,-1.051928722773272,-1.9100713185980907,-0.19934255162498693,0.5999999999999999,0.25,0,0,3.8292877257529483,False,False,False,1,synthetic_2d_kinematics_ideal_odometry
1789808642.7604191,-1.0371879969062838,-1.9130013158324228,-0.1930804261250001,0.5999999999999999,0.25,0,0,3.844316826952917,False,False,False,1,synthetic_2d_kinematics_ideal_odometry
1789808642.784891,-1.022749137923767,-1.915778452312044,-0.18695396462499736,0.5999999999999999,0.25,0,0,3.8590203345529233,False,False,False,1,synthetic_2d_kinematics_ideal_odometry
1789808642.8113205,-1.0071519024892512,-1.918675511546125,-0.1803439618749889,0.5999999999999999,0.25,0,0,3.8748843411529434,False,False,False,1,synthetic_2d_kinematics_ideal_odometry
1789808642.8351758,-0.9939197163629523,-1.9210677267954388,-0.17736748124999457,0.5647058823529411,0.125,0,0,3.8883310300940943,False,False,False,1,synthetic_2d_kinematics_ideal_odometry
1789808642.860149,-0.9800203017897934,-1.9235368042588592,-0.17424262149999215,0.5647058823529411,0.125,0,0,3.902448043552929,False,False,False,1,synthetic_2d_kinematics_ideal_odometry
1789808642.8849125,-0.9653818884106657,-1.9260902160744773,-0.17114690412498823,0.5999999999999999,0.125,0,0,3.917307486952948,False,False,False,1,synthetic_2d_kinematics_ideal_odometry
1789808642.9097068,-0.9507048137657143,-1.9286035290352663,-0.16804467274999246,0.5999999999999999,0.125,0,0,3.9321981975529274,False,False,False,1,synthetic_2d_kinematics_ideal_odometry
1789808642.9348414,-0.9358379640616354,-1.9311015975803822,-0.1649039928749898,0.5999999999999999,0.125,0,0,3.9472734609529403,False,False,False,1,synthetic_2d_kinematics_ideal_odometry
1789808642.9597194,-0.9211032525723576,-1.9335301278584822,-0.1617928466249905,0.5999999999999999,0.125,0,0,3.962206962952937,False,False,False,1,synthetic_2d_kinematics_ideal_odometry
1789808642.9851935,-0.9060428399635246,-1.9359637169968111,-0.15861456212498815,0.5999999999999999,0.125,0,0,3.9774627285529482,False,False,False,1,synthetic_2d_kinematics_ideal_odometry
1789808643.0098321,-0.8914229958602443,-1.9382791686296308,-0.15553079837498962,0.5999999999999999,0.125,0,0,3.9922647945529413,False,False,False,1,synthetic_2d_kinematics_ideal_odometry
1789808643.0350308,-0.8764855880301494,-1.9405972186299187,-0.15238158999999007,0.5999999999999999,0.125,0,0,4.007380994752939,False,False,False,1,synthetic_2d_kinematics_ideal_odometry
1789808643.0602887,-0.8615194145203287,-1.9428714546568577,-0.14922784374999032,0.5999999999999999,0.125,0,0,4.022518976752938,False,False,False,1,synthetic_2d_kinematics_ideal_odometry
1789808643.0849557,-0.8468877892269852,-1.9450482037186745,-0.1461460402499879,0.5999999999999999,0.125,0,0,4.0373116335529495,False,False,False,1,synthetic_2d_kinematics_ideal_odometry
1789808643.1100595,-0.8319599814564197,-1.9472215499997214,-0.14300329287499358,0.5999999999999999,0.125,0,0,4.052396820952922,False,False,False,1,synthetic_2d_kinematics_ideal_odometry
1789808643.1353126,-0.8169603395138639,-1.949357132448947,-0.13984685399999086,0.5999999999999999,0.125,0,0,4.0675477275529355,False,False,False,1,synthetic_2d_kinematics_ideal_odometry
1789808643.1600368,-0.8022739216669428,-1.951401347617741,-0.13675768662498888,0.5999999999999999,0.125,0,0,4.082375730952945,False,False,False,1,synthetic_2d_kinematics_ideal_odometry
1789808643.1849377,-0.7874633697197526,-1.953416035425151,-0.13364373799998908,0.5999999999999999,0.125,0,0,4.097322684352944,False,False,False,1,synthetic_2d_kinematics_ideal_odometry
1789808643.2100499,-0.7725234537133941,-1.9554007608914432,-0.13050391049998902,0.5999999999999999,0.125,0,0,4.112393856352945,False,False,False,1,synthetic_2d_kinematics_ideal_odometry
1789808643.234709,-0.7578399489121247,-1.957304936633545,-0.1274192317499894,0.5999999999999999,0.125,0,0,4.127200314352943,False,False,False,1,synthetic_2d_kinematics_ideal_odometry
1789808643.2598333,-0.742887794023864,-1.959196652443468,-0.12427936762499296,0.5999999999999999,0.125,0,0,4.142271662152926,False,False,False,1,synthetic_2d_kinematics_ideal_odometry
1789808643.2849412,-0.7279404004744617,-1.961040117531704,-0.12114173387499232,0.5999999999999999,0.125,0,0,4.15733230415293,False,False,False,1,synthetic_2d_kinematics_ideal_odometry
1789808643.3098974,-0.7130787749661399,-1.9628258280525828,-0.11802329162499331,0.5999999999999999,0.125,0,0,4.172300826952925,False,False,False,1,synthetic_2d_kinematics_ideal_odometry
1789808643.3349197,-0.6981660360221562,-1.9645704494377603,-0.114895282749991,0.5999999999999999,0.125,0,0,4.187315269552935,False,False,False,1,synthetic_2d_kinematics_ideal_odometry
1789808643.3600733,-0.6831734080828373,-1.9662767766384224,-0.11175165462498865,0.5999999999999999,0.125,0,0,4.202404684552946,False,False,False,1,synthetic_2d_kinematics_ideal_odometry
1789808643.3849614,-0.668339136142847,-1.9679181179192913,-0.10864232149999235,0.5999999999999999,0.125,0,0,4.217329483552929,False,False,False,1,synthetic_2d_kinematics_ideal_odometry
1789808643.4101834,-0.6532827940846789,-1.9695363117763707,-0.1054875192499905,0.5999999999999999,0.125,0,0,4.2324725343529375,False,False,False,1,synthetic_2d_kinematics_ideal_odometry
1789808643.4348915,-0.6385390999285836,-1.971074364385387,-0.10239924812498896,0.5999999999999999,0.125,0,0,4.247296235752945,False,False,False,1,synthetic_2d_kinematics_ideal_odometry
1789808643.4598904,-0.6236136144224163,-1.972584521085743,-0.0992738961249911,0.5999999999999999,0.125,0,0,4.262297925352934,False,False,False,1,synthetic_2d_kinematics_ideal_odometry
1789808643.484992,-0.6086253674018184,-1.9740536276548066,-0.09613638074998915,0.5999999999999999,0.125,0,0,4.277357999152944,False,False,False,1,synthetic_2d_kinematics_ideal_odometry
1789808643.5099142,-0.5937392315853205,-1.9754657532934956,-0.09302117987498787,0.5999999999999999,0.125,0,0,4.29231096335295,False,False,False,1,synthetic_2d_kinematics_ideal_odometry
1789808643.5362356,-0.5780007913745726,-1.9769078673707652,-0.08972860224999107,0.5999999999999999,0.125,0,0,4.308115335952935,False,False,False,1,synthetic_2d_kinematics_ideal_odometry
1789808643.559898,-0.5638651337399918,-1.978158593230382,-0.08677216849999053,0.5999999999999999,0.125,0,0,4.322306217952938,False,False,False,1,synthetic_2d_kinematics_ideal_odometry
1789808643.5847409,-0.5490083815371769,-1.9794277439008323,-0.08366573874999245,0.5999999999999999,0.125,0,0,4.337217080752929,False,False,False,1,synthetic_2d_kinematics_ideal_odometry
1789808643.6098342,-0.5340131685626962,-1.980685265039733,-0.08366573874999245,0.5999999999999999,0.0,0,0,4.35226493015292,False,False,False,1,synthetic_2d_kinematics_ideal_odometry
1789808643.6351209,-0.5189192947091246,-1.9819510600285117,-0.08366573874999245,0.5999999999999999,0.0,0,0,4.3674117867529265,False,False,False,1,synthetic_2d_kinematics_ideal_odometry
1789808643.6601255,-0.5039512425941651,-1.983206303416836,-0.08366573874999245,0.5999999999999999,0.0,0,0,4.382432379952933,False,False,False,1,synthetic_2d_kinematics_ideal_odometry
1789808643.684984,-0.48908383997778737,-1.9844531061866573,-0.08366573874999245,0.5999999999999999,0.0,0,0,4.3973519703529504,False,False,False,1,synthetic_2d_kinematics_ideal_odometry
1789808643.7099347,-0.4741621120549636,-1.9857044647584767,-0.08366573874999245,0.5999999999999999,0.0,0,0,4.412326076752935,False,False,False,1,synthetic_2d_kinematics_ideal_odometry
1789808643.7350037,-0.4592383333308642,-1.9869559953135791,-0.08366573874999245,0.5999999999999999,0.0,0,0,4.427302241152948,False,False,False,1,synthetic_2d_kinematics_ideal_odometry
1789808643.760314,-0.4440448658723122,-1.9882301423720334,-0.08366573874999245,0.5999999999999999,0.0,0,0,4.442549040952928,False,False,False,1,synthetic_2d_kinematics_ideal_odometry
1789808643.7849777,-0.4292974554574744,-1.9894668824151567,-0.08366573874999245,0.5999999999999999,0.0,0,0,4.457348217952948,False,False,False,1,synthetic_2d_kinematics_ideal_odometry
1789808643.8095038,-0.41462448733421436,-1.9906973796156178,-0.08366573874999245,0.5999999999999999,0.0,0,0,4.472072691352922,False,False,False,1,synthetic_2d_kinematics_ideal_odometry
1789808643.8350039,-0.39938613184230426,-1.991975291052139,-0.08366573874999245,0.5999999999999999,0.0,0,0,4.48736453675292,False,False,False,1,synthetic_2d_kinematics_ideal_odometry
1789808643.8598173,-0.3845391200497502,-1.9932203838167712,-0.08366573874999245,0.5999999999999999,0.0,0,0,4.502263664752933,False,False,False,1,synthetic_2d_kinematics_ideal_odometry
1789808643.8847165,-0.36965277771586924,-1.9944687748998207,-0.08366573874999245,0.5999999999999999,0.0,0,0,4.5172022613529395,False,False,False,1,synthetic_2d_kinematics_ideal_odometry
1789808643.9098682,-0.35461565306042253,-1.9957298108153951,-0.08366573874999245,0.5999999999999999,0.0,0,0,4.532292169552919,False,False,False,1,synthetic_2d_kinematics_ideal_odometry
1789808643.9348185,-0.33969666591684544,-1.99698093954134,-0.08366573874999245,0.5999999999999999,0.0,0,0,4.547263525552932,False,False,False,1,synthetic_2d_kinematics_ideal_odometry
1789808643.9601166,-0.32458492617638923,-1.9982482327902942,-0.08366573874999245,0.5999999999999999,0.0,0,0,4.5624283107529315,False,False,False,1,synthetic_2d_kinematics_ideal_odometry
1789808643.9850655,-0.30966449390554274,-1.999499482706788,-0.08366573874999245,0.5999999999999999,0.0,0,0,4.577401116952921,False,False,False,1,synthetic_2d_kinematics_ideal_odometry
1789808644.0099819,-0.2947685474840573,-2.000748679203085,-0.08366573874999245,0.5999999999999999,0.0,0,0,4.592349351352947,False,False,False,1,synthetic_2d_kinematics_ideal_odometry
1789808644.0350509,-0.27979997519504995,-2.002003966213988,-0.08366573874999245,0.5999999999999999,0.0,0,0,4.607370466552924,False,False,False,1,synthetic_2d_kinematics_ideal_odometry
1789808644.0600467,-0.2648338973499674,-2.0032590440370677,-0.08366573874999245,0.5999999999999999,0.0,0,0,4.622389078552941,False,False,False,1,synthetic_2d_kinematics_ideal_odometry
1789808644.0849433,-0.24994816257938943,-2.0044840645060704,-0.08055406037499308,0.5999999999999999,0.125,0,0,4.637325134752938,False,False,False,1,synthetic_2d_kinematics_ideal_odometry
1789808644.1100016,-0.23495511994080587,-2.0056707950034665,-0.07742074049999542,0.5999999999999999,0.125,0,0,4.652365070152927,False,False,False,1,synthetic_2d_kinematics_ideal_odometry
1789808644.1350865,-0.21995645616395518,-2.006810688840985,-0.07428700774999425,0.5999999999999999,0.125,0,0,4.6674069873529325,False,False,False,1,synthetic_2d_kinematics_ideal_odometry
1789808644.1600742,-0.20500206201543472,-2.0079236541103005,-0.07428700774999425,0.5999999999999999,0.0,0,0,4.682402739952919,False,False,False,1,synthetic_2d_kinematics_ideal_odometry
1789808644.184818,-0.19018408339082904,-2.0090264667957802,-0.07428700774999425,0.5999999999999999,0.0,0,0,4.697261699752937,False,False,False,1,synthetic_2d_kinematics_ideal_odometry
1789808644.20978,-0.17524461915156733,-2.0101383209220893,-0.07428700774999425,0.5999999999999999,0.0,0,0,4.71224248115293,False,False,False,1,synthetic_2d_kinematics_ideal_odometry
1789808644.2347183,-0.16032489132848585,-2.011248706186101,-0.07428700774999425,0.5999999999999999,0.0,0,0,4.727203471552945,False,False,False,1,synthetic_2d_kinematics_ideal_odometry
1789808644.2598257,-0.14530221881325658,-2.01236675300202,-0.07428700774999425,0.5999999999999999,0.0,0,0,4.742267691352936,False,False,False,1,synthetic_2d_kinematics_ideal_odometry
1789808644.2847116,-0.1304110512029696,-2.013475012701825,-0.07428700774999425,0.5999999999999999,0.0,0,0,4.757200042552927,False,False,False,1,synthetic_2d_kinematics_ideal_odometry
1789808644.3097706,-0.11542510631237309,-2.014590326102386,-0.07428700774999425,0.5999999999999999,0.0,0,0,4.772227433152943,False,False,False,1,synthetic_2d_kinematics_ideal_odometry
1789808644.3349092,-0.10038503152553709,-2.0157096680643147,-0.07428700774999425,0.5999999999999999,0.0,0,0,4.787309103352936,False,False,False,1,synthetic_2d_kinematics_ideal_odometry
1789808644.3600729,-0.08533063848873702,-2.0168062769677335,-0.0711423659999964,0.5999999999999999,0.125,0,0,4.802403383752925,False,False,False,1,synthetic_2d_kinematics_ideal_odometry
1789808644.384927,-0.07045342282624271,-2.0178432403951074,-0.06803542624999165,0.5999999999999999,0.125,0,0,4.817316694552948,False,False,False,1,synthetic_2d_kinematics_ideal_odometry
1789808644.4100142,-0.05543670601716505,-2.018866488421551,-0.06803542624999165,0.5999999999999999,0.0,0,0,4.83236823335294,False,False,False,1,synthetic_2d_kinematics_ideal_odometry
1789808644.4348757,-0.04055440212041436,-2.0198805774720996,-0.06803542624999165,0.5999999999999999,0.0,0,0,4.847285047552952,False,False,False,1,synthetic_2d_kinematics_ideal_odometry
1789808644.4601016,-0.025455675482437122,-2.020909413697124,-0.06803542624999165,0.5999999999999999,0.0,0,0,4.862418786352941,False,False,False,1,synthetic_2d_kinematics_ideal_odometry
1789808644.4849613,-0.010568095073011494,-2.021900618679548,-0.06492698024999281,0.5999999999999999,0.125,0,0,4.877339327152935,False,False,False,1,synthetic_2d_kinematics_ideal_odometry
1789808644.5098228,0.004330147876075748,-2.0228460154251313,-0.06181693674999149,0.5999999999999999,0.125,0,0,4.892267535952941,False,False,False,1,synthetic_2d_kinematics_ideal_odometry
1789808644.534759,0.01926552650720537,-2.0237470874202774,-0.058699741874995756,0.5999999999999999,0.125,0,0,4.90723007135292,False,False,False,1,synthetic_2d_kinematics_ideal_odometry
1789808644.5598543,0.034298063912085,-2.0246068513501263,-0.05556284524999437,0.5999999999999999,0.125,0,0,4.922287175152927,False,False,False,1,synthetic_2d_kinematics_ideal_odometry
1789808644.5847697,0.049221650578936245,-2.0254135995839038,-0.05244922512499511,0.5999999999999999,0.125,0,0,4.937232551752923,False,False,False,1,synthetic_2d_kinematics_ideal_odometry
1789808644.6097841,0.06421372185449598,-2.026177138164902,-0.04932182887499419,0.5999999999999999,0.125,0,0,4.952244053752928,False,False,False,1,synthetic_2d_kinematics_ideal_odometry
1789808644.6348865,0.07924676826667366,-2.0268955739592105,-0.046186369749996285,0.5999999999999999,0.125,0,0,4.9672942575529175,False,False,False,1,synthetic_2d_kinematics_ideal_odometry
1789808644.6601596,0.09439539163764582,-2.0275717543690175,-0.04302726412499407,0.5999999999999999,0.125,0,0,4.982457964552928,False,False,False,1,synthetic_2d_kinematics_ideal_odometry
1789808644.6849422,0.10923138462845713,-2.028187512243713,-0.03993377124999125,0.5999999999999999,0.125,0,0,4.997306730352942,False,False,False,1,synthetic_2d_kinematics_ideal_odometry
1789808644.7100272,0.12428980634479979,-2.028765497582815,-0.03679428999999584,0.5999999999999999,0.125,0,0,5.0123762403529195,False,False,False,1,synthetic_2d_kinematics_ideal_odometry
1789808644.7349107,0.13921375789627105,-2.0292916167117303,-0.03368320199999158,0.5999999999999999,0.125,0,0,5.02730946275294,False,False,False,1,synthetic_2d_kinematics_ideal_odometry
1789808644.7600272,0.1542734315259058,-2.0297754045222938,-0.03054415149999539,0.5999999999999999,0.125,0,0,5.0423769051529215,False,False,False,1,synthetic_2d_kinematics_ideal_odometry
1789808644.784877,0.16917970323699635,-2.030207669807605,-0.027437372749993298,0.5999999999999999,0.125,0,0,5.057289443152931,False,False,False,1,synthetic_2d_kinematics_ideal_odometry
1789808644.8098595,0.18415083142245006,-2.030595169549055,-0.02431734312499128,0.5999999999999999,0.125,0,0,5.072265585352941,False,False,False,1,synthetic_2d_kinematics_ideal_odometry
1789808644.8347714,0.1991059719754397,-2.030935594053826,-0.021200881749990512,0.5999999999999999,0.125,0,0,5.087224599952945,False,False,False,1,synthetic_2d_kinematics_ideal_odometry
1789808644.859808,0.21413562309761272,-2.0312307390524427,-0.018069100749990068,0.5999999999999999,0.125,0,0,5.102257148752948,False,False,False,1,synthetic_2d_kinematics_ideal_odometry
1789808644.8849423,0.22920969263758365,-2.0314794637415488,-0.014928242124994821,0.5999999999999999,0.125,0,0,5.117333270152924,False,False,False,1,synthetic_2d_kinematics_ideal_odometry
1789808644.9098465,0.2441548299015022,-2.0316793118322205,-0.011814393499996183,0.5999999999999999,0.125,0,0,5.1322797435529175,False,False,False,1,synthetic_2d_kinematics_ideal_odometry
1789808644.9348717,0.2591623933434874,-2.0318331601067503,-0.00868765349999006,0.5999999999999999,0.125,0,0,5.1472880955529465,False,False,False,1,synthetic_2d_kinematics_ideal_odometry
1789808644.9599943,0.27420317800097777,-2.0319402653197547,-0.005554077249989401,0.5999999999999999,0.125,0,0,5.16232926155295,False,False,False,1,synthetic_2d_kinematics_ideal_odometry
1789808644.9847183,0.28907776492792514,-2.0319998328357065,-0.0024551801249897342,0.5999999999999999,0.125,0,0,5.177203967752948,False,False,False,1,synthetic_2d_kinematics_ideal_odometry
1789808645.009799,0.30412607819951487,-2.032013190427464,0.0006798863750107709,0.5999999999999999,0.125,0,0,5.192252286952951,False,False,False,1,synthetic_2d_kinematics_ideal_odometry
1789808645.034864,0.3191504789400432,-2.0319794616118605,0.0038099777500095267,0.5999999999999999,0.125,0,0,5.207276725552945,False,False,False,1,synthetic_2d_kinematics_ideal_odometry
1789808645.0601156,0.3343000640303044,-2.0318978336085727,0.0069661871250092456,0.5999999999999999,0.125,0,0,5.222426530552943,False,False,False,1,synthetic_2d_kinematics_ideal_odometry
1789808645.0852246,0.349357552407424,-2.031769318850845,0.010103278125008502,0.5999999999999999,0.125,0,0,5.23748456735294,False,False,False,1,synthetic_2d_kinematics_ideal_odometry
1789808645.1099992,0.36423347213899493,-2.031595962531514,0.013202638500004754,0.5999999999999999,0.125,0,0,5.252361497152922,False,False,False,1,synthetic_2d_kinematics_ideal_odometry
1789808645.1348715,0.3791561966809282,-2.0313757280441114,0.01631187800001061,0.5999999999999999,0.125,0,0,5.26728584675295,False,False,False,1,synthetic_2d_kinematics_ideal_odometry
1789808645.1600242,0.3942404770600715,-2.031105940934778,0.01945493900000645,0.5999999999999999,0.125,0,0,5.28237253955293,False,False,False,1,synthetic_2d_kinematics_ideal_odometry
1789808645.1849034,0.40916931539330936,-2.030792234361546,0.022565800250007047,0.5999999999999999,0.125,0,0,5.297304673552933,False,False,False,1,synthetic_2d_kinematics_ideal_odometry
1789808645.2098427,0.4241280422279915,-2.0304312932126316,0.025683108750009075,0.5999999999999999,0.125,0,0,5.312267754352943,False,False,False,1,synthetic_2d_kinematics_ideal_odometry
1789808645.2349064,0.4391572865372794,-2.0300216563879854,0.028815364125009246,0.5999999999999999,0.125,0,0,5.327302580152944,False,False,False,1,synthetic_2d_kinematics_ideal_odometry
1789808645.2601154,0.4542740757307513,-2.0295621042298815,0.03196615012500832,0.5999999999999999,0.125,0,0,5.342426352952939,False,False,False,1,synthetic_2d_kinematics_ideal_odometry
1789808645.2849002,0.4691411275393447,-2.0290636383481018,0.035065193000008495,0.5999999999999999,0.125,0,0,5.35730175875294,False,False,False,1,synthetic_2d_kinematics_ideal_odometry
1789808645.3097713,0.4840646944878156,-2.0285168813357894,0.038176355375007805,0.5999999999999999,0.125,0,0,5.372235338152937,False,False,False,1,synthetic_2d_kinematics_ideal_odometry
1789808645.3347998,0.4990692092796516,-2.0279202793984794,0.04130476600001049,0.5999999999999999,0.125,0,0,5.38725170915295,False,False,False,1,synthetic_2d_kinematics_ideal_odometry
1789808645.3598707,0.5140930842148278,-2.0272757930771967,0.044437618500005445,0.5999999999999999,0.125,0,0,5.402289401152926,False,False,False,1,synthetic_2d_kinematics_ideal_odometry
1789808645.384905,0.5290962358202161,-2.026585129307154,0.04756658525001018,0.5999999999999999,0.125,0,0,5.417308441552948,False,False,False,1,synthetic_2d_kinematics_ideal_odometry
1789808645.4098036,0.5440244045880019,-2.0258512152582613,0.0506803766250103,0.5999999999999999,0.125,0,0,5.432254640152949,False,False,False,1,synthetic_2d_kinematics_ideal_odometry
1789808645.434941,0.5590725639601655,-2.025064232096314,0.05381969412500371,0.5999999999999999,0.125,0,0,5.4473233641529175,False,False,False,1,synthetic_2d_kinematics_ideal_odometry
1789808645.4600134,0.5740810173036656,-2.024232130757699,0.05695125712500743,0.5999999999999999,0.125,0,0,5.462354866552936,False,False,False,1,synthetic_2d_kinematics_ideal_odometry
1789808645.4848473,0.5889729039349257,-2.0233598832190376,0.060059050750006004,0.5999999999999999,0.125,0,0,5.477272275952929,False,False,False,1,synthetic_2d_kinematics_ideal_odometry
1789808645.5101132,0.6041019201755692,-2.022426178335452,0.06321692600000989,0.5999999999999999,0.125,0,0,5.492430077152948,False,False,False,1,synthetic_2d_kinematics_ideal_odometry
1789808645.5349724,0.6189689387967477,-2.0214619102213933,0.0663207295000065,0.5999999999999999,0.125,0,0,5.507328333952931,False,False,False,1,synthetic_2d_kinematics_ideal_odometry
1789808645.5601842,0.6340636176695038,-2.0204354531940125,0.06947271675000638,0.5999999999999999,0.125,0,0,5.5224578727529305,False,False,False,1,synthetic_2d_kinematics_ideal_odometry
1789808645.5852993,0.6490994247406473,-2.0193654650274957,0.07261309812500388,0.5999999999999999,0.125,0,0,5.5375317033529186,False,False,False,1,synthetic_2d_kinematics_ideal_odometry
1789808645.6098268,0.6637886554896635,-2.018274295713846,0.07568178625000872,0.5999999999999999,0.125,0,0,5.552261406352942,False,False,False,1,synthetic_2d_kinematics_ideal_odometry
1789808645.6347895,0.6787285877748847,-2.017117994675565,0.07880358050000796,0.5999999999999999,0.125,0,0,5.567246018752939,False,False,False,1,synthetic_2d_kinematics_ideal_odometry
1789808645.6599228,0.6937595061842181,-2.0159072858467764,0.08194516375000677,0.5999999999999999,0.125,0,0,5.582325618352933,False,False,False,1,synthetic_2d_kinematics_ideal_odometry
1789808645.6847756,0.7086199690464947,-2.0146635671364543,0.08505191737500456,0.5999999999999999,0.125,0,0,5.597238035752922,False,False,False,1,synthetic_2d_kinematics_ideal_odometry
1789808645.7097247,0.723534097944866,-2.0133685950725084,0.0881707181250066,0.5999999999999999,0.125,0,0,5.612208279352932,False,False,False,1,synthetic_2d_kinematics_ideal_odometry
1789808645.7350352,0.7386512984834175,-2.01200814431204,0.09133286250001066,0.5999999999999999,0.125,0,0,5.627386572352951,False,False,False,1,synthetic_2d_kinematics_ideal_odometry
1789808645.7600245,0.753537023214444,-2.0106214159742346,0.09444748287500476,0.5999999999999999,0.125,0,0,5.642336750152923,False,False,False,1,synthetic_2d_kinematics_ideal_odometry
1789808645.7884915,0.7705784029682387,-2.008976428167574,0.09801427250000944,0.5999999999999999,0.125,0,0,5.659457340352946,False,False,False,1,synthetic_2d_kinematics_ideal_odometry
1789808645.8111274,0.7840995156677355,-2.007627579859055,0.10084515287501022,0.5999999999999999,0.125,0,0,5.6730455661529495,False,False,False,1,synthetic_2d_kinematics_ideal_odometry
1789808645.8382778,0.8002933596235419,-2.0059334372769637,0.1076294113750011,0.5999999999999999,0.25,0,0,5.689327786552927,False,False,False,1,synthetic_2d_kinematics_ideal_odometry
1789808645.8600795,0.8132836601767637,-2.004494080513057,0.11307516112501065,0.5999999999999999,0.25,0,0,5.7023975859529505,False,False,False,1,synthetic_2d_kinematics_ideal_odometry
1789808645.8852415,0.8282657213593384,-2.002745019306101,0.1193600826250078,0.5999999999999999,0.25,0,0,5.717481397552944,False,False,False,1,synthetic_2d_kinematics_ideal_odometry
1789808645.9099915,0.8430307129152803,-2.000927815435938,0.1255585816250006,0.5999999999999999,0.25,0,0,5.732357795152926,False,False,False,1,synthetic_2d_kinematics_ideal_odometry
1789808645.9348352,0.8578220071740206,-1.9990141098766885,0.13177298937500853,0.5999999999999999,0.25,0,0,5.747272373752945,False,False,False,1,synthetic_2d_kinematics_ideal_odometry
1789808645.9596756,0.872597657989728,-1.9970090039597714,0.13798593937499976,0.5999999999999999,0.25,0,0,5.7621834537529235,False,False,False,1,synthetic_2d_kinematics_ideal_odometry
1789808645.9849162,0.8875790628095298,-1.994880399498281,0.1442908846250079,0.5999999999999999,0.25,0,0,5.777315322352943,False,False,False,1,synthetic_2d_kinematics_ideal_odometry
1789808646.0096169,0.9022554826491531,-1.9927247439559068,0.14738127737500423,0.5999999999999999,0.125,0,0,5.792149207552925,False,False,False,1,synthetic_2d_kinematics_ideal_odometry
1789808646.034735,0.9171553561085979,-1.9904888369700549,0.15052017362500453,0.5999999999999999,0.125,0,0,5.8072159095529265,False,False,False,1,synthetic_2d_kinematics_ideal_odometry
1789808646.0597947,0.9320180566982916,-1.9882108307960256,0.15365272825000903,0.5999999999999999,0.125,0,0,5.8222521717529485,False,False,False,1,synthetic_2d_kinematics_ideal_odometry
1789808646.0850546,0.9469732398725376,-1.9858463404333153,0.15996145674999712,0.5999999999999999,0.25,0,0,5.83739312015292,False,False,False,1,synthetic_2d_kinematics_ideal_odometry
1789808646.1097574,0.9616146513329068,-1.9834376339427167,0.16614404874999894,0.5999999999999999,0.25,0,0,5.852231340952924,False,False,False,1,synthetic_2d_kinematics_ideal_odometry
1789808646.1348095,0.976427906393914,-1.9809058939877322,0.1724057355000072,0.5999999999999999,0.25,0,0,5.867259389152944,False,False,False,1,synthetic_2d_kinematics_ideal_odometry
1789808646.1598024,0.9911857442372932,-1.97828854057896,0.17865079349999763,0.5999999999999999,0.25,0,0,5.882247528352921,False,False,False,1,synthetic_2d_kinematics_ideal_odometry
1789808646.1851423,1.0061220146562697,-1.975542583359068,0.18497853850000487,0.5999999999999999,0.25,0,0,5.8974341163529385,False,False,False,1,synthetic_2d_kinematics_ideal_odometry
1789808646.2098544,1.0207039574172136,-1.9727673450795982,0.19116340749999972,0.5999999999999999,0.25,0,0,5.912277801952926,False,False,False,1,synthetic_2d_kinematics_ideal_odometry
1789808646.2350402,1.0355293243729393,-1.9698497973498872,0.1974591234999965,0.5999999999999999,0.25,0,0,5.9273875203529185,False,False,False,1,synthetic_2d_kinematics_ideal_odometry
1789808646.260104,1.0502602048164298,-1.9668546375591376,0.20372257875000366,0.5999999999999999,0.25,0,0,5.942419812952935,False,False,False,1,synthetic_2d_kinematics_ideal_odometry
1789808646.2857983,1.0652311985279226,-1.9637120212886183,0.21009644424999885,0.5999999999999999,0.25,0,0,5.957717090152924,False,False,False,1,synthetic_2d_kinematics_ideal_odometry
1789808646.3097363,1.0793932936748754,-1.960647325285702,0.2161339040000032,0.5999999999999999,0.25,0,0,5.972206993552934,False,False,False,1,synthetic_2d_kinematics_ideal_odometry
1789808646.3348856,1.0941204371701525,-1.9573652232642802,0.22242075300000885,0.5999999999999999,0.25,0,0,5.987295431152948,False,False,False,1,synthetic_2d_kinematics_ideal_odometry
1789808646.3599439,1.1087573328978741,-1.9540067352962318,0.2286779454999961,0.5999999999999999,0.25,0,0,6.002312693152917,False,False,False,1,synthetic_2d_kinematics_ideal_odometry
1789808646.384937,1.1233602108517802,-1.9505597715615546,0.23492968975000417,0.5999999999999999,0.25,0,0,6.017316879352936,False,False,False,1,synthetic_2d_kinematics_ideal_odometry
1789808646.4098108,1.137871887971627,-1.9470386431484588,0.2411516702500054,0.5999999999999999,0.25,0,0,6.032249632552939,False,False,False,1,synthetic_2d_kinematics_ideal_odometry
1789808646.4347785,1.1524176176354715,-1.9434130877548188,0.24739782049999826,0.5999999999999999,0.25,0,0,6.047240393152922,False,False,False,1,synthetic_2d_kinematics_ideal_odometry
1789808646.459704,1.1669061648674433,-1.939705627917616,0.2536292270000049,0.5999999999999999,0.25,0,0,6.062195768752938,False,False,False,1,synthetic_2d_kinematics_ideal_odometry
1789808646.4849432,1.1806853523533423,-1.936087495765596,0.2599361799999971,0.5647058823529411,0.25,0,0,6.076442062588214,False,False,False,1,synthetic_2d_kinematics_ideal_odometry
1789808646.5100126,1.194360333464467,-1.9324046508129589,0.26620591249999864,0.5647058823529411,0.25,0,0,6.090604281882335,False,False,False,1,synthetic_2d_kinematics_ideal_odometry
1789808646.53475,1.2078275143638657,-1.9286876694099346,0.2723908650000057,0.5647058823529411,0.25,0,0,6.104574998117645,False,False,False,1,synthetic_2d_kinematics_ideal_odometry
1789808646.5598116,1.2223027823377162,-1.9246197856206633,0.2755233633750011,0.5999999999999999,0.125,0,0,6.119610990317623,False,False,False,1,synthetic_2d_kinematics_ideal_odometry
1789808646.5847793,1.2367115347215567,-1.9205219418794277,0.2786442250000009,0.5999999999999999,0.125,0,0,6.1345911261176225,False,False,False,1,synthetic_2d_kinematics_ideal_odometry
1789808646.6097615,1.251102853163259,-1.9163804747481497,0.28176409437500655,0.5999999999999999,0.125,0,0,6.1495664991176495,False,False,False,1,synthetic_2d_kinematics_ideal_odometry
1789808646.634957,1.265619577821908,-1.9121535970258958,0.28491400750000667,0.5999999999999999,0.125,0,0,6.16468608211765,False,False,False,1,synthetic_2d_kinematics_ideal_odometry
1789808646.6602633,1.280172066148516,-1.9078664502373859,0.2880746002500063,0.5999999999999999,0.125,0,0,6.179856927317648,False,False,False,1,synthetic_2d_kinematics_ideal_odometry
1789808646.6850226,1.293578874515448,-1.903848559595954,0.29427071350000505,0.5647058823529411,0.25,0,0,6.193852853717645,False,False,False,1,synthetic_2d_kinematics_ideal_odometry
1789808646.7099047,1.3070150643944871,-1.899730778510005,0.30049210175000257,0.5647058823529411,0.25,0,0,6.207905871882345,False,False,False,1,synthetic_2d_kinematics_ideal_odometry
1789808646.734763,1.3204104631295583,-1.8955342088923781,0.30670656475000885,0.5647058823529411,0.25,0,0,6.221943247129418,False,False,False,1,synthetic_2d_kinematics_ideal_odometry
1789808646.7598457,1.3347523085038961,-1.8909425906099941,0.3129811205000054,0.5999999999999999,0.25,0,0,6.23700218092941,False,False,False,1,synthetic_2d_kinematics_ideal_odometry
1789808646.7847853,1.3489745732647738,-1.8862909846749074,0.3192159667500009,0.5999999999999999,0.25,0,0,6.251965811929399,False,False,False,1,synthetic_2d_kinematics_ideal_odometry
1789808646.8097417,1.363180117282873,-1.8815711925148362,0.32233452900000276,0.5999999999999999,0.125,0,0,6.2669349107294074,False,False,False,1,synthetic_2d_kinematics_ideal_odometry
1789808646.8347511,1.3774090926322429,-1.8767942251151737,0.32546149475000186,0.5999999999999999,0.125,0,0,6.281944346329403,False,False,False,1,synthetic_2d_kinematics_ideal_odometry
1789808646.8597808,1.3916314642409944,-1.8719699225523343,0.3285903101250016,0.5999999999999999,0.125,0,0,6.2969626601294015,False,False,False,1,synthetic_2d_kinematics_ideal_odometry
1789808646.8847134,1.4057842441930848,-1.8671198915888425,0.33170713262499896,0.5999999999999999,0.125,0,0,6.311923408129389,False,False,False,1,synthetic_2d_kinematics_ideal_odometry
1789808646.909748,1.4199779689977012,-1.862206243112662,0.3348363365000042,0.5999999999999999,0.125,0,0,6.326943586729414,False,False,False,1,synthetic_2d_kinematics_ideal_odometry
1789808646.934691,1.4341062801034459,-1.8572657647747284,0.33795450612500155,0.5999999999999999,0.125,0,0,6.341910800929401,False,False,False,1,synthetic_2d_kinematics_ideal_odometry
1789808646.9597352,1.4482664390429978,-1.8522395035120303,0.3442152386249975,0.5999999999999999,0.25,0,0,6.356936558929392,False,False,False,1,synthetic_2d_kinematics_ideal_odometry
1789808646.9848778,1.4624440844950968,-1.8471066901524558,0.3504978121249993,0.5999999999999999,0.25,0,0,6.3720147353293966,False,False,False,1,synthetic_2d_kinematics_ideal_odometry
1789808647.010033,1.4765928743675607,-1.8418835381696352,0.356782018125003,0.5999999999999999,0.25,0,0,6.387096829729406,False,False,False,1,synthetic_2d_kinematics_ideal_odometry
1789808647.0349534,1.4905889366671419,-1.8366170188050013,0.3630129053750013,0.5999999999999999,0.25,0,0,6.402050959129402,False,False,False,1,synthetic_2d_kinematics_ideal_odometry
1789808647.059988,1.5045973414670797,-1.8312458130710647,0.3692640893750083,0.5999999999999999,0.25,0,0,6.417053800729419,False,False,False,1,synthetic_2d_kinematics_ideal_odometry
1789808647.084912,1.5185563666308852,-1.8258183814370061,0.37238430375000336,0.5999999999999999,0.125,0,0,6.4320308297293955,False,False,False,1,synthetic_2d_kinematics_ideal_odometry
1789808647.1100564,1.5325979253355217,-1.8203081817517026,0.37552680800000376,0.5999999999999999,0.125,0,0,6.447114850129397,False,False,False,1,synthetic_2d_kinematics_ideal_odometry
1789808647.1350996,1.5465515192483168,-1.8147819646117722,0.3786534871250071,0.5999999999999999,0.125,0,0,6.462122909929413,False,False,False,1,synthetic_2d_kinematics_ideal_odometry
1789808647.1599462,1.5595962921299735,-1.8095685657666563,0.38176306512500724,0.5647058823529411,0.125,0,0,6.4761708858352955,False,False,False,1,synthetic_2d_kinematics_ideal_odometry
1789808647.1849463,1.572686271570857,-1.804289723559276,0.3848873263750081,0.5647058823529411,0.125,0,0,6.490285195482358,False,False,False,1,synthetic_2d_kinematics_ideal_odometry
1789808647.2102113,1.5867092151180289,-1.798557570806737,0.3911995241249999,0.5999999999999999,0.25,0,0,6.5054344700823385,False,False,False,1,synthetic_2d_kinematics_ideal_odometry
1789808647.2349067,1.6003995401137683,-1.7928613393421897,0.3973778921250075,0.5999999999999999,0.25,0,0,6.520262553282357,False,False,False,1,synthetic_2d_kinematics_ideal_odometry
1789808647.2600706,1.6142879357879463,-1.7869809054039105,0.40366206312499764,0.5999999999999999,0.25,0,0,6.535344563682333,False,False,False,1,synthetic_2d_kinematics_ideal_odometry
1789808647.2849076,1.6280009556321124,-1.7810986275210696,0.4067706876249988,0.5999999999999999,0.125,0,0,6.550265961282339,False,False,False,1,synthetic_2d_kinematics_ideal_odometry
1789808647.3098316,1.6417298417265995,-1.775158881921951,0.4098870847499969,0.5999999999999999,0.125,0,0,6.56522466748233,False,False,False,1,synthetic_2d_kinematics_ideal_odometry
1789808647.334994,1.6555601352751868,-1.7691238005201433,0.4130307734999976,0.5999999999999999,0.125,0,0,6.580314373482333,False,False,False,1,synthetic_2d_kinematics_ideal_odometry
1789808647.360004,1.6692968632312915,-1.7630782095037345,0.4161574873750029,0.5999999999999999,0.125,0,0,6.595322600082358,False,False,False,1,synthetic_2d_kinematics_ideal_odometry
1789808647.3849,1.6829564779271706,-1.7570156121322713,0.41927093937499665,0.5999999999999999,0.125,0,0,6.610267169682328,False,False,False,1,synthetic_2d_kinematics_ideal_odometry
1789808647.40999,1.696692340225619,-1.7508418325091497,0.4255457438750058,0.5999999999999999,0.25,0,0,6.62532670048235,False,False,False,1,synthetic_2d_kinematics_ideal_odometry
1789808647.434792,1.710228582752791,-1.7446559914469224,0.4317468651250069,0.5999999999999999,0.25,0,0,6.640209391482352,False,False,False,1,synthetic_2d_kinematics_ideal_odometry
1789808647.45978,1.723825202355279,-1.7383399696519408,0.4379935336250044,0.5999999999999999,0.25,0,0,6.655201395882346,False,False,False,1,synthetic_2d_kinematics_ideal_odometry
1789808647.484758,1.7373877276429144,-1.7319623732434877,0.4411158646250046,0.5999999999999999,0.125,0,0,6.670188584682347,False,False,False,1,synthetic_2d_kinematics_ideal_odometry
1789808647.509821,1.7509768280598257,-1.725520302674164,0.4442489370000049,0.5999999999999999,0.125,0,0,6.6852273320823485,False,False,False,1,synthetic_2d_kinematics_ideal_odometry
1789808647.534898,1.7645522389832238,-1.71903254015635,0.44738352537500264,0.5999999999999999,0.125,0,0,6.700273356282338,False,False,False,1,synthetic_2d_kinematics_ideal_odometry
1789808647.5597804,1.778002293339325,-1.7125530200583285,0.45049382512500125,0.5999999999999999,0.125,0,0,6.715202795082331,False,False,False,1,synthetic_2d_kinematics_ideal_odometry
1789808647.5848763,1.7915352746894264,-1.7059814120033183,0.45362803112500694,0.5999999999999999,0.125,0,0,6.730246983882359,False,False,False,1,synthetic_2d_kinematics_ideal_odometry
1789808647.6098776,1.8050120000676575,-1.6993849120521434,0.45675397500000536,0.5999999999999999,0.125,0,0,6.7452515144823515,False,False,False,1,synthetic_2d_kinematics_ideal_odometry
1789808647.6349266,1.818489396415476,-1.6927357387058788,0.4598848841250034,0.5999999999999999,0.125,0,0,6.760279878282342,False,False,False,1,synthetic_2d_kinematics_ideal_odometry
1789808647.6600218,1.8319695006606287,-1.686032624121504,0.46302128662500075,0.5999999999999999,0.125,0,0,6.775334610282329,False,False,False,1,synthetic_2d_kinematics_ideal_odometry
1789808647.6849217,1.8453263894696217,-1.6793386456028796,0.4661338718750018,0.5999999999999999,0.125,0,0,6.790275019482334,False,False,False,1,synthetic_2d_kinematics_ideal_odometry
1789808647.709937,1.858722793684585,-1.6725724927461845,0.4692605691250053,0.5999999999999999,0.125,0,0,6.805283166282351,False,False,False,1,synthetic_2d_kinematics_ideal_odometry
1789808647.734862,1.872050904999903,-1.6657885385828226,0.47237625375000664,0.5999999999999999,0.125,0,0,6.820238452482357,False,False,False,1,synthetic_2d_kinematics_ideal_odometry
1789808647.7602751,1.8855885240538348,-1.6588442925513107,0.475546000625002,0.5999999999999999,0.125,0,0,6.8354532374823345,False,False,False,1,synthetic_2d_kinematics_ideal_odometry
1789808647.7848613,1.8987259774542429,-1.6520533683725052,0.47862700575000633,0.5999999999999999,0.125,0,0,6.850242062082355,False,False,False,1,synthetic_2d_kinematics_ideal_odometry
1789808647.8100462,1.912135930520155,-1.6450685579302993,0.481777005875003,0.5999999999999999,0.125,0,0,6.865362062682339,False,False,False,1,synthetic_2d_kinematics_ideal_odometry
1789808647.834963,1.9245860573273834,-1.6385340484235027,0.48488941762500576,0.5647058823529411,0.125,0,0,6.879422840470586,False,False,False,1,synthetic_2d_kinematics_ideal_odometry
1789808647.8598223,1.936999812039083,-1.6319692999163296,0.48799782625000193,0.5647058823529411,0.125,0,0,6.893465533552922,False,False,False,1,synthetic_2d_kinematics_ideal_odometry
1789808647.8847136,1.9494099300919183,-1.6253569956941059,0.49111045937500125,0.5647058823529411,0.125,0,0,6.907527311435271,False,False,False,1,synthetic_2d_kinematics_ideal_odometry
1789808647.909975,1.9619579839416632,-1.6186206457891419,0.494262966000001,0.5647058823529411,0.125,0,0,6.921769223717623,False,False,False,1,synthetic_2d_kinematics_ideal_odometry
1789808647.9347517,1.9742838686432198,-1.611953827897776,0.49736487875000546,0.5647058823529411,0.125,0,0,6.935782570729408,False,False,False,1,synthetic_2d_kinematics_ideal_odometry
1789808647.9598062,1.9874840671239908,-1.6047608418565344,0.5004967066250005,0.5999999999999999,0.125,0,0,6.950815344529384,False,False,False,1,synthetic_2d_kinematics_ideal_odometry
1789808647.9847457,2.000600827584533,-1.597560077470031,0.503614061250005,0.5999999999999999,0.125,0,0,6.965778646729406,False,False,False,1,synthetic_2d_kinematics_ideal_odometry
1789808648.009837,2.0137757110468373,-1.5902736995722928,0.5067506291250014,0.5999999999999999,0.125,0,0,6.980834172529389,False,False,False,1,synthetic_2d_kinematics_ideal_odometry
1789808648.0347693,2.026843306993513,-1.582993212329437,0.5098670587500039,0.5999999999999999,0.125,0,0,6.995793034729401,False,False,False,1,synthetic_2d_kinematics_ideal_odometry
1789808648.059741,2.0399134712929348,-1.5756577733500141,0.5129895428750048,0.5999999999999999,0.125,0,0,7.010780958529405,False,False,False,1,synthetic_2d_kinematics_ideal_odometry
1789808648.0847042,2.0529526948556107,-1.56828608235524,0.516110117375007,0.5999999999999999,0.125,0,0,7.025759716129415,False,False,False,1,synthetic_2d_kinematics_ideal_odometry
1789808648.1097362,2.0660021383755396,-1.5608547122145107,0.5192386795000062,0.5999999999999999,0.125,0,0,7.040776814329412,False,False,False,1,synthetic_2d_kinematics_ideal_odometry
1789808648.1347542,2.079022719805462,-1.5533857469835188,0.5223659077500004,0.5999999999999999,0.125,0,0,7.055787509929384,False,False,False,1,synthetic_2d_kinematics_ideal_odometry
1789808648.159786,2.0920233430059882,-1.5458740921435326,0.5254939698750009,0.5999999999999999,0.125,0,0,7.070802208129386,False,False,False,1,synthetic_2d_kinematics_ideal_odometry
1789808648.1850977,2.1051396485049167,-1.5382404770420797,0.5286556267500019,0.5999999999999999,0.125,0,0,7.085978161129391,False,False,False,1,synthetic_2d_kinematics_ideal_odometry
1789808648.2098455,2.1179552227903646,-1.5307281183545585,0.531750442625004,0.5999999999999999,0.125,0,0,7.100833277329401,False,False,False,1,synthetic_2d_kinematics_ideal_odometry
1789808648.2351596,2.1310113809104827,-1.523019779678347,0.5349091617500009,0.5999999999999999,0.125,0,0,7.115995129129386,False,False,False,1,synthetic_2d_kinematics_ideal_odometry
1789808648.2602305,2.1439571175527528,-1.5153215676331782,0.5380470142500047,0.5999999999999999,0.125,0,0,7.131056821129404,False,False,False,1,synthetic_2d_kinematics_ideal_odometry
1789808648.2852056,2.1560389423126343,-1.5080858386686944,0.5411643086250068,0.5647058823529411,0.125,0,0,7.145139656894119,False,False,False,1,synthetic_2d_kinematics_ideal_odometry
1789808648.309893,2.1679974806000004,-1.500873413677322,0.5442555551250052,0.5647058823529411,0.125,0,0,7.159104817552936,False,False,False,1,synthetic_2d_kinematics_ideal_odometry
1789808648.3349915,2.1801015360837375,-1.4935217414493454,0.5473903181250037,0.5647058823529411,0.125,0,0,7.173266570399988,False,False,False,1,synthetic_2d_kinematics_ideal_odometry
1789808648.3600047,2.192913757704928,-1.485684915035119,0.5505192661250007,0.5999999999999999,0.125,0,0,7.1882855207999725,False,False,False,1,synthetic_2d_kinematics_ideal_odometry
1789808648.3852258,2.2057868735162165,-1.4777552000708865,0.5536691496250015,0.5999999999999999,0.125,0,0,7.2034049615999765,False,False,False,1,synthetic_2d_kinematics_ideal_odometry
1789808648.4099138,2.218386647074686,-1.4699395391345533,0.5567581003750064,0.5999999999999999,0.125,0,0,7.2182319252000005,False,False,False,1,synthetic_2d_kinematics_ideal_odometry
1789808648.4349372,2.2311188232358075,-1.4619868412837382,0.5598855557500002,0.5999999999999999,0.125,0,0,7.233243710999971,False,False,False,1,synthetic_2d_kinematics_ideal_odometry
1789808648.46003,2.2438566382414646,-1.4539750667605613,0.5630205430000004,0.5999999999999999,0.125,0,0,7.248291649799972,False,False,False,1,synthetic_2d_kinematics_ideal_odometry
1789808648.4849324,2.2564731937142035,-1.4459844616982414,0.5661318131250042,0.5999999999999999,0.125,0,0,7.26322574639999,False,False,False,1,synthetic_2d_kinematics_ideal_odometry
1789808648.5098252,2.2690904259984057,-1.4379382610667104,0.5692494147500042,0.5999999999999999,0.125,0,0,7.2781902341999904,False,False,False,1,synthetic_2d_kinematics_ideal_odometry
1789808648.534906,2.2817550557643926,-1.4298060223781197,0.572384995125006,0.5999999999999999,0.125,0,0,7.293241019999999,False,False,False,1,synthetic_2d_kinematics_ideal_odometry
1789808648.5599973,2.294386201437542,-1.421667288189108,0.572384995125006,0.5999999999999999,0.0,0,0,7.308267158399991,False,False,False,1,synthetic_2d_kinematics_ideal_odometry
1789808648.584839,2.306930597510583,-1.4135844501123376,0.572384995125006,0.5999999999999999,0.0,0,0,7.323190098599985,False,False,False,1,synthetic_2d_kinematics_ideal_odometry
1789808648.6096864,2.3194591742875486,-1.4054842235589078,0.5754931365000076,0.5999999999999999,0.125,0,0,7.338109177199993,False,False,False,1,synthetic_2d_kinematics_ideal_odometry
1789808648.6347425,2.33205521914826,-1.3972845417124142,0.5786243465000069,0.5999999999999999,0.125,0,0,7.3531389851999895,False,False,False,1,synthetic_2d_kinematics_ideal_odometry
1789808648.6598258,2.3446452063844903,-1.389032516697216,0.5817604635000038,0.5999999999999999,0.125,0,0,7.368192346799974,False,False,False,1,synthetic_2d_kinematics_ideal_odometry
1789808648.6847572,2.3571247560702,-1.3807969999713807,0.5848754676250039,0.5999999999999999,0.125,0,0,7.383144366599975,False,False,False,1,synthetic_2d_kinematics_ideal_odometry
1789808648.7098389,2.3696615818082147,-1.3724673228072921,0.5880112512500091,0.5999999999999999,0.125,0,0,7.398196128,False,False,False,1,synthetic_2d_kinematics_ideal_odometry
1789808648.7350442,2.382224310065744,-1.3640634135460774,0.5911601035000089,0.5999999999999999,0.125,0,0,7.4133106188,False,False,False,1,synthetic_2d_kinematics_ideal_odometry
1789808648.7598202,2.393840710526314,-1.356239907935911,0.5942602316250074,0.5647058823529411,0.125,0,0,7.427315903505876,False,False,False,1,synthetic_2d_kinematics_ideal_odometry
1789808648.7847197,2.4054787289888946,-1.3483491840910131,0.5973726553750041,0.5647058823529411,0.125,0,0,7.441376735505861,False,False,False,1,synthetic_2d_kinematics_ideal_odometry
1789808648.8097448,2.4178933699003125,-1.3399036694327375,0.5973726553750041,0.5999999999999999,0.0,0,0,7.456391728905879,False,False,False,1,synthetic_2d_kinematics_ideal_odometry
1789808648.8347616,2.430304533222454,-1.3314605205320715,0.5973726553750041,0.5999999999999999,0.0,0,0,7.471402516305869,False,False,False,1,synthetic_2d_kinematics_ideal_odometry
1789808648.8597372,2.4426827313797324,-1.3230397973934598,0.5973726553750041,0.5999999999999999,0.0,0,0,7.486373433705881,False,False,False,1,synthetic_2d_kinematics_ideal_odometry
1789808648.8847895,2.4551171002928216,-1.3145808620387271,0.5973726553750041,0.5999999999999999,0.0,0,0,7.501412287305885,False,False,False,1,synthetic_2d_kinematics_ideal_odometry
1789808648.9097414,2.467502660918271,-1.3061551303111998,0.5973726553750041,0.5999999999999999,0.0,0,0,7.51639210930586,False,False,False,1,synthetic_2d_kinematics_ideal_odometry
1789808648.9348125,2.479937880625305,-1.297695616172692,0.5973726553750041,0.5999999999999999,0.0,0,0,7.531431991905862,False,False,False,1,synthetic_2d_kinematics_ideal_odometry
1789808648.9597962,2.4923252886890723,-1.2892686276575134,0.5973726553750041,0.5999999999999999,0.0,0,0,7.546414048305877,False,False,False,1,synthetic_2d_kinematics_ideal_odometry
1789808648.984652,2.504665022526422,-1.2808740712828133,0.5973726553750041,0.5999999999999999,0.0,0,0,7.561338444705888,False,False,False,1,synthetic_2d_kinematics_ideal_odometry
1789808649.0096853,2.516353157456882,-1.2729227889551615,0.5973726553750041,0.5647058823529411,0.0,0,0,7.57547475924705,False,False,False,1,synthetic_2d_kinematics_ideal_odometry
1789808649.0347316,2.5280451140294424,-1.2649689068153513,0.5973726553750041,0.5647058823529411,0.0,0,0,7.589615695905866,False,False,False,1,synthetic_2d_kinematics_ideal_odometry
1789808649.0599368,2.53979668214889,-1.2569744717351357,0.5973726553750041,0.5647058823529411,0.0,0,0,7.603828730258804,False,False,False,1,synthetic_2d_kinematics_ideal_odometry
1789808649.0848875,2.552181134509822,-1.2485494939451802,0.5973726553750041,0.5999999999999999,0.0,0,0,7.6188072118588,False,False,False,1,synthetic_2d_kinematics_ideal_odometry
1789808649.110575,2.5649230240112324,-1.239881356435112,0.5973726553750041,0.5999999999999999,0.0,0,0,7.634217998858808,False,False,False,1,synthetic_2d_kinematics_ideal_odometry
1789808649.1349335,2.57700898164103,-1.2316594406302113,0.5973726553750041,0.5999999999999999,0.0,0,0,7.648835463458804,False,False,False,1,synthetic_2d_kinematics_ideal_odometry
1789808649.1600242,2.589449737709862,-1.2231961601786017,0.5973726553750041,0.5999999999999999,0.0,0,0,7.66388204205883,False,False,False,1,synthetic_2d_kinematics_ideal_odometry
1789808649.184953,2.601822834079977,-1.214778907717763,0.5973726553750041,0.5999999999999999,0.0,0,0,7.678846789058818,False,False,False,1,synthetic_2d_kinematics_ideal_odometry
1789808649.209735,2.6141170829350417,-1.2064152941699526,0.5973726553750041,0.5999999999999999,0.0,0,0,7.693716173258824,False,False,False,1,synthetic_2d_kinematics_ideal_odometry
1789808649.234935,2.6266175305087374,-1.1979114063835927,0.5973726553750041,0.5999999999999999,0.0,0,0,7.708834946258831,False,False,False,1,synthetic_2d_kinematics_ideal_odometry
1789808649.260063,2.639084868555423,-1.18943004256693,0.5973726553750041,0.5999999999999999,0.0,0,0,7.72391367465883,False,False,False,1,synthetic_2d_kinematics_ideal_odometry
1789808649.28512,2.6515021146051434,-1.1809542796640913,0.6005047761249998,0.5999999999999999,0.125,0,0,7.738947854258809,False,False,False,1,synthetic_2d_kinematics_ideal_odometry
1789808649.3100457,2.663823589530955,-1.1724873524397608,0.6036193950000025,0.5999999999999999,0.125,0,0,7.753898024858823,False,False,False,1,synthetic_2d_kinematics_ideal_odometry
1789808649.335254,2.6762563457654442,-1.1638865043224536,0.6067689376249986,0.5999999999999999,0.125,0,0,7.769015829458804,False,False,False,1,synthetic_2d_kinematics_ideal_odometry
1789808649.36008,2.688501280027211,-1.1553870470535197,0.6067689376249986,0.5999999999999999,0.0,0,0,7.783921505858801,False,False,False,1,synthetic_2d_kinematics_ideal_odometry
1789808649.384877,2.700724009779956,-1.1469030023847326,0.6067689376249986,0.5999999999999999,0.0,0,0,7.798800152858802,False,False,False,1,synthetic_2d_kinematics_ideal_odometry
1789808649.4099126,2.7130631430324605,-1.138338159685429,0.6067689376249986,0.5999999999999999,0.0,0,0,7.813820497058815,False,False,False,1,synthetic_2d_kinematics_ideal_odometry
1789808649.4349468,2.7253627607465623,-1.1298007455229335,0.6067689376249986,0.5999999999999999,0.0,0,0,7.828792739258801,False,False,False,1,synthetic_2d_kinematics_ideal_odometry
1789808649.460355,2.7379276870767626,-1.121079175268016,0.6067689376249986,0.5999999999999999,0.0,0,0,7.84408793985882,False,False,False,1,synthetic_2d_kinematics_ideal_odometry
1789808649.4852111,2.7494485024972706,-1.1130823435761033,0.6067689376249986,0.5647058823529411,0.0,0,0,7.858112151247066,False,False,False,1,synthetic_2d_kinematics_ideal_odometry
1789808649.5098572,2.760898111143162,-1.1051349379509356,0.6067689376249986,0.5647058823529411,0.0,0,0,7.872049683105864,False,False,False,1,synthetic_2d_kinematics_ideal_odometry
1789808649.534786,2.7724633953672075,-1.0971072395604036,0.6067689376249986,0.5647058823529411,0.0,0,0,7.886128026070585,False,False,False,1,synthetic_2d_kinematics_ideal_odometry
1789808649.5598512,2.7840905090327532,-1.089036624100269,0.6067689376249986,0.5647058823529411,0.0,0,0,7.900281633600006,False,False,False,1,synthetic_2d_kinematics_ideal_odometry
1789808649.5848882,2.795709235333982,-1.0809718304798508,0.6067689376249986,0.5647058823529411,0.0,0,0,7.914425031247064,False,False,False,1,synthetic_2d_kinematics_ideal_odometry
1789808649.6098852,2.8080241417217784,-1.0724238041388017,0.6067689376249986,0.5999999999999999,0.0,0,0,7.929415884247059,False,False,False,1,synthetic_2d_kinematics_ideal_odometry
1789808649.6347754,2.820295340976612,-1.0639061158053744,0.6067689376249986,0.5999999999999999,0.0,0,0,7.944353532847065,False,False,False,1,synthetic_2d_kinematics_ideal_odometry
1789808649.6598523,2.8326573387269534,-1.0553254023942984,0.6067689376249986,0.5999999999999999,0.0,0,0,7.959401709847036,False,False,False,1,synthetic_2d_kinematics_ideal_odometry
1789808649.684907,2.845000915444321,-1.0467574753958944,0.6067689376249986,0.5999999999999999,0.0,0,0,7.974427463047043,False,False,False,1,synthetic_2d_kinematics_ideal_odometry
1789808649.709946,2.8573394049735725,-1.038193079517959,0.6067689376249986,0.5999999999999999,0.0,0,0,7.989447023647055,False,False,False,1,synthetic_2d_kinematics_ideal_odometry
1789808649.7351117,2.869711189190385,-1.0296055731219795,0.6067689376249986,0.5999999999999999,0.0,0,0,8.004507113647064,False,False,False,1,synthetic_2d_kinematics_ideal_odometry
1789808649.7600374,2.88202507577465,-1.0210582546472486,0.6067689376249986,0.5999999999999999,0.0,0,0,8.019496725247055,False,False,False,1,synthetic_2d_kinematics_ideal_odometry
1789808649.784965,2.894314380115629,-1.0125279992062526,0.6067689376249986,0.5999999999999999,0.0,0,0,8.034456413047067,False,False,False,1,synthetic_2d_kinematics_ideal_odometry
1789808649.8095622,2.9064456361041864,-1.0041074483328036,0.6067689376249986,0.5999999999999999,0.0,0,0,8.049223709647062,False,False,False,1,synthetic_2d_kinematics_ideal_odometry
1789808649.8349621,2.9189610824937926,-0.9954202231083912,0.6067689376249986,0.5999999999999999,0.0,0,0,8.064458678647057,False,False,False,1,synthetic_2d_kinematics_ideal_odometry
1789808649.859752,2.9311872176706846,-0.9869338146656226,0.6067689376249986,0.5999999999999999,0.0,0,0,8.079341471047044,False,False,False,1,synthetic_2d_kinematics_ideal_odometry
1789808649.8848264,2.9428188293386857,-0.9788600770507384,0.6067689376249986,0.5647058823529411,0.0,0,0,8.093500553964704,False,False,False,1,synthetic_2d_kinematics_ideal_odometry
1789808649.9099014,2.9544516091141597,-0.9707855286287613,0.6067689376249986,0.5647058823529411,0.0,0,0,8.107661058811761,False,False,False,1,synthetic_2d_kinematics_ideal_odometry
1789808649.9347622,2.965981373221456,-0.9627824854718178,0.6067689376249986,0.5647058823529411,0.0,0,0,8.121696163376452,False,False,False,1,synthetic_2d_kinematics_ideal_odometry
1789808649.959806,2.9783276613642684,-0.9542126764180091,0.6067689376249986,0.5999999999999999,0.0,0,0,8.136725217176478,False,False,False,1,synthetic_2d_kinematics_ideal_odometry
1789808649.9850404,2.9907480624593017,-0.9455914240606259,0.6067689376249986,0.5999999999999999,0.0,0,0,8.15184448817647,False,False,False,1,synthetic_2d_kinematics_ideal_odometry
1789808650.0098097,3.0029767242253227,-0.9371032618610889,0.6067689376249986,0.5999999999999999,0.0,0,0,8.166730356176469,False,False,False,1,synthetic_2d_kinematics_ideal_odometry
1789808650.0347865,3.0152732549266212,-0.9285679904568026,0.6067689376249986,0.5999999999999999,0.0,0,0,8.18169884057646,False,False,False,1,synthetic_2d_kinematics_ideal_odometry
1789808650.060078,3.02773561189223,-0.9199176156785462,0.6067689376249986,0.5999999999999999,0.0,0,0,8.196869184176476,False,False,False,1,synthetic_2d_kinematics_ideal_odometry
1789808650.084905,3.0392501094192292,-0.9119251693646813,0.6067689376249986,0.5647058823529411,0.0,0,0,8.210885704835302,False,False,False,1,synthetic_2d_kinematics_ideal_odometry
1789808650.1100116,3.050907789646394,-0.903833337034061,0.6067689376249986,0.5647058823529411,0.0,0,0,8.225076520835296,False,False,False,1,synthetic_2d_kinematics_ideal_odometry
1789808650.135093,3.06252397283196,-0.8957703086418136,0.6067689376249986,0.5647058823529411,0.0,0,0,8.239216822764703,False,False,False,1,synthetic_2d_kinematics_ideal_odometry
1789808650.159775,3.07471768969185,-0.8873064024105063,0.6067689376249986,0.5999999999999999,0.0,0,0,8.254060152564701,False,False,False,1,synthetic_2d_kinematics_ideal_odometry
1789808650.1848338,3.0870674098752358,-0.878734211107714,0.6067689376249986,0.5999999999999999,0.0,0,0,8.269093384164712,False,False,False,1,synthetic_2d_kinematics_ideal_odometry
1789808650.2097363,3.099344095564593,-0.8702127145287872,0.6067689376249986,0.5999999999999999,0.0,0,0,8.284037711364688,False,False,False,1,synthetic_2d_kinematics_ideal_odometry
1789808650.2349863,3.111779274692204,-0.8615812044392083,0.6067689376249986,0.5999999999999999,0.0,0,0,8.29917497156468,False,False,False,1,synthetic_2d_kinematics_ideal_odometry
1789808650.260113,3.1241593405614556,-0.8529879495802711,0.6067689376249986,0.5999999999999999,0.0,0,0,8.314245142764692,False,False,False,1,synthetic_2d_kinematics_ideal_odometry
1789808650.2849069,3.136385266257199,-0.844501686542617,0.6067689376249986,0.5999999999999999,0.0,0,0,8.329127680164682,False,False,False,1,synthetic_2d_kinematics_ideal_odometry
1789808650.3096673,3.1485894458379953,-0.8360305179244844,0.6067689376249986,0.5999999999999999,0.0,0,0,8.343983746164708,False,False,False,1,synthetic_2d_kinematics_ideal_odometry
1789808650.3349214,3.1610208907792527,-0.8274015998094041,0.6067689376249986,0.5999999999999999,0.0,0,0,8.359116460764684,False,False,False,1,synthetic_2d_kinematics_ideal_odometry
1789808650.3599951,3.1733948856383374,-0.8188125589617788,0.6067689376249986,0.5999999999999999,0.0,0,0,8.374179241764713,False,False,False,1,synthetic_2d_kinematics_ideal_odometry
1789808650.3848965,3.185657910692224,-0.8103005445070488,0.6067689376249986,0.5999999999999999,0.0,0,0,8.389106939964696,False,False,False,1,synthetic_2d_kinematics_ideal_odometry
1789808650.4098945,3.19799157081839,-0.8017395008157631,0.6067689376249986,0.5999999999999999,0.0,0,0,8.404120621764704,False,False,False,1,synthetic_2d_kinematics_ideal_odometry
1789808650.4351592,3.210444797363211,-0.7930954636477929,0.6067689376249986,0.5999999999999999,0.0,0,0,8.419279850964696,False,False,False,1,synthetic_2d_kinematics_ideal_odometry
1789808650.460013,3.222690615881886,-0.7845953925982008,0.6067689376249986,0.5999999999999999,0.0,0,0,8.4341866037647,False,False,False,1,synthetic_2d_kinematics_ideal_odometry
1789808650.4847703,3.23418263360247,-0.7766185499739883,0.6067689376249986,0.5647058823529411,0.0,0,0,8.448175759905858,False,False,False,1,synthetic_2d_kinematics_ideal_odometry
1789808650.5098176,3.2458079890760536,-0.768549154910561,0.6067689376249986,0.5647058823529411,0.0,0,0,8.462327227199989,False,False,False,1,synthetic_2d_kinematics_ideal_odometry
1789808650.5347378,3.257369621456512,-0.7605239913387432,0.6067689376249986,0.5647058823529411,0.0,0,0,8.47640112479999,False,False,False,1,synthetic_2d_kinematics_ideal_odometry
1789808650.5597975,3.269720103165479,-0.7519512714455971,0.6067689376249986,0.5999999999999999,0.0,0,0,8.491435283399987,False,False,False,1,synthetic_2d_kinematics_ideal_odometry
1789808650.5847192,3.2820029042257524,-0.7434255300636624,0.6067689376249986,0.5999999999999999,0.0,0,0,8.506387054799989,False,False,False,1,synthetic_2d_kinematics_ideal_odometry
1789808650.609777,3.2943551278321093,-0.7348516010842019,0.6067689376249986,0.5999999999999999,0.0,0,0,8.521423333800003,False,False,False,1,synthetic_2d_kinematics_ideal_odometry
1789808650.6347456,3.30666276152727,-0.7263086228666433,0.6067689376249986,0.5999999999999999,0.0,0,0,8.536405333800001,False,False,False,1,synthetic_2d_kinematics_ideal_odometry
1789808650.6598623,3.319037598747,-0.7177189973194061,0.6067689376249986,0.5999999999999999,0.0,0,0,8.551469140199998,False,False,False,1,synthetic_2d_kinematics_ideal_odometry
1789808650.6847425,3.3305850746667796,-0.7097036600341204,0.6067689376249986,0.5647058823529411,0.0,0,0,8.565525805235303,False,False,False,1,synthetic_2d_kinematics_ideal_odometry
1789808650.709776,3.3421994027046753,-0.701641919337504,0.6067689376249986,0.5647058823529411,0.0,0,0,8.579663848905888,False,False,False,1,synthetic_2d_kinematics_ideal_odometry
1789808650.7349575,3.3538691889417396,-0.6935416839798326,0.6067689376249986,0.5647058823529411,0.0,0,0,8.593869401470588,False,False,False,1,synthetic_2d_kinematics_ideal_odometry
1789808650.7611008,3.365950645389624,-0.6851556999777865,0.6067689376249986,0.5647058823529411,0.0,0,0,8.608576077423525,False,False,False,1,synthetic_2d_kinematics_ideal_odometry
1789808650.7851038,3.3771333196717768,-0.6773935789094573,0.6067689376249986,0.5647058823529411,0.0,0,0,8.622188671870584,False,False,False,1,synthetic_2d_kinematics_ideal_odometry
1789808650.8114629,3.389347444460771,-0.668915507120568,0.6067689376249986,0.5647058823529411,0.0,0,0,8.637056844105889,False,False,False,1,synthetic_2d_kinematics_ideal_odometry
1789808650.8348737,3.4008998488268913,-0.6608967489007,0.6067689376249986,0.5999999999999999,0.0,0,0,8.65111950850589,False,False,False,1,synthetic_2d_kinematics_ideal_odometry
1789808650.859983,3.4132783822799007,-0.6523045577229629,0.6067689376249986,0.5999999999999999,0.0,0,0,8.66618781430588,False,False,False,1,synthetic_2d_kinematics_ideal_odometry
1789808650.8848963,3.425557647791242,-0.6437812704372636,0.6067689376249986,0.5999999999999999,0.0,0,0,8.681135281905865,False,False,False,1,synthetic_2d_kinematics_ideal_odometry
1789808650.9100497,3.4379283190470282,-0.6351945365701096,0.6067689376249986,0.5999999999999999,0.0,0,0,8.696194017105876,False,False,False,1,synthetic_2d_kinematics_ideal_odometry
1789808650.935168,3.450335088587504,-0.6265827461512713,0.6067689376249986,0.5999999999999999,0.0,0,0,8.711296694505876,False,False,False,1,synthetic_2d_kinematics_ideal_odometry
1789808650.9597948,3.4624813542701616,-0.6181517767446641,0.6067689376249986,0.5999999999999999,0.0,0,0,8.72608226230589,False,False,False,1,synthetic_2d_kinematics_ideal_odometry
1789808650.9848287,3.4748224241142602,-0.6095855898178497,0.6067689376249986,0.5999999999999999,0.0,0,0,8.74110496390587,False,False,False,1,synthetic_2d_kinematics_ideal_odometry
1789808651.0098672,3.486417514099183,-0.6015372026440603,0.6067689376249986,0.5647058823529411,0.0,0,0,8.755219589223522,False,False,False,1,synthetic_2d_kinematics_ideal_odometry
1789808651.0352812,3.498133561660568,-0.593404856362732,0.6067689376249986,0.5647058823529411,0.0,0,0,8.769481455388231,False,False,False,1,synthetic_2d_kinematics_ideal_odometry
1789808651.0598624,3.5096080234400806,-0.585440199673353,0.6067689376249986,0.5647058823529411,0.0,0,0,8.783449240799998,False,False,False,1,synthetic_2d_kinematics_ideal_odometry
1789808651.0850008,3.5205578103225617,-0.5778397304734347,0.6067689376249986,0.5294117647058822,0.0,0,0,8.796778342976463,False,False,False,1,synthetic_2d_kinematics_ideal_odometry
1789808651.1098108,3.5313489115370467,-0.5703494082147323,0.6067689376249986,0.5294117647058822,0.0,0,0,8.809914278152934,False,False,False,1,synthetic_2d_kinematics_ideal_odometry
1789808651.1347725,3.542208103838316,-0.562811822551413,0.6067689376249986,0.5294117647058822,0.0,0,0,8.82313310015294,False,False,False,1,synthetic_2d_kinematics_ideal_odometry
1789808651.159752,3.554521985493609,-0.5542645074979817,0.6067689376249986,0.5999999999999999,0.0,0,0,8.838122705752928,False,False,False,1,synthetic_2d_kinematics_ideal_odometry
1789808651.1847587,3.566846324447945,-0.5457099338211507,0.6067689376249986,0.5999999999999999,0.0,0,0,8.853125040952946,False,False,False,1,synthetic_2d_kinematics_ideal_odometry
1789808651.20973,3.5784258087395293,-0.5376723788756811,0.6067689376249986,0.5647058823529411,0.0,0,0,8.8672206695647,False,False,False,1,synthetic_2d_kinematics_ideal_odometry
1789808651.2348962,3.5900962560382137,-0.5295716846617293,0.6067689376249986,0.5647058823529411,0.0,0,0,8.88142702683528,False,False,False,1,synthetic_2d_kinematics_ideal_odometry
1789808651.2599843,3.6017344509521676,-0.5214933774822831,0.6067689376249986,0.5647058823529411,0.0,0,0,8.89559412349411,False,False,False,1,synthetic_2d_kinematics_ideal_odometry
1789808651.2850404,3.611180021743847,-0.5149370151851624,0.6067689376249986,0.4588235294117646,0.0,0,0,8.907092153505888,False,False,False,1,synthetic_2d_kinematics_ideal_odometry
1789808651.3099153,3.6205574957079225,-0.5084279202774773,0.6067689376249986,0.4588235294117646,0.0,0,0,8.918507289705872,False,False,False,1,synthetic_2d_kinematics_ideal_odometry
1789808651.3348253,3.6299423267949757,-0.5019137186414886,0.6067689376249986,0.4588235294117646,0.0,0,0,8.92993138168234,False,False,False,1,synthetic_2d_kinematics_ideal_odometry
1789808651.3600595,3.640915376088031,-0.49429710253049475,0.6067689376249986,0.5294117647058822,0.0,0,0,8.943288801035273,False,False,False,1,synthetic_2d_kinematics_ideal_odometry
1789808651.3849738,3.6517534322486536,-0.48677418789116134,0.6067689376249986,0.5294117647058822,0.0,0,0,8.956481894152942,False,False,False,1,synthetic_2d_kinematics_ideal_odometry
1789808651.4098604,3.660400241788635,-0.4807722619823259,0.6067689376249986,0.42352941176470577,0.0,0,0,8.967007597447063,False,False,False,1,synthetic_2d_kinematics_ideal_odometry
1789808651.4349394,3.6691383286299057,-0.474706978647036,0.6067689376249986,0.42352941176470577,0.0,0,0,8.97764441198822,False,False,False,1,synthetic_2d_kinematics_ideal_odometry
1789808651.4598947,3.6778241366305173,-0.4686779831155635,0.6067689376249986,0.42352941176470577,0.0,0,0,8.988217587847062,False,False,False,1,synthetic_2d_kinematics_ideal_odometry
1789808651.4849594,3.6879836601504867,-0.4616260517466604,0.6067689376249986,0.4941176470588234,0.0,0,0,9.000584707729416,False,False,False,1,synthetic_2d_kinematics_ideal_odometry
1789808651.5099747,3.6981496689749047,-0.45456961879638,0.6067689376249986,0.4941176470588234,0.0,0,0,9.012959722129406,False,False,False,1,synthetic_2d_kinematics_ideal_odometry
1789808651.5352383,3.708393336651332,-0.4474592812615507,0.6067689376249986,0.4941176470588234,0.0,0,0,9.025429270129404,False,False,False,1,synthetic_2d_kinematics_ideal_odometry
1789808651.5601356,3.716338981990036,-0.44194404764847345,0.6067689376249986,0.38823529411764696,0.0,0,0,9.03510145094116,False,False,False,1,synthetic_2d_kinematics_ideal_odometry
1789808651.5854762,3.7244176173865022,-0.43633650293849824,0.6067689376249986,0.38823529411764696,0.0,0,0,9.044935519658807,False,False,False,1,synthetic_2d_kinematics_ideal_odometry
1789808651.6095698,3.733511977242682,-0.4300239232762897,0.6067689376249986,0.4588235294117646,0.0,0,0,9.05600602295294,False,False,False,1,synthetic_2d_kinematics_ideal_odometry
1789808651.6347544,3.7430074678418395,-0.42343291062813676,0.6067689376249986,0.4588235294117646,0.0,0,0,9.067564820011754,False,False,False,1,synthetic_2d_kinematics_ideal_odometry
1789808651.6597166,3.7524160023661577,-0.41690225595550034,0.6067689376249986,0.4588235294117646,0.0,0,0,9.079017766023524,False,False,False,1,synthetic_2d_kinematics_ideal_odometry
1789808651.68473,3.7596677193449586,-0.4118686920938982,0.6067689376249986,0.35294117647058815,0.0,0,0,9.087845232494118,False,False,False,1,synthetic_2d_kinematics_ideal_odometry
1789808651.709729,3.76691605592135,-0.40683747463818265,0.6067689376249986,0.35294117647058815,0.0,0,0,9.096668584023517,False,False,False,1,synthetic_2d_kinematics_ideal_odometry
1789808651.7347548,3.7741721985337553,-0.40180083885451834,0.6067689376249986,0.35294117647058815,0.0,0,0,9.105501437788233,False,False,False,1,synthetic_2d_kinematics_ideal_odometry
1789808651.7597127,3.78285577945253,-0.3957733891857268,0.6067689376249986,0.42352941176470577,0.0,0,0,9.116071902635284,False,False,False,1,synthetic_2d_kinematics_ideal_odometry
1789808651.7847779,3.791565902343395,-0.3897275161956837,0.6067689376249986,0.42352941176470577,0.0,0,0,9.12667467684705,False,False,False,1,synthetic_2d_kinematics_ideal_odometry
1789808651.8095958,3.798052338232238,-0.3852251494629328,0.6067689376249986,0.31764705882352934,0.0,0,0,9.13457057177646,False,False,False,1,synthetic_2d_kinematics_ideal_odometry
1789808651.8348684,3.804646086341873,-0.3806482951408195,0.6067689376249986,0.31764705882352934,0.0,0,0,9.142597097152931,False,False,False,1,synthetic_2d_kinematics_ideal_odometry
1789808651.859723,3.8111320906270723,-0.37614622799291303,0.6067689376249986,0.31764705882352934,0.0,0,0,9.150492466694116,False,False,False,1,synthetic_2d_kinematics_ideal_odometry
1789808651.884925,3.8191612923282725,-0.3705729962136223,0.6067689376249986,0.38823529411764696,0.0,0,0,9.160266360105867,False,False,False,1,synthetic_2d_kinematics_ideal_odometry
1789808651.9098148,3.827107048974696,-0.3650576853395987,0.6067689376249986,0.38823529411764696,0.0,0,0,9.169938676411764,False,False,False,1,synthetic_2d_kinematics_ideal_odometry
1789808651.9349737,3.8351316854655133,-0.3594876223654437,0.6067689376249986,0.38823529411764696,0.0,0,0,9.179707012623515,False,False,False,1,synthetic_2d_kinematics_ideal_odometry
1789808651.959883,3.8409000876326163,-0.35547034293254265,0.6098809283749985,0.28235294117647053,0.125,0,0,9.186736450552926,False,False,False,1,synthetic_2d_kinematics_ideal_odometry
1789808651.9850476,3.8467140955662775,-0.35139423892954635,0.6130243855000045,0.28235294117647053,0.125,0,0,9.193836965470586,False,False,False,1,synthetic_2d_kinematics_ideal_odometry
1789808652.0096676,3.8524063619331423,-0.3473901270184298,0.6130243855000045,0.28235294117647053,0.0,0,0,9.200796477564698,False,False,False,1,synthetic_2d_kinematics_ideal_odometry
1789808652.0352747,3.858310516235544,-0.34323696674031434,0.6130243855000045,0.28235294117647053,0.0,0,0,9.20801504932941,False,False,False,1,synthetic_2d_kinematics_ideal_odometry
1789808652.0599873,3.864020044657698,-0.339220712178672,0.6130243855000045,0.28235294117647053,0.0,0,0,9.214995666458812,False,False,False,1,synthetic_2d_kinematics_ideal_odometry
1789808652.0849817,3.871239368064502,-0.3341424222708674,0.6130243855000045,0.35294117647058815,0.0,0,0,9.223822197988225,False,False,False,1,synthetic_2d_kinematics_ideal_odometry
1789808652.1096792,3.878374867838869,-0.32912309643526905,0.6130243855000045,0.35294117647058815,0.0,0,0,9.232546244576472,False,False,False,1,synthetic_2d_kinematics_ideal_odometry
1789808652.134843,3.885639943590332,-0.32401262294777866,0.6130243855000045,0.35294117647058815,0.0,0,0,9.24142871410588,False,False,False,1,synthetic_2d_kinematics_ideal_odometry
1789808652.159917,3.8906993959474327,-0.32045365150457256,0.6130243855000045,0.24705882352941172,0.0,0,0,9.247614531423528,False,False,False,1,synthetic_2d_kinematics_ideal_odometry
1789808652.1847272,3.895718710278974,-0.31692291435960096,0.6130243855000045,0.24705882352941172,0.0,0,0,9.253751274952933,False,False,False,1,synthetic_2d_kinematics_ideal_odometry
1789808652.209624,3.900750896818254,-0.31338312251532224,0.6130243855000045,0.24705882352941172,0.0,0,0,9.259903756376467,False,False,False,1,synthetic_2d_kinematics_ideal_odometry
1789808652.234836,3.9058451923003648,-0.30979964136668764,0.6130243855000045,0.24705882352941172,0.0,0,0,9.266132173799992,False,False,False,1,synthetic_2d_kinematics_ideal_odometry
1789808652.2598462,3.9108990646329147,-0.30624459508111285,0.6130243855000045,0.24705882352941172,0.0,0,0,9.272311168835294,False,False,False,1,synthetic_2d_kinematics_ideal_odometry
1789808652.2850692,3.9174371511265966,-0.30164550777247034,0.6130243855000045,0.31764705882352934,0.0,0,0,9.280304802494111,False,False,False,1,synthetic_2d_kinematics_ideal_odometry
1789808652.3096979,3.9238503059286263,-0.29713430118521017,0.6130243855000045,0.31764705882352934,0.0,0,0,9.288145691435279,False,False,False,1,synthetic_2d_kinematics_ideal_odometry
1789808652.3349333,3.930403833806166,-0.2925243519412602,0.6130243855000045,0.31764705882352934,0.0,0,0,9.296158204129402,False,False,False,1,synthetic_2d_kinematics_ideal_odometry
1789808652.3598673,3.936883925087214,-0.28796606021503235,0.6130243855000045,0.31764705882352934,0.0,0,0,9.30408093134117,False,False,False,1,synthetic_2d_kinematics_ideal_odometry
1789808652.3848464,3.943372395931354,-0.28340187405129474,0.6130243855000045,0.31764705882352934,0.0,0,0,9.31201390362352,False,False,False,1,synthetic_2d_kinematics_ideal_odometry
1789808652.4098883,3.947703098663382,-0.28035552708240385,0.6130243855000045,0.2117647058823529,0.0,0,0,9.317308732799995,False,False,False,1,synthetic_2d_kinematics_ideal_odometry
1789808652.4347177,3.952012091555531,-0.2773244514699193,0.6130243855000045,0.2117647058823529,0.0,0,0,9.322577018964697,False,False,False,1,synthetic_2d_kinematics_ideal_odometry
1789808652.4598012,3.956356094513291,-0.2742687487209506,0.6130243855000045,0.2117647058823529,0.0,0,0,9.327888109341172,False,False,False,1,synthetic_2d_kinematics_ideal_odometry
1789808652.4846795,3.9621013024377283,-0.2702273961208701,0.6130243855000045,0.28235294117647053,0.0,0,0,9.334912349152939,False,False,False,1,synthetic_2d_kinematics_ideal_odometry
1789808652.5098798,3.9679156190895455,-0.2661374303567827,0.6130243855000045,0.28235294117647053,0.0,0,0,9.342021083082338,False,False,False,1,synthetic_2d_kinematics_ideal_odometry
1789808652.535185,3.9737509473348416,-0.2620326844038746,0.6130243855000045,0.28235294117647053,0.0,0,0,9.349155506329403,False,False,False,1,synthetic_2d_kinematics_ideal_odometry
1789808652.5602922,3.9795474331267093,-0.2579552614046734,0.6130243855000045,0.28235294117647053,0.0,0,0,9.356242439788224,False,False,False,1,synthetic_2d_kinematics_ideal_odometry
1789808652.5850866,3.9852823942533684,-0.25392111671131934,0.6130243855000045,0.28235294117647053,0.0,0,0,9.363254151599985,False,False,False,1,synthetic_2d_kinematics_ideal_odometry
1789808652.6100256,3.9888815837040426,-0.25138933825595744,0.6130243855000045,0.1764705882352941,0.0,0,0,9.367654613717637,False,False,False,1,synthetic_2d_kinematics_ideal_odometry
1789808652.6354177,3.9925435750612075,-0.24881338304469322,0.6130243855000045,0.1764705882352941,0.0,0,0,9.372131859070572,False,False,False,1,synthetic_2d_kinematics_ideal_odometry
1789808652.6601446,3.996114938434163,-0.2463011782919747,0.6130243855000045,0.1764705882352941,0.0,0,0,9.376498300305865,False,False,False,1,synthetic_2d_kinematics_ideal_odometry
1789808652.6850412,3.9997052189500426,-0.2437756666501505,0.6130243855000045,0.1764705882352941,0.0,0,0,9.380887870129401,False,False,False,1,synthetic_2d_kinematics_ideal_odometry
1789808652.7098455,4.003292490176319,-0.24125227183343015,0.6130243855000045,0.1764705882352941,0.0,0,0,9.38527376071763,False,False,False,1,synthetic_2d_kinematics_ideal_odometry
1789808652.7352335,4.006949450077505,-0.2386798559001123,0.6130243855000045,0.1764705882352941,0.0,0,0,9.389744854482345,False,False,False,1,synthetic_2d_kinematics_ideal_odometry
1789808652.7600532,4.0119729990362165,-0.23514613999062087,0.6130243855000045,0.24705882352941172,0.0,0,0,9.395886775376459,False,False,False,1,synthetic_2d_kinematics_ideal_odometry
1789808652.7848637,4.016986416493833,-0.2316195508846898,0.6130243855000045,0.24705882352941172,0.0,0,0,9.402016309235279,False,False,False,1,synthetic_2d_kinematics_ideal_odometry
1789808652.8096173,4.02199144229288,-0.22809886472459218,0.6130243855000045,0.24705882352941172,0.0,0,0,9.408135583235275,False,False,False,1,synthetic_2d_kinematics_ideal_odometry
1789808652.8349526,4.027107411848077,-0.22450013737899285,0.6130243855000045,0.24705882352941172,0.0,0,0,9.414390499941168,False,False,False,1,synthetic_2d_kinematics_ideal_odometry
1789808652.8601048,4.032184436614653,-0.22092880497276293,0.6130243855000045,0.24705882352941172,0.0,0,0,9.420597801741163,False,False,False,1,synthetic_2d_kinematics_ideal_odometry
1789808652.88475,4.035035771716501,-0.21892308983083747,0.6130243855000045,0.1411764705882353,0.0,0,0,9.424083917788225,False,False,False,1,synthetic_2d_kinematics_ideal_odometry
1789808652.9097104,4.037918515320434,-0.21689528100087935,0.6130243855000045,0.1411764705882353,0.0,0,0,9.427608434682336,False,False,False,1,synthetic_2d_kinematics_ideal_odometry
1789808652.9346962,4.040803200665997,-0.21486610629127187,0.6130243855000045,0.1411764705882353,0.0,0,0,9.431135325599987,False,False,False,1,synthetic_2d_kinematics_ideal_odometry
1789808652.9597626,4.04369733710634,-0.21283028339643484,0.6130243855000045,0.1411764705882353,0.0,0,0,9.434673771670576,False,False,False,1,synthetic_2d_kinematics_ideal_odometry
1789808652.9847243,4.046579889145734,-0.21080260931875294,0.6130243855000045,0.1411764705882353,0.0,0,0,9.438198054352927,False,False,False,1,synthetic_2d_kinematics_ideal_odometry
1789808653.009748,4.049469619832535,-0.20876988556388965,0.6130243855000045,0.1411764705882353,0.0,0,0,9.441731113835278,False,False,False,1,synthetic_2d_kinematics_ideal_odometry
1789808653.0347583,4.0523573429598825,-0.20673857398691772,0.6130243855000045,0.1411764705882353,0.0,0,0,9.445261718823515,False,False,False,1,synthetic_2d_kinematics_ideal_odometry
1789808653.059793,4.0552480601059315,-0.20470515632685493,0.6130243855000045,0.1411764705882353,0.0,0,0,9.448795984376458,False,False,False,1,synthetic_2d_kinematics_ideal_odometry
1789808653.0849862,4.059607185404238,-0.20163881606726985,0.6130243855000045,0.2117647058823529,0.0,0,0,9.454125563717634,False,False,False,1,synthetic_2d_kinematics_ideal_odometry
1789808653.1097078,4.06389530365021,-0.19862242431074217,0.6130243855000045,0.2117647058823529,0.0,0,0,9.459368327999984,False,False,False,1,synthetic_2d_kinematics_ideal_odometry
1789808653.1350133,4.06827679332945,-0.1955403522708243,0.6130243855000045,0.2117647058823529,0.0,0,0,9.464725250611757,False,False,False,1,synthetic_2d_kinematics_ideal_odometry
1789808653.159715,4.072556487065668,-0.19252988656864362,0.6130243855000045,0.2117647058823529,0.0,0,0,9.469957714870578,False,False,False,1,synthetic_2d_kinematics_ideal_odometry
1789808653.184976,4.076926542454804,-0.18945585775338386,0.6130243855000045,0.2117647058823529,0.0,0,0,9.475300657623515,False,False,False,1,synthetic_2d_kinematics_ideal_odometry
1789808653.209746,4.079073702030861,-0.18794548092288185,0.6130243855000045,0.10588235294117647,0.0,0,0,9.47792583045881,False,False,False,1,synthetic_2d_kinematics_ideal_odometry
1789808653.2347038,4.081235578648165,-0.18642475168151995,0.6130243855000045,0.10588235294117647,0.0,0,0,9.4805689967294,False,False,False,1,synthetic_2d_kinematics_ideal_odometry
1789808653.2598925,4.083416742575977,-0.18489045516400468,0.6130243855000045,0.10588235294117647,0.0,0,0,9.483235744164693,False,False,False,1,synthetic_2d_kinematics_ideal_odometry
1789808653.2846806,4.085563558860057,-0.183380319815437,0.6130243855000045,0.10588235294117647,0.0,0,0,9.485860497282337,False,False,False,1,synthetic_2d_kinematics_ideal_odometry
1789808653.309773,4.087735929265223,-0.1818522089270715,0.6130243855000045,0.10588235294117647,0.0,0,0,9.488516493529394,False,False,False,1,synthetic_2d_kinematics_ideal_odometry
1789808653.3346775,4.0898933744369375,-0.18033459689824455,0.6130243855000045,0.10588235294117647,0.0,0,0,9.491154241799983,False,False,False,1,synthetic_2d_kinematics_ideal_odometry
1789808653.359846,4.092072493941532,-0.17880173848970551,0.6130243855000045,0.10588235294117647,0.0,0,0,9.49381848967057,False,False,False,1,synthetic_2d_kinematics_ideal_odometry
1789808653.3849638,4.094245199584652,-0.17727339178484855,0.6130243855000045,0.10588235294117647,0.0,0,0,9.496474895788221,False,False,False,1,synthetic_2d_kinematics_ideal_odometry
1789808653.4099863,4.096413556487485,-0.17574810411512082,0.6130243855000045,0.10588235294117647,0.0,0,0,9.499125985023515,False,False,False,1,synthetic_2d_kinematics_ideal_odometry
1789808653.4350054,4.098579988998048,-0.17422417012097868,0.6130243855000045,0.10588235294117647,0.0,0,0,9.501774721447044,False,False,False,1,synthetic_2d_kinematics_ideal_odometry
1789808653.4599793,4.100741934983887,-0.1727033920836966,0.6130243855000045,0.10588235294117647,0.0,0,0,9.504417972529398,False,False,False,1,synthetic_2d_kinematics_ideal_odometry
1789808653.4849348,4.102901537335162,-0.17118426262967926,0.6130243855000045,0.10588235294117647,0.0,0,0,9.507058358223514,False,False,False,1,synthetic_2d_kinematics_ideal_odometry
1789808653.510024,4.105076909553248,-0.16965404017553432,0.6130243855000045,0.10588235294117647,0.0,0,0,9.509718024564691,False,False,False,1,synthetic_2d_kinematics_ideal_odometry
1789808653.5349221,4.10723311622382,-0.1681372993457796,0.6130243855000045,0.10588235294117647,0.0,0,0,9.512354258611747,False,False,False,1,synthetic_2d_kinematics_ideal_odometry
1789808653.56002,4.110854656170168,-0.16558979887739553,0.6130243855000045,0.1764705882352941,0.0,0,0,9.516782047023518,False,False,False,1,synthetic_2d_kinematics_ideal_odometry
1789808653.5849466,4.11445353082106,-0.16305824186169815,0.6130243855000045,0.1764705882352941,0.0,0,0,9.521182124258814,False,False,False,1,synthetic_2d_kinematics_ideal_odometry
1789808653.609951,4.1180626565998475,-0.1605194738933401,0.6130243855000045,0.1764705882352941,0.0,0,0,9.525594734788225,False,False,False,1,synthetic_2d_kinematics_ideal_odometry
1789808653.6348886,4.121661953004498,-0.15798762020332455,0.6130243855000045,0.1764705882352941,0.0,0,0,9.529995327670573,False,False,False,1,synthetic_2d_kinematics_ideal_odometry
1789808653.6602125,4.125312218971988,-0.15541991298493932,0.6130243855000045,0.1764705882352941,0.0,0,0,9.534458237258809,False,False,False,1,synthetic_2d_kinematics_ideal_odometry
1789808653.68475,4.1267301687597016,-0.1544192237751747,0.6160976668750066,0.07058823529411765,0.125,0,0,9.536193737329398,False,False,False,1,synthetic_2d_kinematics_ideal_odometry
1789808653.7098246,4.128172805602764,-0.1533943903665577,0.619231333750008,0.07058823529411765,0.125,0,0,9.537963337447046,False,False,False,1,synthetic_2d_kinematics_ideal_odometry
1789808653.7347522,4.129604663658486,-0.1523704655091591,0.6223485233750096,0.07058823529411765,0.125,0,0,9.539723632764694,False,False,False,1,synthetic_2d_kinematics_ideal_odometry
1789808653.7598872,4.13104599181939,-0.1513363695528894,0.6223485233750096,0.07058823529411765,0.0,0,0,9.54149754970587,False,False,False,1,synthetic_2d_kinematics_ideal_odometry
1789808653.78474,4.1324716617721755,-0.15031350774172025,0.6223485233750096,0.07058823529411765,0.0,0,0,9.54325219528234,False,False,False,1,synthetic_2d_kinematics_ideal_odometry
1789808653.8097563,4.135338313511125,-0.14825000089884643,0.6254759063750085,0.1411764705882353,0.125,0,0,9.54678429843528,False,False,False,1,synthetic_2d_kinematics_ideal_odometry
1789808653.8347702,4.138197760764719,-0.1461780748992697,0.6286024825000068,0.1411764705882353,0.125,0,0,9.550315490294102,False,False,False,1,synthetic_2d_kinematics_ideal_odometry
1789808653.8598554,4.141058303205439,-0.14409166666530815,0.6317373830000078,0.1411764705882353,0.125,0,0,9.553856083799985,False,False,False,1,synthetic_2d_kinematics_ideal_odometry
1789808653.8846862,4.143187929030251,-0.14254842891001576,0.6224228071250052,0.10588235294117647,-0.375,0,0,9.556486081694104,False,False,False,1,synthetic_2d_kinematics_ideal_odometry
1789808653.9097207,4.145349042140433,-0.1410129904687153,0.6130337285000066,0.10588235294117647,-0.375,0,0,9.559137115658809,False,False,False,1,synthetic_2d_kinematics_ideal_odometry
1789808653.9346936,4.147518643926042,-0.13950193168864947,0.6036697396249976,0.10588235294117647,-0.375,0,0,9.561781065458812,False,False,False,1,synthetic_2d_kinematics_ideal_odometry
1789808653.9599123,4.147518643926042,-0.13950193168864947,0.5942178140000108,0.0,-0.375,0,0,9.561781065458812,False,False,False,1,synthetic_2d_kinematics_ideal_odometry
1789808653.9848645,4.147518643926042,-0.13950193168864947,0.584863480624996,0.0,-0.375,0,0,9.561781065458812,False,False,False,1,synthetic_2d_kinematics_ideal_odometry
1789808654.0098093,4.147518643926042,-0.13950193168864947,0.5755072797499919,0.0,-0.375,0,0,9.561781065458812,False,False,False,1,synthetic_2d_kinematics_ideal_odometry
1789808654.0349033,4.147518643926042,-0.13950193168864947,0.5660981866250053,0.0,-0.375,0,0,9.561781065458812,False,False,False,1,synthetic_2d_kinematics_ideal_odometry
1789808654.0601132,4.147518643926042,-0.13950193168864947,0.5566498516250106,0.0,-0.375,0,0,9.561781065458812,False,False,False,1,synthetic_2d_kinematics_ideal_odometry
1789808654.0848565,4.147518643926042,-0.13950193168864947,0.5473654351249947,0.0,-0.375,0,0,9.561781065458812,False,False,False,1,synthetic_2d_kinematics_ideal_odometry
1789808654.110019,4.147518643926042,-0.13950193168864947,0.5379307298750006,0.0,-0.375,0,0,9.561781065458812,False,False,False,1,synthetic_2d_kinematics_ideal_odometry
1789808654.1348884,4.147518643926042,-0.13950193168864947,0.528613590875011,0.0,-0.375,0,0,9.561781065458812,False,False,False,1,synthetic_2d_kinematics_ideal_odometry
1789808654.1601763,4.147518643926042,-0.13950193168864947,0.5222881451250031,0.0,-0.25,0,0,9.561781065458812,False,False,False,1,synthetic_2d_kinematics_ideal_odometry
1789808654.1848357,4.147518643926042,-0.13950193168864947,0.5161200418749984,0.0,-0.25,0,0,9.561781065458812,False,False,False,1,synthetic_2d_kinematics_ideal_odometry
1789808654.2097096,4.147518643926042,-0.13950193168864947,0.509899983375007,0.0,-0.25,0,0,9.561781065458812,False,False,False,1,synthetic_2d_kinematics_ideal_odometry
1789808654.2350752,4.147518643926042,-0.13950193168864947,0.5036071143750006,0.0,-0.25,0,0,9.561781065458812,False,False,False,1,synthetic_2d_kinematics_ideal_odometry
1789808654.2600574,4.147518643926042,-0.13950193168864947,0.49731622712501167,0.0,-0.25,0,0,9.561781065458812,False,False,False,1,synthetic_2d_kinematics_ideal_odometry
1789808654.2852125,4.147518643926042,-0.13950193168864947,0.49103109312500226,0.0,-0.25,0,0,9.561781065458812,False,False,False,1,synthetic_2d_kinematics_ideal_odometry
1789808654.3097007,4.147518643926042,-0.13950193168864947,0.4849007493750007,0.0,-0.25,0,0,9.561781065458812,False,False,False,1,synthetic_2d_kinematics_ideal_odometry
1789808654.3348322,4.147518643926042,-0.13950193168864947,0.47861873437500424,0.0,-0.25,0,0,9.561781065458812,False,False,False,1,synthetic_2d_kinematics_ideal_odometry
1789808654.3598092,4.147518643926042,-0.13950193168864947,0.47237454762500863,0.0,-0.25,0,0,9.561781065458812,False,False,False,1,synthetic_2d_kinematics_ideal_odometry
1789808654.385067,4.147518643926042,-0.13950193168864947,0.46606085112500734,0.0,-0.25,0,0,9.561781065458812,False,False,False,1,synthetic_2d_kinematics_ideal_odometry
1789808654.4097838,4.147518643926042,-0.13950193168864947,0.4598790816250043,0.0,-0.25,0,0,9.561781065458812,False,False,False,1,synthetic_2d_kinematics_ideal_odometry
1789808654.435885,4.147518643926042,-0.13950193168864947,0.45335896212500854,0.0,-0.25,0,0,9.561781065458812,False,False,False,1,synthetic_2d_kinematics_ideal_odometry
1789808654.4597733,4.147518643926042,-0.13950193168864947,0.44738266587501113,0.0,-0.25,0,0,9.561781065458812,False,False,False,1,synthetic_2d_kinematics_ideal_odometry
1789808654.4848769,4.147518643926042,-0.13950193168864947,0.44110728112499925,0.0,-0.25,0,0,9.561781065458812,False,False,False,1,synthetic_2d_kinematics_ideal_odometry
1789808654.50975,4.147518643926042,-0.13950193168864947,0.43488653137499955,0.0,-0.25,0,0,9.561781065458812,False,False,False,1,synthetic_2d_kinematics_ideal_odometry
1789808654.5352619,4.147518643926042,-0.13950193168864947,0.42851033562500607,0.0,-0.25,0,0,9.561781065458812,False,False,False,1,synthetic_2d_kinematics_ideal_odometry
1789808654.559926,4.147518643926042,-0.13950193168864947,0.42234535687499875,0.0,-0.25,0,0,9.561781065458812,False,False,False,1,synthetic_2d_kinematics_ideal_odometry
1789808654.5849004,4.147518643926042,-0.13950193168864947,0.4161040476249978,0.0,-0.25,0,0,9.561781065458812,False,False,False,1,synthetic_2d_kinematics_ideal_odometry
1789808654.6099086,4.147518643926042,-0.13950193168864947,0.4098522551250026,0.0,-0.25,0,0,9.561781065458812,False,False,False,1,synthetic_2d_kinematics_ideal_odometry
1789808654.6388574,4.147518643926042,-0.13950193168864947,0.4026207858750011,0.0,-0.25,0,0,9.561781065458812,False,False,False,1,synthetic_2d_kinematics_ideal_odometry
1789808654.6601532,4.147518643926042,-0.13950193168864947,0.3973008418750082,0.0,-0.25,0,0,9.561781065458812,False,False,False,1,synthetic_2d_kinematics_ideal_odometry
1789808654.6849225,4.147518643926042,-0.13950193168864947,0.3911002713750092,0.0,-0.25,0,0,9.561781065458812,False,False,False,1,synthetic_2d_kinematics_ideal_odometry
1789808654.7100015,4.147518643926042,-0.13950193168864947,0.38482914262500845,0.0,-0.25,0,0,9.561781065458812,False,False,False,1,synthetic_2d_kinematics_ideal_odometry
1789808654.735207,4.147518643926042,-0.13950193168864947,0.3785335068750014,0.0,-0.25,0,0,9.561781065458812,False,False,False,1,synthetic_2d_kinematics_ideal_odometry
1789808654.7602923,4.147518643926042,-0.13950193168864947,0.372257001874999,0.0,-0.25,0,0,9.561781065458812,False,False,False,1,synthetic_2d_kinematics_ideal_odometry
1789808654.7852535,4.147518643926042,-0.13950193168864947,0.3660202806250083,0.0,-0.25,0,0,9.561781065458812,False,False,False,1,synthetic_2d_kinematics_ideal_odometry
1789808654.8212988,4.147518643926042,-0.13950193168864947,0.35700770012500976,0.0,-0.25,0,0,9.561781065458812,False,False,False,1,synthetic_2d_kinematics_ideal_odometry
1789808654.8350174,4.147518643926042,-0.13950193168864947,0.3535850431250082,0.0,-0.25,0,0,9.561781065458812,False,False,False,1,synthetic_2d_kinematics_ideal_odometry
1789808654.8601704,4.147518643926042,-0.13950193168864947,0.3472865406250064,0.0,-0.25,0,0,9.561781065458812,False,False,False,1,synthetic_2d_kinematics_ideal_odometry
1789808654.8848276,4.147518643926042,-0.13950193168864947,0.34112202587500906,0.0,-0.25,0,0,9.561781065458812,False,False,False,1,synthetic_2d_kinematics_ideal_odometry
1789808654.9099708,4.147518643926042,-0.13950193168864947,0.3348367381250056,0.0,-0.25,0,0,9.561781065458812,False,False,False,1,synthetic_2d_kinematics_ideal_odometry
1789808654.9351127,4.147518643926042,-0.13950193168864947,0.32855249387500846,0.0,-0.25,0,0,9.561781065458812,False,False,False,1,synthetic_2d_kinematics_ideal_odometry
1789808654.9598541,4.147518643926042,-0.13950193168864947,0.32236332937500817,0.0,-0.25,0,0,9.561781065458812,False,False,False,1,synthetic_2d_kinematics_ideal_odometry
1789808654.9848354,4.147518643926042,-0.13950193168864947,0.31611650212499837,0.0,-0.25,0,0,9.561781065458812,False,False,False,1,synthetic_2d_kinematics_ideal_odometry
1789808655.0097344,4.147518643926042,-0.13950193168864947,0.31300381512500036,0.0,-0.125,0,0,9.561781065458812,False,False,False,1,synthetic_2d_kinematics_ideal_odometry
1789808655.0349095,4.147518643926042,-0.13950193168864947,0.30986060762500484,0.0,-0.125,0,0,9.561781065458812,False,False,False,1,synthetic_2d_kinematics_ideal_odometry
1789808655.0598638,4.147518643926042,-0.13950193168864947,0.30673876800000227,0.0,-0.125,0,0,9.561781065458812,False,False,False,1,synthetic_2d_kinematics_ideal_odometry
1789808655.0849223,4.147518643926042,-0.13950193168864947,0.30360757900000107,0.0,-0.125,0,0,9.561781065458812,False,False,False,1,synthetic_2d_kinematics_ideal_odometry
1789808655.1098838,4.147518643926042,-0.13950193168864947,0.30048798062500004,0.0,-0.125,0,0,9.561781065458812,False,False,False,1,synthetic_2d_kinematics_ideal_odometry
1789808655.134991,4.147518643926042,-0.13950193168864947,0.297350350375005,0.0,-0.125,0,0,9.561781065458812,False,False,False,1,synthetic_2d_kinematics_ideal_odometry
1789808655.1600251,4.147518643926042,-0.13950193168864947,0.2942199270000001,0.0,-0.125,0,0,9.561781065458812,False,False,False,1,synthetic_2d_kinematics_ideal_odometry
1789808655.1850781,4.147518643926042,-0.13950193168864947,0.2910884661250035,0.0,-0.125,0,0,9.561781065458812,False,False,False,1,synthetic_2d_kinematics_ideal_odometry
1789808655.2098556,4.147518643926042,-0.13950193168864947,0.2879924420000035,0.0,-0.125,0,0,9.561781065458812,False,False,False,1,synthetic_2d_kinematics_ideal_odometry
1789808655.2348826,4.147518643926042,-0.13950193168864947,0.2848637218749983,0.0,-0.125,0,0,9.561781065458812,False,False,False,1,synthetic_2d_kinematics_ideal_odometry
1789808655.2600877,4.147518643926042,-0.13950193168864947,0.28171420337500286,0.0,-0.125,0,0,9.561781065458812,False,False,False,1,synthetic_2d_kinematics_ideal_odometry
1789808655.2848606,4.147518643926042,-0.13950193168864947,0.27861386050000175,0.0,-0.125,0,0,9.561781065458812,False,False,False,1,synthetic_2d_kinematics_ideal_odometry
1789808655.309662,4.147518643926042,-0.13950193168864947,0.2755128382500017,0.0,-0.125,0,0,9.561781065458812,False,False,False,1,synthetic_2d_kinematics_ideal_odometry
1789808655.334766,4.147518643926042,-0.13950193168864947,0.2723753961249996,0.0,-0.125,0,0,9.561781065458812,False,False,False,1,synthetic_2d_kinematics_ideal_odometry
1789808655.3597455,4.147518643926042,-0.13950193168864947,0.2692526889999981,0.0,-0.125,0,0,9.561781065458812,False,False,False,1,synthetic_2d_kinematics_ideal_odometry
1789808655.385007,4.147518643926042,-0.13950193168864947,0.26609711449999895,0.0,-0.125,0,0,9.561781065458812,False,False,False,1,synthetic_2d_kinematics_ideal_odometry
1789808655.4140122,4.147518643926042,-0.13950193168864947,0.2624699228749988,0.0,-0.125,0,0,9.561781065458812,False,False,False,1,synthetic_2d_kinematics_ideal_odometry
1789808655.434915,4.147518643926042,-0.13950193168864947,0.2598594411250018,0.0,-0.125,0,0,9.561781065458812,False,False,False,1,synthetic_2d_kinematics_ideal_odometry
1789808655.4599285,4.147518643926042,-0.13950193168864947,0.2567323048750011,0.0,-0.125,0,0,9.561781065458812,False,False,False,1,synthetic_2d_kinematics_ideal_odometry
1789808655.4857073,4.147518643926042,-0.13950193168864947,0.25352295775000033,0.0,-0.125,0,0,9.561781065458812,False,False,False,1,synthetic_2d_kinematics_ideal_odometry
1789808655.5104897,4.147518643926042,-0.13950193168864947,0.25041086287500025,0.0,-0.125,0,0,9.561781065458812,False,False,False,1,synthetic_2d_kinematics_ideal_odometry
1789808655.5383902,4.147518643926042,-0.13950193168864947,0.24692442250000102,0.0,-0.125,0,0,9.561781065458812,False,False,False,1,synthetic_2d_kinematics_ideal_odometry
1789808655.560051,4.147518643926042,-0.13950193168864947,0.24692442250000102,0.0,0.0,0,0,9.561781065458812,False,False,False,1,synthetic_2d_kinematics_ideal_odometry
1789808655.5850747,4.147518643926042,-0.13950193168864947,0.24692442250000102,0.0,0.0,0,0,9.561781065458812,False,False,False,1,synthetic_2d_kinematics_ideal_odometry
1789808655.609729,4.147518643926042,-0.13950193168864947,0.24692442250000102,0.0,0.0,0,0,9.561781065458812,False,False,False,1,synthetic_2d_kinematics_ideal_odometry
1789808655.6347995,4.147518643926042,-0.13950193168864947,0.24692442250000102,0.0,0.0,0,0,9.561781065458812,False,False,False,1,synthetic_2d_kinematics_ideal_odometry
1789808655.6597822,4.147518643926042,-0.13950193168864947,0.24692442250000102,0.0,0.0,0,0,9.561781065458812,False,False,False,1,synthetic_2d_kinematics_ideal_odometry
1789808655.6848502,4.147518643926042,-0.13950193168864947,0.24692442250000102,0.0,0.0,0,0,9.561781065458812,False,False,False,1,synthetic_2d_kinematics_ideal_odometry
1789808655.7097828,4.147518643926042,-0.13950193168864947,0.24692442250000102,0.0,0.0,0,0,9.561781065458812,False,False,False,1,synthetic_2d_kinematics_ideal_odometry
1789808655.7349265,4.147518643926042,-0.13950193168864947,0.24692442250000102,0.0,0.0,0,0,9.561781065458812,False,False,False,1,synthetic_2d_kinematics_ideal_odometry
1789808655.7601604,4.147518643926042,-0.13950193168864947,0.24692442250000102,0.0,0.0,0,0,9.561781065458812,False,False,False,1,synthetic_2d_kinematics_ideal_odometry
1789808655.7851796,4.147518643926042,-0.13950193168864947,0.24692442250000102,0.0,0.0,0,0,9.561781065458812,False,False,False,1,synthetic_2d_kinematics_ideal_odometry
1789808655.8245919,4.147518643926042,-0.13950193168864947,0.24692442250000102,0.0,0.0,0,0,9.561781065458812,False,False,False,1,synthetic_2d_kinematics_ideal_odometry
1789808655.8348927,4.147518643926042,-0.13950193168864947,0.24692442250000102,0.0,0.0,0,0,9.561781065458812,False,False,False,1,synthetic_2d_kinematics_ideal_odometry
1789808655.8599837,4.147518643926042,-0.13950193168864947,0.24692442250000102,0.0,0.0,0,0,9.561781065458812,False,False,False,1,synthetic_2d_kinematics_ideal_odometry
1789808655.885137,4.147518643926042,-0.13950193168864947,0.24692442250000102,0.0,0.0,0,0,9.561781065458812,False,False,False,1,synthetic_2d_kinematics_ideal_odometry
1789808655.9099898,4.147518643926042,-0.13950193168864947,0.24692442250000102,0.0,0.0,0,0,9.561781065458812,False,False,False,1,synthetic_2d_kinematics_ideal_odometry
1789808655.9347665,4.147518643926042,-0.13950193168864947,0.24692442250000102,0.0,0.0,0,0,9.561781065458812,False,False,False,1,synthetic_2d_kinematics_ideal_odometry
1789808655.9598029,4.147518643926042,-0.13950193168864947,0.24692442250000102,0.0,0.0,0,0,9.561781065458812,False,False,False,1,synthetic_2d_kinematics_ideal_odometry
1789808655.9848385,4.147518643926042,-0.13950193168864947,0.24692442250000102,0.0,0.0,0,0,9.561781065458812,False,False,False,1,synthetic_2d_kinematics_ideal_odometry
1789808656.009831,4.147518643926042,-0.13950193168864947,0.24692442250000102,0.0,0.0,0,0,9.561781065458812,False,False,False,1,synthetic_2d_kinematics_ideal_odometry
1789808656.034913,4.147518643926042,-0.13950193168864947,0.24692442250000102,0.0,0.0,0,0,9.561781065458812,False,False,False,1,synthetic_2d_kinematics_ideal_odometry
1789808656.060119,4.147518643926042,-0.13950193168864947,0.24692442250000102,0.0,0.0,0,0,9.561781065458812,False,False,False,1,synthetic_2d_kinematics_ideal_odometry
1789808656.0848193,4.147518643926042,-0.13950193168864947,0.24692442250000102,0.0,0.0,0,0,9.561781065458812,False,False,False,1,synthetic_2d_kinematics_ideal_odometry
1789808656.1098542,4.147518643926042,-0.13950193168864947,0.24692442250000102,0.0,0.0,0,0,9.561781065458812,False,False,False,1,synthetic_2d_kinematics_ideal_odometry
1789808656.1347768,4.147518643926042,-0.13950193168864947,0.24692442250000102,0.0,0.0,0,0,9.561781065458812,False,False,False,1,synthetic_2d_kinematics_ideal_odometry
1789808656.1597948,4.147518643926042,-0.13950193168864947,0.24692442250000102,0.0,0.0,0,0,9.561781065458812,False,False,False,1,synthetic_2d_kinematics_ideal_odometry
1789808656.184838,4.147518643926042,-0.13950193168864947,0.24692442250000102,0.0,0.0,0,0,9.561781065458812,False,False,False,1,synthetic_2d_kinematics_ideal_odometry
1789808656.2097476,4.147518643926042,-0.13950193168864947,0.24692442250000102,0.0,0.0,0,0,9.561781065458812,False,False,False,1,synthetic_2d_kinematics_ideal_odometry
1789808656.2347975,4.147518643926042,-0.13950193168864947,0.24692442250000102,0.0,0.0,0,0,9.561781065458812,False,False,False,1,synthetic_2d_kinematics_ideal_odometry
1789808656.2600663,4.147518643926042,-0.13950193168864947,0.24692442250000102,0.0,0.0,0,0,9.561781065458812,False,False,False,1,synthetic_2d_kinematics_ideal_odometry
1789808656.2850518,4.147518643926042,-0.13950193168864947,0.24692442250000102,0.0,0.0,0,0,9.561781065458812,False,False,False,1,synthetic_2d_kinematics_ideal_odometry
1789808656.3099093,4.147518643926042,-0.13950193168864947,0.24692442250000102,0.0,0.0,0,0,9.561781065458812,False,False,False,1,synthetic_2d_kinematics_ideal_odometry
1789808656.3349748,4.147518643926042,-0.13950193168864947,0.24692442250000102,0.0,0.0,0,0,9.561781065458812,False,False,False,1,synthetic_2d_kinematics_ideal_odometry
1789808656.3599885,4.147518643926042,-0.13950193168864947,0.24692442250000102,0.0,0.0,0,0,9.561781065458812,False,False,False,1,synthetic_2d_kinematics_ideal_odometry
1789808656.3850594,4.147518643926042,-0.13950193168864947,0.24692442250000102,0.0,0.0,0,0,9.561781065458812,False,False,False,1,synthetic_2d_kinematics_ideal_odometry
1789808656.4098372,4.147518643926042,-0.13950193168864947,0.24692442250000102,0.0,0.0,0,0,9.561781065458812,False,False,False,1,synthetic_2d_kinematics_ideal_odometry
1789808656.4347863,4.147518643926042,-0.13950193168864947,0.24692442250000102,0.0,0.0,0,0,9.561781065458812,False,False,False,1,synthetic_2d_kinematics_ideal_odometry
1789808656.4598417,4.147518643926042,-0.13950193168864947,0.24692442250000102,0.0,0.0,0,0,9.561781065458812,False,False,False,1,synthetic_2d_kinematics_ideal_odometry
1789808656.484908,4.147518643926042,-0.13950193168864947,0.24692442250000102,0.0,0.0,0,0,9.561781065458812,False,False,False,1,synthetic_2d_kinematics_ideal_odometry
1789808656.5100572,4.147518643926042,-0.13950193168864947,0.24692442250000102,0.0,0.0,0,0,9.561781065458812,False,False,False,1,synthetic_2d_kinematics_ideal_odometry
1789808656.5352347,4.147518643926042,-0.13950193168864947,0.24692442250000102,0.0,0.0,0,0,9.561781065458812,False,False,False,1,synthetic_2d_kinematics_ideal_odometry
1789808656.5600333,4.147518643926042,-0.13950193168864947,0.24692442250000102,0.0,0.0,0,0,9.561781065458812,False,False,False,1,synthetic_2d_kinematics_ideal_odometry
1789808656.585024,4.147518643926042,-0.13950193168864947,0.24692442250000102,0.0,0.0,0,0,9.561781065458812,False,False,False,1,synthetic_2d_kinematics_ideal_odometry
1789808656.6100693,4.147518643926042,-0.13950193168864947,0.24692442250000102,0.0,0.0,0,0,9.561781065458812,False,False,False,1,synthetic_2d_kinematics_ideal_odometry
1789808656.6349223,4.147518643926042,-0.13950193168864947,0.24692442250000102,0.0,0.0,0,0,9.561781065458812,False,False,False,1,synthetic_2d_kinematics_ideal_odometry
