stamp,x,y,yaw,v,w,collisions,blocked_commands,distance,quality_enabled,top_blocked,all_blocked,reset_sequence,evidence
1789808660.4599454,-4.3,0.0,0.0,0.0,0.0,0,0,0.0,True,False,False,2,synthetic_2d_kinematics_ideal_odometry
1789808660.4868598,-4.3,0.0,0.0,0.0,0.0,0,0,0.0,True,False,False,2,synthetic_2d_kinematics_ideal_odometry
1789808660.5098748,-4.3,0.0,0.0,0.0,0.0,0,0,0.0,True,False,False,2,synthetic_2d_kinematics_ideal_odometry
1789808660.5348718,-4.285006789350792,0.000163930345627953,0.02186640574999643,0.5999999999999999,0.875,0,0,0.014994106799997742,True,False,False,2,synthetic_2d_kinematics_ideal_odometry
1789808660.5600104,-4.269941713749179,0.0006591060997320213,0.04384817237502858,0.5999999999999999,0.875,0,0,0.03006731820002008,True,False,False,2,synthetic_2d_kinematics_ideal_odometry
1789808660.584787,-4.255077278066463,0.0014730482740504677,0.06555794875001908,0.5999999999999999,0.875,0,0,0.04495402200001327,True,False,False,2,synthetic_2d_kinematics_ideal_odometry
1789808660.6102543,-4.23984180387239,0.0026194962002300285,0.08465613325002863,0.5999999999999999,0.75,0,0,0.06023256960002113,True,False,False,2,synthetic_2d_kinematics_ideal_odometry
1789808660.634772,-4.225191904224039,0.003998481461198454,0.10304945575001767,0.5999999999999999,0.75,0,0,0.07494722760001278,True,False,False,2,synthetic_2d_kinematics_ideal_odometry
1789808660.6598375,-4.210250317343258,0.005685740020274489,0.12184514425002389,0.5999999999999999,0.75,0,0,0.08998377840001744,True,False,False,2,synthetic_2d_kinematics_ideal_odometry
1789808660.6847932,-4.195404627896249,0.007644810348455827,0.140563135750007,0.5999999999999999,0.75,0,0,0.10495817160000374,True,False,False,2,synthetic_2d_kinematics_ideal_odometry
1789808660.7097936,-4.180574801079349,0.009885163043617704,0.1593107582500224,0.5999999999999999,0.75,0,0,0.11995626960001583,True,False,False,2,synthetic_2d_kinematics_ideal_odometry
1789808660.7348933,-4.165748763058746,0.012386550214596375,0.17497280950000516,0.5999999999999999,0.625,0,0,0.13499183879999957,True,False,False,2,synthetic_2d_kinematics_ideal_odometry
1789808660.7632558,-4.149003285716319,0.01550026316492624,0.19271500200002833,0.5999999999999999,0.625,0,0,0.15202434360002218,True,False,False,2,synthetic_2d_kinematics_ideal_odometry
1789808660.7855504,-4.13591058423686,0.018149819325269205,0.2066296951250095,0.5999999999999999,0.625,0,0,0.16538244900000443,True,False,False,2,synthetic_2d_kinematics_ideal_odometry
1789808660.822582,-4.114202544944491,0.022963387763848906,0.2297914857500132,0.5999999999999999,0.625,0,0,0.18761776800000793,True,False,False,2,synthetic_2d_kinematics_ideal_odometry
1789808660.8349233,-4.1069995431628605,0.024683540166170748,0.2390484222499936,0.5999999999999999,0.75,0,0,0.19502331719999205,True,False,False,2,synthetic_2d_kinematics_ideal_odometry
1789808660.8598099,-4.092516950886409,0.028332646159840227,0.25460596600000684,0.5999999999999999,0.625,0,0,0.20995855920000517,True,False,False,2,synthetic_2d_kinematics_ideal_odometry
1789808660.8849318,-4.077974951294533,0.03223928160845773,0.2702909741250039,0.5999999999999999,0.625,0,0,0.225016167000002,True,False,False,2,synthetic_2d_kinematics_ideal_odometry
1789808660.9100018,-4.063500649281102,0.03637215549115695,0.28597094912500864,0.5999999999999999,0.625,0,0,0.24006894300000647,True,False,False,2,synthetic_2d_kinematics_ideal_odometry
1789808660.9347906,-4.049257269896794,0.04068035034357129,0.30147164912501273,0.5999999999999999,0.625,0,0,0.25494961500001073,True,False,False,2,synthetic_2d_kinematics_ideal_odometry
1789808660.9602606,-4.034709850589519,0.04533108680793381,0.31738075912502245,0.5999999999999999,0.625,0,0,0.2702223606000204,True,False,False,2,synthetic_2d_kinematics_ideal_odometry
1789808660.9849923,-4.020645978871728,0.050071609232163965,0.33284047662500177,0.5999999999999999,0.625,0,0,0.28506368940000065,True,False,False,2,synthetic_2d_kinematics_ideal_odometry
1789808661.009968,-4.00651133621427,0.05505701484774371,0.3453305391250084,0.5999999999999999,0.5,0,0,0.3000517644000087,True,False,False,2,synthetic_2d_kinematics_ideal_odometry
1789808661.034917,-3.9924610945778287,0.06021070555043974,0.35780189012499625,0.5999999999999999,0.5,0,0,0.31501738559999415,True,False,False,2,synthetic_2d_kinematics_ideal_odometry
1789808661.0597458,-3.9793476085934696,0.06520685172547645,0.3702269391249971,0.5647058823529411,0.5,0,0,0.32905038211764204,True,False,False,2,synthetic_2d_kinematics_ideal_odometry
1789808661.0851955,-3.9659836544287743,0.07049180181090295,0.3829512721250197,0.5647058823529411,0.5,0,0,0.34342139350590295,True,False,False,2,synthetic_2d_kinematics_ideal_odometry
1789808661.1104038,-3.952813833395684,0.07589382615649984,0.3955548931250022,0.5647058823529411,0.5,0,0,0.35765607134117733,True,False,False,2,synthetic_2d_kinematics_ideal_odometry
1789808661.1347513,-3.9393557078504426,0.08158575373079043,0.40468757787501636,0.5999999999999999,0.375,0,0,0.37226836694120014,True,False,False,2,synthetic_2d_kinematics_ideal_odometry
1789808661.159903,-3.9255638208483985,0.08757006930250455,0.4140839738750089,0.5999999999999999,0.375,0,0,0.38730260054118837,True,False,False,2,synthetic_2d_kinematics_ideal_odometry
1789808661.1847904,-3.911868735632189,0.09366570012234327,0.42345297349999816,0.5999999999999999,0.375,0,0,0.4022929999411712,True,False,False,2,synthetic_2d_kinematics_ideal_odometry
1789808661.2100127,-3.898925339210444,0.09957327974370346,0.43290113862499885,0.5647058823529411,0.375,0,0,0.41652082507058413,True,False,False,2,synthetic_2d_kinematics_ideal_odometry
1789808661.235193,-3.8860778159847817,0.10558418582019766,0.44232029450000004,0.5647058823529411,0.375,0,0,0.43070496568235067,True,False,False,2,synthetic_2d_kinematics_ideal_odometry
1789808661.259842,-3.872725061132125,0.1120095275402263,0.45466885149999575,0.5999999999999999,0.5,0,0,0.4455232340823455,True,False,False,2,synthetic_2d_kinematics_ideal_odometry
1789808661.290227,-3.856396532246398,0.12014569805652113,0.4698716045000069,0.5999999999999999,0.5,0,0,0.46376653768235876,True,False,False,2,synthetic_2d_kinematics_ideal_odometry
1789808661.3232973,-3.8387793583150556,0.12927576507323224,0.4864069819999984,0.5999999999999999,0.5,0,0,0.4836089906823484,True,False,False,2,synthetic_2d_kinematics_ideal_odometry
1789808661.3354247,-3.832353432962911,0.13269240029706394,0.4909555872499994,0.5999999999999999,0.375,0,0,0.49088675908234986,True,False,False,2,synthetic_2d_kinematics_ideal_odometry
1789808661.3599098,-3.819430743764147,0.13967754509455987,0.5001366680000103,0.5999999999999999,0.375,0,0,0.5055764882823673,True,False,False,2,synthetic_2d_kinematics_ideal_odometry
1789808661.3849566,-3.8062692845716617,0.14695054416937556,0.5095349832499991,0.5999999999999999,0.375,0,0,0.5206137926823494,True,False,False,2,synthetic_2d_kinematics_ideal_odometry
1789808661.410126,-3.793129436759662,0.1543739450778693,0.5189673593750044,0.5999999999999999,0.375,0,0,0.5357055944823578,True,False,False,2,synthetic_2d_kinematics_ideal_odometry
1789808661.4350996,-3.7801532779182465,0.16186661783832232,0.5283323716249981,0.5999999999999999,0.375,0,0,0.5506896140823477,True,False,False,2,synthetic_2d_kinematics_ideal_odometry
1789808661.4596412,-3.767456747132483,0.16935594109398977,0.5375453858750134,0.5999999999999999,0.375,0,0,0.5654304368823722,True,False,False,2,synthetic_2d_kinematics_ideal_odometry
1789808661.4850683,-3.7543955205495356,0.17722631026420316,0.5470761410000051,0.5999999999999999,0.375,0,0,0.5806796450823588,True,False,False,2,synthetic_2d_kinematics_ideal_odometry
1789808661.5104635,-3.7414377074691076,0.18520349901297967,0.5565864245000043,0.5999999999999999,0.375,0,0,0.5958960986823576,True,False,False,2,synthetic_2d_kinematics_ideal_odometry
1789808661.5349128,-3.7290389050446264,0.19299702337226998,0.5657394065000005,0.5999999999999999,0.375,0,0,0.6105408698823516,True,False,False,2,synthetic_2d_kinematics_ideal_odometry
1789808661.5598998,-3.716378992788015,0.2011194880789415,0.575140366625007,0.5999999999999999,0.375,0,0,0.6255824060823619,True,False,False,2,synthetic_2d_kinematics_ideal_odometry
1789808661.5852506,-3.7036523449503513,0.20945567055944944,0.5846489873750045,0.5999999999999999,0.375,0,0,0.6407961992823578,True,False,False,2,synthetic_2d_kinematics_ideal_odometry
1789808661.6097295,-3.6914323360388672,0.21759714586873882,0.5907672126250105,0.5999999999999999,0.25,0,0,0.6554799398823724,True,False,False,2,synthetic_2d_kinematics_ideal_odometry
1789808661.6347322,-3.6789995181159076,0.22599188379828952,0.5970178596250122,0.5999999999999999,0.25,0,0,0.6704814926823762,True,False,False,2,synthetic_2d_kinematics_ideal_odometry
1789808661.6600246,-3.6664873386288557,0.23455517055153446,0.603335335875002,0.5999999999999999,0.25,0,0,0.6856434356823516,True,False,False,2,synthetic_2d_kinematics_ideal_odometry
1789808661.6850555,-3.654144571972187,0.24311697454890385,0.609594334625001,0.5999999999999999,0.25,0,0,0.7006650326823495,True,False,False,2,synthetic_2d_kinematics_ideal_odometry
1789808661.7096488,-3.642063170980613,0.25160901379283396,0.6157474021250097,0.5999999999999999,0.25,0,0,0.7154323946823701,True,False,False,2,synthetic_2d_kinematics_ideal_odometry
1789808661.7347455,-3.6298003905150793,0.2603428772967022,0.6220203621249994,0.5999999999999999,0.25,0,0,0.7304874986823455,True,False,False,2,synthetic_2d_kinematics_ideal_odometry
1789808661.7598102,-3.6176056814430666,0.2691440164414718,0.6282866046250036,0.5999999999999999,0.25,0,0,0.7455264806823555,True,False,False,2,synthetic_2d_kinematics_ideal_odometry
1789808661.7850347,-3.605412494897074,0.2780610502635864,0.6345807168750072,0.5999999999999999,0.25,0,0,0.7606323500823641,True,False,False,2,synthetic_2d_kinematics_ideal_odometry
1789808661.811311,-3.592722557385437,0.2874673484109835,0.6411623748750089,0.5999999999999999,0.25,0,0,0.7764283292823684,True,False,False,2,synthetic_2d_kinematics_ideal_odometry
1789808661.8349164,-3.581404313558922,0.2959668252522196,0.6470599931250122,0.5999999999999999,0.25,0,0,0.790582613082376,True,False,False,2,synthetic_2d_kinematics_ideal_odometry
1789808661.8600104,-3.570127902062297,0.3045426892555154,0.6533318266250066,0.5647058823529411,0.25,0,0,0.8047495781647158,True,False,False,2,synthetic_2d_kinematics_ideal_odometry
1789808661.8850784,-3.55891292895213,0.31318334574597545,0.6595994973750126,0.5647058823529411,0.25,0,0,0.8189071403294353,True,False,False,2,synthetic_2d_kinematics_ideal_odometry
1789808661.9101286,-3.547764822686242,0.3218843122790886,0.6658601366249999,0.5647058823529411,0.25,0,0,0.8330488195764656,True,False,False,2,synthetic_2d_kinematics_ideal_odometry
1789808661.9348063,-3.536132774373757,0.33105077929203924,0.6689455010000034,0.5999999999999999,0.125,0,0,0.8478585685764826,True,False,False,2,synthetic_2d_kinematics_ideal_odometry
1789808661.96002,-3.524280750567548,0.3404506540445886,0.6720969730000024,0.5999999999999999,0.125,0,0,0.8629856341764776,True,False,False,2,synthetic_2d_kinematics_ideal_odometry
1789808661.9849486,-3.5125858414269544,0.3497857848958564,0.6752144331249996,0.5999999999999999,0.125,0,0,0.8779494427764643,True,False,False,2,synthetic_2d_kinematics_ideal_odometry
1789808662.0099516,-3.5015914284680187,0.35861805589876816,0.678336124375001,0.5647058823529411,0.125,0,0,0.8920521420705884,True,False,False,2,synthetic_2d_kinematics_ideal_odometry
1789808662.0346687,-3.490717347862898,0.3674094144749287,0.681431393500006,0.5647058823529411,0.125,0,0,0.9060354755294348,True,False,False,2,synthetic_2d_kinematics_ideal_odometry
1789808662.059823,-3.4790280738862487,0.3769508564406617,0.6877184812500021,0.5999999999999999,0.25,0,0,0.9211244861294252,True,False,False,2,synthetic_2d_kinematics_ideal_odometry
1789808662.0849574,-3.4674281527268214,0.38654135878967844,0.693989776999999,0.5999999999999999,0.25,0,0,0.9361755959294176,True,False,False,2,synthetic_2d_kinematics_ideal_odometry
1789808662.1098096,-3.4559705958207263,0.3961353245130183,0.7002163970000057,0.5999999999999999,0.25,0,0,0.9511194839294337,True,False,False,2,synthetic_2d_kinematics_ideal_odometry
1789808662.1347704,-3.4445346342957004,0.4058024781389375,0.7033360805000016,0.5999999999999999,0.125,0,0,0.9660939647294146,True,False,False,2,synthetic_2d_kinematics_ideal_odometry
1789808662.1598663,-3.4330650769738527,0.41555971656302454,0.706473240500003,0.5999999999999999,0.125,0,0,0.9811523327294215,True,False,False,2,synthetic_2d_kinematics_ideal_odometry
1789808662.1847742,-3.4217120702300927,0.4252791287656618,0.7095868150000016,0.5999999999999999,0.125,0,0,0.9960974903294146,True,False,False,2,synthetic_2d_kinematics_ideal_odometry
1789808662.210005,-3.410926410626141,0.4345715352207412,0.7127381340000057,0.5647058823529411,0.125,0,0,1.010334037341198,True,False,False,2,synthetic_2d_kinematics_ideal_odometry
1789808662.234878,-3.4003124780243783,0.44377403574943863,0.7158476801250019,0.5647058823529411,0.125,0,0,1.024381869247063,True,False,False,2,synthetic_2d_kinematics_ideal_odometry
1789808662.2599425,-3.388968148305567,0.4536407441937213,0.7158476801250019,0.5999999999999999,0.0,0,0,1.0394166872470783,True,False,False,2,synthetic_2d_kinematics_ideal_odometry
1789808662.2849839,-3.3776306678228902,0.46350149552835723,0.7158476801250019,0.5999999999999999,0.0,0,0,1.054442427847082,True,False,False,2,synthetic_2d_kinematics_ideal_odometry
1789808662.3098452,-3.3663746723796115,0.4732913754103608,0.7158476801250019,0.5999999999999999,0.0,0,0,1.0693601750470842,True,False,False,2,synthetic_2d_kinematics_ideal_odometry
1789808662.3349917,-3.355006730332036,0.4832100430347055,0.7189907533749961,0.5999999999999999,0.125,0,0,1.0844469266470562,True,False,False,2,synthetic_2d_kinematics_ideal_odometry
1789808662.3598013,-3.343813306424743,0.49303818260499205,0.7220940464999971,0.5999999999999999,0.125,0,0,1.0993427336470611,True,False,False,2,synthetic_2d_kinematics_ideal_odometry
1789808662.385575,-3.3322545699417887,0.5032519084445572,0.725307547374996,0.5999999999999999,0.125,0,0,1.1147675378470558,True,False,False,2,synthetic_2d_kinematics_ideal_odometry
1789808662.4099207,-3.3213241362503085,0.5129715451308596,0.7283548147499986,0.5999999999999999,0.125,0,0,1.1293944212470683,True,False,False,2,synthetic_2d_kinematics_ideal_odometry
1789808662.4347835,-3.310189605225462,0.5229342510189163,0.7314675217499983,0.5999999999999999,0.125,0,0,1.1443354148470666,True,False,False,2,synthetic_2d_kinematics_ideal_odometry
1789808662.459705,-3.299063702968353,0.5329204584976825,0.7314675217499983,0.5999999999999999,0.0,0,0,1.15928566704707,True,False,False,2,synthetic_2d_kinematics_ideal_odometry
1789808662.4848022,-3.287855669272326,0.5429803841855985,0.7314675217499983,0.5999999999999999,0.0,0,0,1.1743462820470516,True,False,False,2,synthetic_2d_kinematics_ideal_odometry
1789808662.5098734,-3.2766711161177944,0.5530192345886819,0.7314675217499983,0.5999999999999999,0.0,0,0,1.1893753454470786,True,False,False,2,synthetic_2d_kinematics_ideal_odometry
1789808662.5347407,-3.2655596260890163,0.5629925061725412,0.7314675217499983,0.5999999999999999,0.0,0,0,1.2043062314470805,True,False,False,2,synthetic_2d_kinematics_ideal_odometry
1789808662.5598304,-3.2543546220106414,0.5730497125852236,0.7314675217499983,0.5999999999999999,0.0,0,0,1.2193627754470726,True,False,False,2,synthetic_2d_kinematics_ideal_odometry
1789808662.584893,-3.2431697835317865,0.5830888190851002,0.7314675217499983,0.5999999999999999,0.0,0,0,1.2343922222470696,True,False,False,2,synthetic_2d_kinematics_ideal_odometry
1789808662.6100576,-3.2319540740776693,0.5931875165454907,0.7346117392499992,0.5999999999999999,0.125,0,0,1.249484466247074,True,False,False,2,synthetic_2d_kinematics_ideal_odometry
1789808662.6348765,-3.2209175004215336,0.6031875156796903,0.7377144789999975,0.5999999999999999,0.125,0,0,1.2643776170470662,True,False,False,2,synthetic_2d_kinematics_ideal_odometry
1789808662.6600056,-3.21043044740348,0.6127493968447661,0.740855898249997,0.5647058823529411,0.125,0,0,1.278569440482358,True,False,False,2,synthetic_2d_kinematics_ideal_odometry
1789808662.6849928,-3.200033655690089,0.6222887911562488,0.7439792151249948,0.5647058823529411,0.125,0,0,1.2926794837764657,True,False,False,2,synthetic_2d_kinematics_ideal_odometry
1789808662.710035,-3.189643478048679,0.6318821281704873,0.7471095411249992,0.5647058823529411,0.125,0,0,1.3068211918235444,True,False,False,2,synthetic_2d_kinematics_ideal_odometry
1789808662.7350917,-3.1786116427382707,0.6420999457217796,0.7471095411249992,0.5999999999999999,0.0,0,0,1.3218579862235311,True,False,False,2,synthetic_2d_kinematics_ideal_odometry
1789808662.7598765,-3.1677026830791357,0.6522039543780984,0.7471095411249992,0.5999999999999999,0.0,0,0,1.3367272966235328,True,False,False,2,synthetic_2d_kinematics_ideal_odometry
1789808662.7848694,-3.1566987749735094,0.662395905418955,0.7471095411249992,0.5999999999999999,0.0,0,0,1.351726025223527,True,False,False,2,synthetic_2d_kinematics_ideal_odometry
1789808662.814418,-3.143689301087476,0.6744454354260224,0.7471095411249992,0.5999999999999999,0.0,0,0,1.3694584132235286,True,False,False,2,synthetic_2d_kinematics_ideal_odometry
1789808662.8349206,-3.1352001131839216,0.6823082225975567,0.7471095411249992,0.5647058823529411,0.0,0,0,1.3810294863529622,True,False,False,2,synthetic_2d_kinematics_ideal_odometry
1789808662.8600402,-3.1241592488738164,0.6925666523562869,0.7502493398749978,0.5999999999999999,0.125,0,0,1.3961005203529555,True,False,False,2,synthetic_2d_kinematics_ideal_odometry
1789808662.8848934,-3.113264201998009,0.7027531937301732,0.7533567044999928,0.5999999999999999,0.125,0,0,1.4110158705529319,True,False,False,2,synthetic_2d_kinematics_ideal_odometry
1789808662.910044,-3.102274311024479,0.713092975820299,0.7565003212499947,0.5999999999999999,0.125,0,0,1.426105230952941,True,False,False,2,synthetic_2d_kinematics_ideal_odometry
1789808662.9349194,-3.091421686140359,0.7233358174920806,0.7565003212499947,0.5999999999999999,0.0,0,0,1.441028208952945,True,False,False,2,synthetic_2d_kinematics_ideal_odometry
1789808662.960101,-3.0804491142300674,0.7336918666515623,0.7565003212499947,0.5999999999999999,0.0,0,0,1.4561161209529576,True,False,False,2,synthetic_2d_kinematics_ideal_odometry
1789808662.9847863,-3.069654802564242,0.7438796715862652,0.7565003212499947,0.5999999999999999,0.0,0,0,1.4709589149529607,True,False,False,2,synthetic_2d_kinematics_ideal_odometry
1789808663.009846,-3.058719265481878,0.7542007668168257,0.7565003212499947,0.5999999999999999,0.0,0,0,1.4859959019529572,True,False,False,2,synthetic_2d_kinematics_ideal_odometry
1789808663.0347137,-3.0478694275367557,0.7644409781410916,0.7565003212499947,0.5999999999999999,0.0,0,0,1.5009150477529363,True,False,False,2,synthetic_2d_kinematics_ideal_odometry
1789808663.0597384,-3.0369670174641836,0.7747630941047338,0.7596281576249951,0.5999999999999999,0.125,0,0,1.5159286623529384,True,False,False,2,synthetic_2d_kinematics_ideal_odometry
1789808663.0848851,-3.0260427528284337,0.7851710548241627,0.7627716115,0.5999999999999999,0.125,0,0,1.5310172409529614,True,False,False,2,synthetic_2d_kinematics_ideal_odometry
1789808663.10982,-3.01524220607261,0.7955258358368443,0.7658887773749968,0.5999999999999999,0.125,0,0,1.5459796371529466,True,False,False,2,synthetic_2d_kinematics_ideal_odometry
1789808663.134823,-3.0044291992316143,0.8059249546185518,0.7658887773749968,0.5999999999999999,0.0,0,0,1.5609817299529354,True,False,False,2,synthetic_2d_kinematics_ideal_odometry
1789808663.1598337,-2.9936156141916768,0.8163246294675555,0.7658887773749968,0.5999999999999999,0.0,0,0,1.5759846249529332,True,False,False,2,synthetic_2d_kinematics_ideal_odometry
1789808663.1847744,-2.98282654963014,0.8267007224053273,0.7658887773749968,0.5999999999999999,0.0,0,0,1.5909534999529555,True,False,False,2,synthetic_2d_kinematics_ideal_odometry
1789808663.2098856,-2.9719745115500116,0.8371373784324934,0.7658887773749968,0.5999999999999999,0.0,0,0,1.606009745152936,True,False,False,2,synthetic_2d_kinematics_ideal_odometry
1789808663.2348835,-2.961165095856309,0.8475330435247866,0.7658887773749968,0.5999999999999999,0.0,0,0,1.6210068555529562,True,False,False,2,synthetic_2d_kinematics_ideal_odometry
1789808663.2599053,-2.9509924199278648,0.8573163412571652,0.7658887773749968,0.5647058823529411,0.0,0,0,1.635120545717669,True,False,False,2,synthetic_2d_kinematics_ideal_odometry
1789808663.2849448,-2.9407887017199137,0.8671294930677477,0.7658887773749968,0.5647058823529411,0.0,0,0,1.6492773043058773,True,False,False,2,synthetic_2d_kinematics_ideal_odometry
1789808663.309774,-2.9306819990302713,0.8768493428104225,0.7658887773749968,0.5647058823529411,0.0,0,0,1.6632994624235495,True,False,False,2,synthetic_2d_kinematics_ideal_odometry
1789808663.3348377,-2.9198622674118537,0.8872875943612369,0.7690208782499967,0.5999999999999999,0.125,0,0,1.6783335466235487,True,False,False,2,synthetic_2d_kinematics_ideal_odometry
1789808663.3599927,-2.9090320006116985,0.8978018339045343,0.7721655656249952,0.5999999999999999,0.125,0,0,1.6934280460235414,True,False,False,2,synthetic_2d_kinematics_ideal_odometry
1789808663.38496,-2.89831270234904,0.9082737849690987,0.7752875441249928,0.5999999999999999,0.125,0,0,1.7084135428235299,True,False,False,2,synthetic_2d_kinematics_ideal_odometry
1789808663.4099839,-2.8875937165091345,0.9187781819534565,0.7752875441249928,0.5999999999999999,0.0,0,0,1.723421507823525,True,False,False,2,synthetic_2d_kinematics_ideal_odometry
1789808663.4348443,-2.8769370756302353,0.9292214820924445,0.7752875441249928,0.5999999999999999,0.0,0,0,1.7383421818235432,True,False,False,2,synthetic_2d_kinematics_ideal_odometry
1789808663.4599206,-2.8668213843109194,0.9391346622175386,0.7752875441249928,0.5647058823529411,0.0,0,0,1.7525054565529354,True,False,False,2,synthetic_2d_kinematics_ideal_odometry
1789808663.4848104,-2.856777933988962,0.9489770475747198,0.7752875441249928,0.5647058823529411,0.0,0,0,1.7665675845529532,True,False,False,2,synthetic_2d_kinematics_ideal_odometry
1789808663.509805,-2.846699598550124,0.9588536196657979,0.7752875441249928,0.5647058823529411,0.0,0,0,1.780678556223536,True,False,False,2,synthetic_2d_kinematics_ideal_odometry
1789808663.534723,-2.836657543729647,0.9686946374587562,0.7752875441249928,0.5647058823529411,0.0,0,0,1.7947387303411917,True,False,False,2,synthetic_2d_kinematics_ideal_odometry
1789808663.5597985,-2.826533131332765,0.9786163640697073,0.7752875441249928,0.5647058823529411,0.0,0,0,1.8089142157058835,True,False,False,2,synthetic_2d_kinematics_ideal_odometry
1789808663.584815,-2.816443983177444,0.9885035324119719,0.7752875441249928,0.5647058823529411,0.0,0,0,1.823040326576477,True,False,False,2,synthetic_2d_kinematics_ideal_odometry
1789808663.6097586,-2.8057693894755062,0.9989971046791055,0.77840602349999,0.5999999999999999,0.125,0,0,1.8380090275764638,True,False,False,2,synthetic_2d_kinematics_ideal_odometry
1789808663.6347568,-2.795107635065473,1.0095436971726264,0.7815303541249962,0.5999999999999999,0.125,0,0,1.8530058145764934,True,False,False,2,synthetic_2d_kinematics_ideal_odometry
1789808663.6597269,-2.7844710771684875,1.0200982913264904,0.7815303541249962,0.5999999999999999,0.0,0,0,1.8679903339764843,True,False,False,2,synthetic_2d_kinematics_ideal_odometry
1789808663.6847835,-2.7738007869921004,1.0306863578237968,0.7815303541249962,0.5999999999999999,0.0,0,0,1.8830223745764723,True,False,False,2,synthetic_2d_kinematics_ideal_odometry
1789808663.7097948,-2.7631484166366063,1.0412566425877017,0.7815303541249962,0.5999999999999999,0.0,0,0,1.898029170176488,True,False,False,2,synthetic_2d_kinematics_ideal_odometry
1789808663.7348566,-2.753110078868835,1.0512176264082536,0.7815303541249962,0.5647058823529411,0.0,0,0,1.9121709318706037,True,False,False,2,synthetic_2d_kinematics_ideal_odometry
1789808663.7602983,-2.74291826971949,1.0613308989825951,0.7815303541249962,0.5647058823529411,0.0,0,0,1.92652890024707,True,False,False,2,synthetic_2d_kinematics_ideal_odometry
1789808663.7849193,-2.7330398990883076,1.0711331483496702,0.7815303541249962,0.5647058823529411,0.0,0,0,1.9404453042000074,True,False,False,2,synthetic_2d_kinematics_ideal_odometry
1789808663.848,-2.7129974584464716,1.0910211449060987,0.7815303541249962,0.5647058823529411,0.0,0,0,1.9686805983176543,True,False,False,2,synthetic_2d_kinematics_ideal_odometry
1789808663.8597496,-2.7085715411457065,1.0954129567422737,0.7815303541249962,0.5294117647058822,0.0,0,0,1.9749157210235502,True,False,False,2,synthetic_2d_kinematics_ideal_odometry
1789808663.88503,-2.699075965021687,1.1048353613600825,0.7815303541249962,0.5294117647058822,0.0,0,0,1.988292853552936,True,False,False,2,synthetic_2d_kinematics_ideal_odometry
1789808663.9099102,-2.689723476516201,1.1141157809713989,0.7815303541249962,0.5294117647058822,0.0,0,0,2.001468407788237,True,False,False,2,synthetic_2d_kinematics_ideal_odometry
1789808663.934887,-2.6790878079022957,1.1246694926948668,0.7815303541249962,0.5999999999999999,0.0,0,0,2.0164516743882435,True,False,False,2,synthetic_2d_kinematics_ideal_odometry
1789808663.9601054,-2.668351962911056,1.1353226088513109,0.7815303541249962,0.5999999999999999,0.0,0,0,2.031576066988233,True,False,False,2,synthetic_2d_kinematics_ideal_odometry
1789808663.9849062,-2.657781409155383,1.145811707482021,0.7815303541249962,0.5999999999999999,0.0,0,0,2.046467601388232,True,False,False,2,synthetic_2d_kinematics_ideal_odometry
1789808664.0098395,-2.6477864813097822,1.1557296158908468,0.7815303541249962,0.5647058823529411,0.0,0,0,2.06054820825884,True,False,False,2,synthetic_2d_kinematics_ideal_odometry
1789808664.0349443,-2.637727617276847,1.165710967804197,0.7815303541249962,0.5647058823529411,0.0,0,0,2.074718886847081,True,False,False,2,synthetic_2d_kinematics_ideal_odometry
1789808664.0597029,-2.6271957279567064,1.1761941042308899,0.7846261681249943,0.5999999999999999,0.125,0,0,2.089578794047072,True,False,False,2,synthetic_2d_kinematics_ideal_odometry
1789808664.0849626,-2.616488645740873,1.186918472644173,0.7877833199999956,0.5999999999999999,0.125,0,0,2.1047331230470787,True,False,False,2,synthetic_2d_kinematics_ideal_odometry
1789808664.109772,-2.6060011295177476,1.1974888781405033,0.790885468874997,0.5999999999999999,0.125,0,0,2.1196234376470855,True,False,False,2,synthetic_2d_kinematics_ideal_odometry
1789808664.13474,-2.595478703511362,1.2081606931165245,0.7940077529999955,0.5999999999999999,0.125,0,0,2.134610401447078,True,False,False,2,synthetic_2d_kinematics_ideal_odometry
1789808664.1598263,-2.5849460030258737,1.2189099930673146,0.7971430501249942,0.5999999999999999,0.125,0,0,2.149659827647072,True,False,False,2,synthetic_2d_kinematics_ideal_odometry
1789808664.184765,-2.5745070276376376,1.2296304813930945,0.8002604093749924,0.5999999999999999,0.125,0,0,2.1646231520470636,True,False,False,2,synthetic_2d_kinematics_ideal_odometry
1789808664.2097673,-2.5646707634109083,1.239763556710297,0.8002604093749924,0.5647058823529411,0.0,0,0,2.1787451671059044,True,False,False,2,synthetic_2d_kinematics_ideal_odometry
1789808664.2347953,-2.554829542060407,1.2499017387333968,0.8002604093749924,0.5647058823529411,0.0,0,0,2.1928742991529577,True,False,False,2,synthetic_2d_kinematics_ideal_odometry
1789808664.2597215,-2.545637716586383,1.259370929239459,0.8002604093749924,0.5294117647058822,0.0,0,0,2.2060710875647276,True,False,False,2,synthetic_2d_kinematics_ideal_odometry
1789808664.2847908,-2.5363926368412555,1.2688949809740948,0.8002604093749924,0.5294117647058822,0.0,0,0,2.2193443336235403,True,False,False,2,synthetic_2d_kinematics_ideal_odometry
1789808664.309702,-2.5272055792506745,1.27835925972495,0.8002604093749924,0.5294117647058822,0.0,0,0,2.232534276741179,True,False,False,2,synthetic_2d_kinematics_ideal_odometry
1789808664.3347821,-2.5167273821449108,1.2891536383644202,0.8002604093749924,0.5999999999999999,0.0,0,0,2.247577920741204,True,False,False,2,synthetic_2d_kinematics_ideal_odometry
1789808664.3597205,-2.5063014829557186,1.2998941409880236,0.8002604093749924,0.5999999999999999,0.0,0,0,2.262546480141187,True,False,False,2,synthetic_2d_kinematics_ideal_odometry
1789808664.384736,-2.4958483797895834,1.3106626684736007,0.8002604093749924,0.5999999999999999,0.0,0,0,2.2775540965411856,True,False,False,2,synthetic_2d_kinematics_ideal_odometry
1789808664.409752,-2.485411428928141,1.3214482443493525,0.8033872046249898,0.5999999999999999,0.125,0,0,2.292562713741173,True,False,False,2,synthetic_2d_kinematics_ideal_odometry
1789808664.435037,-2.4749025259124604,1.3323766946311255,0.8065458297499931,0.5999999999999999,0.125,0,0,2.3077241143411893,True,False,False,2,synthetic_2d_kinematics_ideal_odometry
1789808664.4601367,-2.465097924908532,1.3426050081950667,0.8065458297499931,0.5647058823529411,0.0,0,0,2.3218926922235505,True,False,False,2,synthetic_2d_kinematics_ideal_odometry
1789808664.485061,-2.455362088845945,1.3527615850935424,0.8065458297499931,0.5647058823529411,0.0,0,0,2.33596189824707,True,False,False,2,synthetic_2d_kinematics_ideal_odometry
1789808664.5099778,-2.4456162294230035,1.362928618518768,0.8065458297499931,0.5647058823529411,0.0,0,0,2.35004558897647,True,False,False,2,synthetic_2d_kinematics_ideal_odometry
1789808664.5351062,-2.4351904401617666,1.3738049654167988,0.8065458297499931,0.5999999999999999,0.0,0,0,2.3651118427764706,True,False,False,2,synthetic_2d_kinematics_ideal_odometry
1789808664.560004,-2.4248482833379033,1.3845940656442883,0.8065458297499931,0.5999999999999999,0.0,0,0,2.38005723977649,True,False,False,2,synthetic_2d_kinematics_ideal_odometry
1789808664.5849204,-2.4145136889245116,1.395375276646549,0.8065458297499931,0.5999999999999999,0.0,0,0,2.394991708376496,True,False,False,2,synthetic_2d_kinematics_ideal_odometry
1789808664.6100185,-2.404082835082037,1.4062569069951707,0.8065458297499931,0.5999999999999999,0.0,0,0,2.410065280976484,True,False,False,2,synthetic_2d_kinematics_ideal_odometry
1789808664.6350353,-2.393697958984558,1.4170905726389982,0.8065458297499931,0.5999999999999999,0.0,0,0,2.425072411376472,True,False,False,2,synthetic_2d_kinematics_ideal_odometry
1789808664.6601088,-2.383288819565294,1.4279495501607102,0.8065458297499931,0.5999999999999999,0.0,0,0,2.440114604576492,True,False,False,2,synthetic_2d_kinematics_ideal_odometry
1789808664.6849654,-2.3729638016863093,1.4387207707720582,0.8065458297499931,0.5999999999999999,0.0,0,0,2.455035234176468,True,False,False,2,synthetic_2d_kinematics_ideal_odometry
1789808664.7098324,-2.3626368792955486,1.4494939781999652,0.8065458297499931,0.5999999999999999,0.0,0,0,2.4699586159764992,True,False,False,2,synthetic_2d_kinematics_ideal_odometry
1789808664.7349086,-2.3528409894319493,1.4597132041656709,0.8065458297499931,0.5647058823529411,0.0,0,0,2.4841146054353085,True,False,False,2,synthetic_2d_kinematics_ideal_odometry
1789808664.759843,-2.3430917849811363,1.4698837271764424,0.8065458297499931,0.5647058823529411,0.0,0,0,2.4982031300470764,True,False,False,2,synthetic_2d_kinematics_ideal_odometry
1789808664.7848496,-2.333334351214699,1.4800628351383602,0.8065458297499931,0.5647058823529411,0.0,0,0,2.5123035468000237,True,False,False,2,synthetic_2d_kinematics_ideal_odometry
1789808664.809729,-2.3235926261836624,1.4902255555010977,0.8065458297499931,0.5647058823529411,0.0,0,0,2.5263812629411997,True,False,False,2,synthetic_2d_kinematics_ideal_odometry
1789808664.8347158,-2.313830884912322,1.5004091571196982,0.8065458297499931,0.5647058823529411,0.0,0,0,2.540487904447063,True,False,False,2,synthetic_2d_kinematics_ideal_odometry
1789808664.8597617,-2.3046618727841883,1.509974414398455,0.8065458297499931,0.5294117647058822,0.0,0,0,2.5537379961529596,True,False,False,2,synthetic_2d_kinematics_ideal_odometry
1789808664.8849251,-2.2954413704047987,1.5195933871150067,0.8065458297499931,0.5294117647058822,0.0,0,0,2.567062496152963,True,False,False,2,synthetic_2d_kinematics_ideal_odometry
1789808664.9099529,-2.2862719109622525,1.5291591110391753,0.8065458297499931,0.5294117647058822,0.0,0,0,2.5803132342705895,True,False,False,2,synthetic_2d_kinematics_ideal_odometry
1789808664.9348793,-2.2759370591262864,1.5399405905887034,0.8065458297499931,0.5999999999999999,0.0,0,0,2.595248074870618,True,False,False,2,synthetic_2d_kinematics_ideal_odometry
1789808664.9599805,-2.2655046802627576,1.5508238118632103,0.8065458297499931,0.5999999999999999,0.0,0,0,2.610323851270594,True,False,False,2,synthetic_2d_kinematics_ideal_odometry
1789808664.9850159,-2.2551068462610053,1.5616709953960355,0.8065458297499931,0.5999999999999999,0.0,0,0,2.6253497070706073,True,False,False,2,synthetic_2d_kinematics_ideal_odometry
1789808665.0101042,-2.244674186095212,1.5725204073906953,0.803410083374992,0.5999999999999999,-0.125,0,0,2.640401289670613,True,False,False,2,synthetic_2d_kinematics_ideal_odometry
1789808665.034978,-2.2342970618215885,1.583244840486883,0.8003011093749922,0.5999999999999999,-0.125,0,0,2.655324364870612,True,False,False,2,synthetic_2d_kinematics_ideal_odometry
1789808665.059692,-2.224554513142151,1.5932511958781628,0.7972097147499969,0.5647058823529411,-0.125,0,0,2.6692901947058854,True,False,False,2,synthetic_2d_kinematics_ideal_odometry
1789808665.0847876,-2.2146365794712843,1.6033744190556802,0.7940726876249972,0.5647058823529411,-0.125,0,0,2.68346217607059,True,False,False,2,synthetic_2d_kinematics_ideal_odometry
1789808665.109818,-2.204712870117459,1.6134402583402194,0.7909438237499916,0.5647058823529411,-0.125,0,0,2.6975972787529683,True,False,False,2,synthetic_2d_kinematics_ideal_odometry
1789808665.1348565,-2.194135763440376,1.6241019226337843,0.7878150324999925,0.5999999999999999,-0.125,0,0,2.7126154767529638,True,False,False,2,synthetic_2d_kinematics_ideal_odometry
1789808665.1598234,-2.183550096661426,1.634705730072546,0.784693526999995,0.5999999999999999,-0.125,0,0,2.7275987031529523,True,False,False,2,synthetic_2d_kinematics_ideal_odometry
1789808665.184699,-2.172970326051256,1.6452377947384176,0.7815834519999928,0.5999999999999999,-0.125,0,0,2.742527063152963,True,False,False,2,synthetic_2d_kinematics_ideal_odometry
1789808665.2098255,-2.163517986342565,1.6545888881700042,0.7784440648749968,0.5294117647058822,-0.125,0,0,2.7558232909764757,True,False,False,2,synthetic_2d_kinematics_ideal_odometry
1789808665.2348783,-2.154065599525535,1.6638815826197153,0.775314351874997,0.5294117647058822,-0.125,0,0,2.7690785460352987,True,False,False,2,synthetic_2d_kinematics_ideal_odometry
1789808665.2599287,-2.1432964823658103,1.6743697560071797,0.7690508156249938,0.5999999999999999,-0.25,0,0,2.7841110330353063,True,False,False,2,synthetic_2d_kinematics_ideal_odometry
1789808665.2850664,-2.1324334196331485,1.6848174761432324,0.7627708736249876,0.5999999999999999,-0.25,0,0,2.7991828938353214,True,False,False,2,synthetic_2d_kinematics_ideal_odometry
1789808665.3972368,-2.1106165657174585,1.7054093406829345,0.7502708736249877,0.5999999999999999,-0.25,0,0,2.829182893835321,True,False,False,2,synthetic_2d_kinematics_ideal_odometry
1789808665.409775,-2.1060755230295185,1.7096354042400943,0.7487015914999835,0.4941176470588234,-0.125,0,0,2.8353861737647494,True,False,False,2,synthetic_2d_kinematics_ideal_odometry
1789808665.4348023,-2.0970050560229536,1.718037054108899,0.7455738696249872,0.4941176470588234,-0.125,0,0,2.84774987435297,True,False,False,2,synthetic_2d_kinematics_ideal_odometry
1789808665.4598234,-2.0879106359647785,1.72640820041824,0.7424469307499881,0.4941176470588234,-0.125,0,0,2.8601104797882604,True,False,False,2,synthetic_2d_kinematics_ideal_odometry
1789808665.4851806,-2.0786682467768616,1.734861960278903,0.7392782808749876,0.4941176470588234,-0.125,0,0,2.8726359663529686,True,False,False,2,synthetic_2d_kinematics_ideal_odometry
1789808665.5100253,-2.069582610758707,1.7431201395815887,0.7361722698749877,0.4941176470588234,-0.125,0,0,2.8849138451294385,True,False,False,2,synthetic_2d_kinematics_ideal_odometry
1789808665.5355282,-2.0582540775448557,1.7533195405412056,0.729820823124985,0.5999999999999999,-0.25,0,0,2.900157317329445,True,False,False,2,synthetic_2d_kinematics_ideal_odometry
1789808665.5598829,-2.0472844742061778,1.7630726651954511,0.7237048201249825,0.5999999999999999,-0.25,0,0,2.9148357245294507,True,False,False,2,synthetic_2d_kinematics_ideal_odometry
1789808665.5847425,-2.0360717102398387,1.7729188506409062,0.7174872173749838,0.5999999999999999,-0.25,0,0,2.929757971129448,True,False,False,2,synthetic_2d_kinematics_ideal_odometry
1789808665.6098049,-2.0253956270682623,1.782205730345256,0.7143550372499836,0.5647058823529411,-0.125,0,0,2.9439080554588606,True,False,False,2,synthetic_2d_kinematics_ideal_odometry
1789808665.6347845,-2.0147253853520875,1.7914290726178566,0.711233047999986,0.5647058823529411,-0.125,0,0,2.958012101011791,True,False,False,2,synthetic_2d_kinematics_ideal_odometry
1789808665.6598485,-2.003299485441353,1.801212260941955,0.7049655452499796,0.5999999999999999,-0.25,0,0,2.973054107611806,True,False,False,2,synthetic_2d_kinematics_ideal_odometry
1789808665.6849594,-1.9918028056574903,1.8109317846783772,0.6986927702499802,0.5999999999999999,-0.25,0,0,2.9881087676118043,True,False,False,2,synthetic_2d_kinematics_ideal_odometry
1789808665.7098415,-1.980338553318323,1.8205017218577426,0.6924704317499849,0.5999999999999999,-0.25,0,0,3.0030423800117934,True,False,False,2,synthetic_2d_kinematics_ideal_odometry
1789808665.735457,-1.9699780258121566,1.829068037064172,0.689296319499984,0.5294117647058822,-0.125,0,0,3.0164856789529737,True,False,False,2,synthetic_2d_kinematics_ideal_odometry
1789808665.7599313,-1.9598753666462878,1.8373680289089078,0.6862091851249833,0.5294117647058822,-0.125,0,0,3.0295606010118004,True,False,False,2,synthetic_2d_kinematics_ideal_odometry
1789808665.7849133,-1.9496313467314024,1.8457310204440545,0.6830868036249843,0.5294117647058822,-0.125,0,0,3.042784805011796,True,False,False,2,synthetic_2d_kinematics_ideal_odometry
1789808665.8096828,-1.938071985876332,1.8550784332295567,0.6768927071249738,0.5999999999999999,-0.25,0,0,3.0576506366118212,True,False,False,2,synthetic_2d_kinematics_ideal_odometry
1789808665.8348389,-1.9262790510249252,1.8644936094822302,0.670605058624982,0.5999999999999999,-0.25,0,0,3.0727409930118017,True,False,False,2,synthetic_2d_kinematics_ideal_odometry
1789808665.8597755,-1.9145216106113776,1.8737604797328835,0.6643674001249839,0.5999999999999999,-0.25,0,0,3.087711373411797,True,False,False,2,synthetic_2d_kinematics_ideal_odometry
1789808665.8847518,-1.902694969248403,1.88296281980438,0.6581236183749827,0.5999999999999999,-0.25,0,0,3.1026964496118,True,False,False,2,synthetic_2d_kinematics_ideal_odometry
1789808665.9098918,-1.8907325252009954,1.8921511028219908,0.6518386521249756,0.5999999999999999,-0.25,0,0,3.1177803686118173,True,False,False,2,synthetic_2d_kinematics_ideal_odometry
1789808665.9347792,-1.8788341657780716,1.901172427657664,0.6456171161249774,0.5999999999999999,-0.25,0,0,3.132712055011813,True,False,False,2,synthetic_2d_kinematics_ideal_odometry
1789808665.959875,-1.8667794080761575,1.9101942823122668,0.6393433966249763,0.5999999999999999,-0.25,0,0,3.1477689818118155,True,False,False,2,synthetic_2d_kinematics_ideal_odometry
1789808665.9851968,-1.854574757212312,1.9192089632280362,0.6330213401249797,0.5999999999999999,-0.25,0,0,3.1629419174118074,True,False,False,2,synthetic_2d_kinematics_ideal_odometry
1789808666.0100396,-1.842520945237483,1.9279959820701646,0.6268060743749789,0.5999999999999999,-0.25,0,0,3.1778585552118095,True,False,False,2,synthetic_2d_kinematics_ideal_odometry
1789808666.0351338,-1.8303131142323472,1.9367791319505132,0.6205397781249746,0.5999999999999999,-0.25,0,0,3.1928976662118194,True,False,False,2,synthetic_2d_kinematics_ideal_odometry
1789808666.0598536,-1.8182050651180741,1.945376577995079,0.6143523001249734,0.5999999999999999,-0.25,0,0,3.207747613411822,True,False,False,2,synthetic_2d_kinematics_ideal_odometry
1789808666.0852082,-1.805745579392718,1.954106701676624,0.6080132971249796,0.5999999999999999,-0.25,0,0,3.222961220611807,True,False,False,2,synthetic_2d_kinematics_ideal_odometry
1789808666.1101334,-1.793453186949062,1.9626051011957468,0.6017865946249785,0.5999999999999999,-0.25,0,0,3.2379053066118093,True,False,False,2,synthetic_2d_kinematics_ideal_odometry
1789808666.1349466,-1.7811456239400294,1.971001378153601,0.595578770624978,0.5999999999999999,-0.25,0,0,3.2528040842118107,True,False,False,2,synthetic_2d_kinematics_ideal_odometry
1789808666.1599786,-1.7686863310058651,1.9793878477418918,0.5893209026249864,0.5999999999999999,-0.25,0,0,3.2678229674117905,True,False,False,2,synthetic_2d_kinematics_ideal_odometry
1789808666.184982,-1.756201744160265,1.9876784142277664,0.5830764828749821,0.5999999999999999,-0.25,0,0,3.2828095748118007,True,False,False,2,synthetic_2d_kinematics_ideal_odometry
1789808666.2099063,-1.743700859559175,1.9958679388612324,0.5768495751249774,0.5999999999999999,-0.25,0,0,3.297754153411812,True,False,False,2,synthetic_2d_kinematics_ideal_odometry
1789808666.2347655,-1.7311439945675886,2.0039828187228217,0.5706200791249743,0.5999999999999999,-0.25,0,0,3.3127049438118195,True,False,False,2,synthetic_2d_kinematics_ideal_odometry
1789808666.2600362,-1.718361348092843,2.012130397539514,0.5643040516249826,0.5999999999999999,-0.25,0,0,3.3278634098117994,True,False,False,2,synthetic_2d_kinematics_ideal_odometry
1789808666.284977,-1.7056974524711075,2.0200909909700955,0.5580715023749818,0.5999999999999999,-0.25,0,0,3.342821528011801,True,False,False,2,synthetic_2d_kinematics_ideal_odometry
1789808666.309943,-1.6929680937048428,2.027982410333081,0.5518310781249867,0.5999999999999999,-0.25,0,0,3.3577985462117894,True,False,False,2,synthetic_2d_kinematics_ideal_odometry
1789808666.3349543,-1.680163815495892,2.0358099756925454,0.5455780188749728,0.5999999999999999,-0.25,0,0,3.372805888411823,True,False,False,2,synthetic_2d_kinematics_ideal_odometry
1789808666.3599877,-1.6673031531365219,2.0435619243154806,0.5393212261249787,0.5999999999999999,-0.25,0,0,3.387822191011809,True,False,False,2,synthetic_2d_kinematics_ideal_odometry
1789808666.385069,-1.6543581532444405,2.0512545477550876,0.5330469748749735,0.5999999999999999,-0.25,0,0,3.402880394011821,True,False,False,2,synthetic_2d_kinematics_ideal_odometry
1789808666.4100115,-1.641450701669407,2.0588160377123095,0.5268139641249789,0.5999999999999999,-0.25,0,0,3.417839619811808,True,False,False,2,synthetic_2d_kinematics_ideal_odometry
1789808666.4351203,-1.6285185214936495,2.066284228833726,0.52059159237498,0.5999999999999999,-0.25,0,0,3.4327733120118054,True,False,False,2,synthetic_2d_kinematics_ideal_odometry
1789808666.4602067,-1.6153277915575937,2.0737917827578873,0.5142676036249825,0.5999999999999999,-0.25,0,0,3.4479508850117995,True,False,False,2,synthetic_2d_kinematics_ideal_odometry
1789808666.4852824,-1.6022056751955345,2.081151288303947,0.5079988503749846,0.5999999999999999,-0.25,0,0,3.4629958928117945,True,False,False,2,synthetic_2d_kinematics_ideal_odometry
1789808666.5098164,-1.5893047328014536,2.0882818774492566,0.501857013874978,0.5999999999999999,-0.25,0,0,3.4777363004118103,True,False,False,2,synthetic_2d_kinematics_ideal_odometry
1789808666.53474,-1.5761726389619481,2.095434531470288,0.49562631662497414,0.5999999999999999,-0.25,0,0,3.4926899738118196,True,False,False,2,synthetic_2d_kinematics_ideal_odometry
1789808666.5597754,-1.5629365880542092,2.102536992310718,0.4893674618749728,0.5999999999999999,-0.25,0,0,3.5077112252118225,True,False,False,2,synthetic_2d_kinematics_ideal_odometry
1789808666.5847418,-1.5496926425119057,2.109537430303572,0.48312568637498576,0.5999999999999999,-0.25,0,0,3.5226914864117913,True,False,False,2,synthetic_2d_kinematics_ideal_odometry
1789808666.609792,-1.5363609230819375,2.116477973150069,0.4768631173749853,0.5999999999999999,-0.25,0,0,3.5377216520117925,True,False,False,2,synthetic_2d_kinematics_ideal_odometry
1789808666.6349204,-1.522955812887542,2.1233502460640366,0.4705864366249799,0.5999999999999999,-0.25,0,0,3.5527856858118056,True,False,False,2,synthetic_2d_kinematics_ideal_odometry
1789808666.660125,-1.5094563219581123,2.1301640414433067,0.4642857523749868,0.5999999999999999,-0.25,0,0,3.5679073280117892,True,False,False,2,synthetic_2d_kinematics_ideal_odometry
1789808666.68496,-1.4961091045719752,2.1367965426105684,0.45807562562498133,0.5999999999999999,-0.25,0,0,3.5828116322118024,True,False,False,2,synthetic_2d_kinematics_ideal_odometry
1789808666.709985,-1.4826264806913951,2.143391880366914,0.45182174312497664,0.5999999999999999,-0.25,0,0,3.5978209502118137,True,False,False,2,synthetic_2d_kinematics_ideal_odometry
1789808666.7349164,-1.469154167786691,2.149878272404201,0.44559154537497675,0.5999999999999999,-0.25,0,0,3.6127734248118135,True,False,False,2,synthetic_2d_kinematics_ideal_odometry
1789808666.760368,-1.4553492215750505,2.156418047311159,0.4392266951249823,0.5999999999999999,-0.25,0,0,3.6280490654118003,True,False,False,2,synthetic_2d_kinematics_ideal_odometry
1789808666.7848952,-1.4420021546647956,2.1626390683639465,0.4330910001249848,0.5999999999999999,-0.25,0,0,3.642774733411794,True,False,False,2,synthetic_2d_kinematics_ideal_odometry
1789808666.8096745,-1.4284888890707352,2.1688364345345104,0.42689658487497734,0.5999999999999999,-0.25,0,0,3.657641330011812,True,False,False,2,synthetic_2d_kinematics_ideal_odometry
1789808666.835273,-1.414506909812484,2.1751425745805943,0.4205056306249831,0.5999999999999999,-0.25,0,0,3.672979620211798,True,False,False,2,synthetic_2d_kinematics_ideal_odometry
1789808666.859794,-1.4010376530162343,2.181116198878624,0.41436626162497286,0.5999999999999999,-0.25,0,0,3.6877141058118226,True,False,False,2,synthetic_2d_kinematics_ideal_odometry
1789808666.8849902,-1.387181534212727,2.187158560052477,0.408067808374976,0.5999999999999999,-0.25,0,0,3.7028303936118148,True,False,False,2,synthetic_2d_kinematics_ideal_odometry
1789808666.9099576,-1.3734127772527793,2.193060354293941,0.4018260103749854,0.5999999999999999,-0.25,0,0,3.7178107088117924,True,False,False,2,synthetic_2d_kinematics_ideal_odometry
1789808666.9349124,-1.3596193464324566,2.1988711247581945,0.39558958362497815,0.5999999999999999,-0.25,0,0,3.73277813301181,True,False,False,2,synthetic_2d_kinematics_ideal_odometry
1789808666.9599743,-1.345723725103241,2.2046229301242515,0.3893233331249733,0.5999999999999999,-0.25,0,0,3.747817134211822,True,False,False,2,synthetic_2d_kinematics_ideal_odometry
1789808666.9847999,-1.3319165392014476,2.2102374959337356,0.3831128786249807,0.5999999999999999,-0.25,0,0,3.762722225011804,True,False,False,2,synthetic_2d_kinematics_ideal_odometry
1789808667.0097325,-1.3180213690042737,2.215787334247271,0.3768785028749833,0.5999999999999999,-0.25,0,0,3.7776847268117977,True,False,False,2,synthetic_2d_kinematics_ideal_odometry
1789808667.0347981,-1.3040209223388675,2.221278006556881,0.37061241262497485,0.5999999999999999,-0.25,0,0,3.7927233434118177,True,False,False,2,synthetic_2d_kinematics_ideal_odometry
1789808667.0598125,-1.2900120532968922,2.226671039232588,0.36435778637497707,0.5999999999999999,-0.25,0,0,3.807734446411813,True,False,False,2,synthetic_2d_kinematics_ideal_odometry
1789808667.0848796,-1.2759460760769252,2.2319851977352267,0.3580926381249826,0.5999999999999999,-0.25,0,0,3.8227708022117994,True,False,False,2,synthetic_2d_kinematics_ideal_odometry
1789808667.1098542,-1.2618943944774148,2.237193757755321,0.3518484901249751,0.5999999999999999,-0.25,0,0,3.8377567574118174,True,False,False,2,synthetic_2d_kinematics_ideal_odometry
1789808667.134899,-1.247781471045025,2.242324914878627,0.34559150262497995,0.5999999999999999,-0.25,0,0,3.852773527411806,True,False,False,2,synthetic_2d_kinematics_ideal_odometry
1789808667.1599855,-1.2336064113908962,2.247378365576009,0.3393211236249799,0.5999999999999999,-0.25,0,0,3.867822437011806,True,False,False,2,synthetic_2d_kinematics_ideal_odometry
1789808667.1849988,-1.2194337062806895,2.25233115445414,0.33306563037498493,0.5999999999999999,-0.25,0,0,3.882835620811794,True,False,False,2,synthetic_2d_kinematics_ideal_odometry
1789808667.2099125,-1.2052932481745384,2.257173850391961,0.326837832874982,0.5999999999999999,-0.25,0,0,3.897782334811801,True,False,False,2,synthetic_2d_kinematics_ideal_odometry
1789808667.2349586,-1.191046086504551,2.261953896545062,0.32057630937498105,0.5999999999999999,-0.25,0,0,3.912809991211803,True,False,False,2,synthetic_2d_kinematics_ideal_odometry
1789808667.2598562,-1.1768548115390525,2.2666168313102157,0.31435226262497495,0.5999999999999999,-0.25,0,0,3.927747703411818,True,False,False,2,synthetic_2d_kinematics_ideal_odometry
1789808667.285027,-1.162479905477791,2.27124063748174,0.30806049237497335,0.5999999999999999,-0.25,0,0,3.942847952011822,True,False,False,2,synthetic_2d_kinematics_ideal_odometry
1789808667.3096976,-1.1483541630025895,2.275687365189789,0.301890026374973,0.5999999999999999,-0.25,0,0,3.957657070411823,True,False,False,2,synthetic_2d_kinematics_ideal_odometry
1789808667.334891,-1.1339085675189622,2.2801359927941993,0.2955920781249789,0.5999999999999999,-0.25,0,0,3.9727721462118084,True,False,False,2,synthetic_2d_kinematics_ideal_odometry
1789808667.3600354,-1.1194684160538684,2.284483680680839,0.28930855187497734,0.5999999999999999,-0.25,0,0,3.9878526092118123,True,False,False,2,synthetic_2d_kinematics_ideal_odometry
1789808667.3849201,-1.105139663352532,2.288700283155281,0.2830850958749766,0.5999999999999999,-0.25,0,0,4.002788903611814,True,False,False,2,synthetic_2d_kinematics_ideal_odometry
1789808667.4100053,-1.0906772436927379,2.292858232240078,0.2768149876249838,0.5999999999999999,-0.25,0,0,4.017837163411796,True,False,False,2,synthetic_2d_kinematics_ideal_odometry
1789808667.434921,-1.0762868816242377,2.296898280512159,0.2705871866249753,0.5999999999999999,-0.25,0,0,4.032783885811817,True,False,False,2,synthetic_2d_kinematics_ideal_odometry
1789808667.4599237,-1.0618131626154395,2.300864458946494,0.26433414412498324,0.5999999999999999,-0.25,0,0,4.047791187811798,True,False,False,2,synthetic_2d_kinematics_ideal_odometry
1789808667.4848163,-1.0473759609172089,2.3047239435463576,0.25810740387498343,0.5999999999999999,-0.25,0,0,4.062735364411798,True,False,False,2,synthetic_2d_kinematics_ideal_odometry
1789808667.5097983,-1.0328717331113721,2.308504593205847,0.2518620453749735,0.5999999999999999,-0.25,0,0,4.0777242248118215,True,False,False,2,synthetic_2d_kinematics_ideal_odometry
1789808667.534752,-1.0183610889987504,2.312190346041758,0.24562395162497397,0.5999999999999999,-0.25,0,0,4.09269564981182,True,False,False,2,synthetic_2d_kinematics_ideal_odometry
1789808667.5598137,-1.0037770607651577,2.315797876334005,0.23936412387497386,0.5999999999999999,-0.25,0,0,4.10771923641182,True,False,False,2,synthetic_2d_kinematics_ideal_odometry
1789808667.584727,-0.9892282784581496,2.3193003805194627,0.2331289386249823,0.5999999999999999,-0.25,0,0,4.1226836810118,True,False,False,2,synthetic_2d_kinematics_ideal_odometry
1789808667.6101005,-0.9744183886660861,2.3227673950364642,0.22679131637498118,0.5999999999999999,-0.25,0,0,4.137893974411803,True,False,False,2,synthetic_2d_kinematics_ideal_odometry
1789808667.6349044,-0.9599070312426626,2.3260687009175287,0.22059042437498577,0.5999999999999999,-0.25,0,0,4.1527761152117915,True,False,False,2,synthetic_2d_kinematics_ideal_odometry
1789808667.6599796,-0.945216159806127,2.32931464498897,0.21432159362498324,0.5999999999999999,-0.25,0,0,4.1678213090117975,True,False,False,2,synthetic_2d_kinematics_ideal_odometry
1789808667.6849272,-0.9305760408947377,2.3324534812299342,0.2080829181249827,0.5999999999999999,-0.25,0,0,4.182794130211799,True,False,False,2,synthetic_2d_kinematics_ideal_odometry
1789808667.709894,-0.9159108347853793,2.3355021068436175,0.20184178012497556,0.5999999999999999,-0.25,0,0,4.197772861411816,True,False,False,2,synthetic_2d_kinematics_ideal_odometry
1789808667.734973,-0.9011769444406711,2.338469040972274,0.1955794281249824,0.5999999999999999,-0.25,0,0,4.2128025062117995,True,False,False,2,synthetic_2d_kinematics_ideal_odometry
1789808667.7601998,-0.8863069944291461,2.341366211539139,0.18926711362497473,0.5999999999999999,-0.25,0,0,4.227952061011818,True,False,False,2,synthetic_2d_kinematics_ideal_odometry
1789808667.784895,-0.8717380672696968,2.344110413653994,0.1830899788749848,0.5999999999999999,-0.25,0,0,4.242777184411794,True,False,False,2,synthetic_2d_kinematics_ideal_odometry
1789808667.8096826,-0.8570973295250495,2.346774426656301,0.17688950612497523,0.5999999999999999,-0.25,0,0,4.257658319011816,True,False,False,2,synthetic_2d_kinematics_ideal_odometry
1789808667.8347213,-0.84230227911469,2.3493714050393253,0.1706306538749759,0.5999999999999999,-0.25,0,0,4.272679564411814,True,False,False,2,synthetic_2d_kinematics_ideal_odometry
1789808667.859669,-0.827545681564074,2.351866706415138,0.1643947851249793,0.5999999999999999,-0.25,0,0,4.2876456494118065,True,False,False,2,synthetic_2d_kinematics_ideal_odometry
1789808667.8847463,-0.812694913617374,2.354282521686377,0.1581256273749817,0.5999999999999999,-0.25,0,0,4.302691628011801,True,False,False,2,synthetic_2d_kinematics_ideal_odometry
1789808667.9098024,-0.7978388704147568,2.35660372251101,0.15186050687497799,0.5999999999999999,-0.25,0,0,4.31772791721181,True,False,False,2,synthetic_2d_kinematics_ideal_odometry
1789808667.9347503,-0.7830353373510713,2.3588220131532505,0.14562350087498588,0.5999999999999999,-0.25,0,0,4.332696731611791,True,False,False,2,synthetic_2d_kinematics_ideal_odometry
1789808667.9608645,-0.7675362037853826,2.3610435212337135,0.1390995301249761,0.5999999999999999,-0.25,0,0,4.3483542614118145,True,False,False,2,synthetic_2d_kinematics_ideal_odometry
1789808667.9848545,-0.7532734081722822,2.362996768259934,0.13310123012497443,0.5999999999999999,-0.25,0,0,4.362750181411818,True,False,False,2,synthetic_2d_kinematics_ideal_odometry
1789808668.0100367,-0.7382982935956791,2.3649778482339143,0.129954232999974,0.5999999999999999,-0.125,0,0,4.377855767611821,True,False,False,2,synthetic_2d_kinematics_ideal_odometry
1789808668.034961,-0.7234659386183256,2.3668928034723327,0.12683851199998078,0.5999999999999999,-0.125,0,0,4.392811228411788,True,False,False,2,synthetic_2d_kinematics_ideal_odometry
1789808668.0600183,-0.7085496457541629,2.3687712406833326,0.12370640674997749,0.5999999999999999,-0.125,0,0,4.407845333611804,True,False,False,2,synthetic_2d_kinematics_ideal_odometry
1789808668.085011,-0.6936659836958136,2.3705982915993604,0.12058236862497598,0.5999999999999999,-0.125,0,0,4.4228407166118116,True,False,False,2,synthetic_2d_kinematics_ideal_odometry
1789808668.1146226,-0.678755317527629,2.372381358069801,0.11745384774997394,0.5999999999999999,-0.125,0,0,4.437857616811821,True,False,False,2,synthetic_2d_kinematics_ideal_odometry
1789808668.1349118,-0.6639339482468936,2.374106880836631,0.1143452071249799,0.5999999999999999,-0.125,0,0,4.452779091811792,True,False,False,2,synthetic_2d_kinematics_ideal_odometry
1789808668.160036,-0.6489507726139593,2.3758038006694804,0.11120375674997567,0.5999999999999999,-0.125,0,0,4.467858053611812,True,False,False,2,synthetic_2d_kinematics_ideal_odometry
1789808668.1849892,-0.634067956455131,2.3774421843437525,0.10808443887497836,0.5999999999999999,-0.125,0,0,4.4828307794118,True,False,False,2,synthetic_2d_kinematics_ideal_odometry
1789808668.210049,-0.6191259594105777,2.379039839632388,0.10495377887497474,0.5999999999999999,-0.125,0,0,4.497857947411817,True,False,False,2,synthetic_2d_kinematics_ideal_odometry
1789808668.2349005,-0.6042896392231186,2.3805794062963814,0.10184628162497537,0.5999999999999999,-0.125,0,0,4.512773934211814,True,False,False,2,synthetic_2d_kinematics_ideal_odometry
1789808668.2597663,-0.5894338210258556,2.3820743264143505,0.09873568899997613,0.5999999999999999,-0.125,0,0,4.5277047788118105,True,False,False,2,synthetic_2d_kinematics_ideal_odometry
1789808668.2848294,-0.574467447365947,2.383533192877808,0.09560291649998069,0.5999999999999999,-0.125,0,0,4.5427420868117885,True,False,False,2,synthetic_2d_kinematics_ideal_odometry
1789808668.309623,-0.5596553814317525,2.3849304366738555,0.09250337024997483,0.5999999999999999,-0.125,0,0,4.557619908811817,True,False,False,2,synthetic_2d_kinematics_ideal_odometry
1789808668.3347466,-0.5446455159158924,2.386299108657907,0.08936334162497721,0.5999999999999999,-0.125,0,0,4.572692046211805,True,False,False,2,synthetic_2d_kinematics_ideal_odometry
1789808668.3597076,-0.5297248129538424,2.387612569562905,0.0862428409999753,0.5999999999999999,-0.125,0,0,4.5876704492118145,True,False,False,2,synthetic_2d_kinematics_ideal_odometry
1789808668.3848002,-0.514722955264412,2.3888858893860427,0.08310621624997643,0.5999999999999999,-0.125,0,0,4.602726248011809,True,False,False,2,synthetic_2d_kinematics_ideal_odometry
1789808668.40996,-0.4996887523443643,2.390114425741936,0.0799636506249785,0.5999999999999999,-0.125,0,0,4.617810563011799,True,False,False,2,synthetic_2d_kinematics_ideal_odometry
1789808668.435036,-0.48470397674687127,2.391291613837043,0.0768322039999804,0.5999999999999999,-0.125,0,0,4.63284150681179,True,False,False,2,synthetic_2d_kinematics_ideal_odometry
1789808668.4599702,-0.469769599146479,2.392417884044129,0.07371204024997573,0.5999999999999999,-0.125,0,0,4.647818292811812,True,False,False,2,synthetic_2d_kinematics_ideal_odometry
1789808668.4850507,-0.45476157227222347,2.393502514974859,0.07057721337497773,0.5999999999999999,-0.125,0,0,4.662865461811802,True,False,False,2,synthetic_2d_kinematics_ideal_odometry
1789808668.510026,-0.43981027123208666,2.394536036492469,0.06745492587497941,0.5999999999999999,-0.125,0,0,4.677852441811794,True,False,False,2,synthetic_2d_kinematics_ideal_odometry
1789808668.534912,-0.4249138179383641,2.395519133869126,0.06434474712498021,0.5999999999999999,-0.125,0,0,4.69278129981179,True,False,False,2,synthetic_2d_kinematics_ideal_odometry
1789808668.5599988,-0.40989290714264737,2.396463341980826,0.061209214249980645,0.5999999999999999,-0.125,0,0,4.7078318576117875,True,False,False,2,synthetic_2d_kinematics_ideal_odometry
1789808668.5847428,-0.3950589428456193,2.3973494064696848,0.058113296749975715,0.5999999999999999,-0.125,0,0,4.722692261611811,True,False,False,2,synthetic_2d_kinematics_ideal_odometry
1789808668.6097963,-0.38005197040798194,2.3981989199301923,0.054981838874975805,0.5999999999999999,-0.125,0,0,4.73772325941181,True,False,False,2,synthetic_2d_kinematics_ideal_odometry
1789808668.6352854,-0.36478918305391905,2.39901457065621,0.051797554249975716,0.5999999999999999,-0.125,0,0,4.75300782561181,True,False,False,2,synthetic_2d_kinematics_ideal_odometry
1789808668.6597447,-0.35012387904378506,2.399752387518049,0.048738418374976986,0.5999999999999999,-0.125,0,0,4.767691677811804,True,False,False,2,synthetic_2d_kinematics_ideal_odometry
1789808668.6848438,-0.3350801678993307,2.400462520412604,0.04560082199997898,0.5999999999999999,-0.125,0,0,4.7827521404117945,True,False,False,2,synthetic_2d_kinematics_ideal_odometry
1789808668.7097507,-0.320151176930627,2.401120481526734,0.0424875963749786,0.5999999999999999,-0.125,0,0,4.797695623411796,True,False,False,2,synthetic_2d_kinematics_ideal_odometry
1789808668.7347288,-0.3051750468993275,2.4017337411827575,0.03936495449997627,0.5999999999999999,-0.125,0,0,4.812684304411807,True,False,False,2,synthetic_2d_kinematics_ideal_odometry
1789808668.7599828,-0.2900458893693167,2.4023057121620908,0.03621079499997697,0.5999999999999999,-0.125,0,0,4.827824270011804,True,False,False,2,synthetic_2d_kinematics_ideal_odometry
1789808668.7848978,-0.27510338954575464,2.402823727202003,0.03309590412498002,0.5999999999999999,-0.125,0,0,4.842775746211789,True,False,False,2,synthetic_2d_kinematics_ideal_odometry
1789808668.8194778,-0.25436371664134516,2.4034655030801906,0.028773070749980634,0.5999999999999999,-0.125,0,0,4.863525346411786,True,False,False,2,synthetic_2d_kinematics_ideal_odometry
1789808668.8349054,-0.24511459641746242,2.4037227804844696,0.026845425374975404,0.5999999999999999,-0.125,0,0,4.8727780442118105,True,False,False,2,synthetic_2d_kinematics_ideal_odometry
1789808668.8598745,-0.23013778600459528,2.4041015474929193,0.02372425887497391,0.5999999999999999,-0.125,0,0,4.887759643411818,True,False,False,2,synthetic_2d_kinematics_ideal_odometry
1789808668.8848548,-0.2151497122912991,2.404433776837263,0.020600976499980758,0.5999999999999999,-0.125,0,0,4.902751398811785,True,False,False,2,synthetic_2d_kinematics_ideal_odometry
1789808668.909816,-0.20016891978741308,2.4047190485123466,0.017479412249979218,0.5999999999999999,-0.125,0,0,4.917734907211792,True,False,False,2,synthetic_2d_kinematics_ideal_odometry
1789808668.9347508,-0.18521066479876758,2.4049572199594547,0.01436271412497396,0.5999999999999999,-0.125,0,0,4.932695058211817,True,False,False,2,synthetic_2d_kinematics_ideal_odometry
1789808668.9597514,-0.17020932638208805,2.405149246778681,0.0112371792499774,0.5999999999999999,-0.125,0,0,4.947697625611801,True,False,False,2,synthetic_2d_kinematics_ideal_odometry
1789808668.9849331,-0.15510875277157182,2.405295185219044,0.008091079499979711,0.5999999999999999,-0.125,0,0,4.96279890441179,True,False,False,2,synthetic_2d_kinematics_ideal_odometry
1789808669.0099766,-0.1400863620900541,2.4053932259445094,0.004961348124975215,0.5999999999999999,-0.125,0,0,4.977821615011812,True,False,False,2,synthetic_2d_kinematics_ideal_odometry
1789808669.034838,-0.12516756389171127,2.4054440589268964,0.0018532471249800703,0.5999999999999999,-0.125,0,0,4.992740499811789,True,False,False,2,synthetic_2d_kinematics_ideal_odometry
1789808669.059928,-0.110134684512211,2.4054483782058633,-0.0012786028750225303,0.5999999999999999,-0.125,0,0,5.007773379811801,True,False,False,2,synthetic_2d_kinematics_ideal_odometry
1789808669.0849361,-0.09511044045736096,2.405405654630096,-0.004408666375024753,0.5999999999999999,-0.125,0,0,5.022797684611811,True,False,False,2,synthetic_2d_kinematics_ideal_odometry
1789808669.1100423,-0.08004612442468775,2.405315600672968,-0.007547121625020539,0.5999999999999999,-0.125,0,0,5.037862269811791,True,False,False,2,synthetic_2d_kinematics_ideal_odometry
1789808669.1349003,-0.06514612357966151,2.4052031464192742,-0.007547121625020539,0.5999999999999999,0.0,0,0,5.052762695011797,True,False,False,2,synthetic_2d_kinematics_ideal_odometry
1789808669.1599884,-0.05008275458738097,2.4050894591828933,-0.007547121625020539,0.5999999999999999,0.0,0,0,5.067826493011814,True,False,False,2,synthetic_2d_kinematics_ideal_odometry
1789808669.1849751,-0.03509105535394637,2.404976312857169,-0.007547121625020539,0.5999999999999999,0.0,0,0,5.082818619211816,True,False,False,2,synthetic_2d_kinematics_ideal_odometry
1789808669.2099526,-0.0201023698346976,2.4048631892767443,-0.007547121625020539,0.5999999999999999,0.0,0,0,5.097807731611801,True,False,False,2,synthetic_2d_kinematics_ideal_odometry
1789808669.2347128,-0.005249132857838236,2.404751087962352,-0.007547121625020539,0.5999999999999999,0.0,0,0,5.112661391611796,True,False,False,2,synthetic_2d_kinematics_ideal_odometry
1789808669.259816,0.009823087082347573,2.4046373339255225,-0.007547121625020539,0.5999999999999999,0.0,0,0,5.127734040811794,True,False,False,2,synthetic_2d_kinematics_ideal_odometry
1789808669.2847733,0.02479857957736803,2.4045243099163467,-0.007547121625020539,0.5999999999999999,0.0,0,0,5.142709959811811,True,False,False,2,synthetic_2d_kinematics_ideal_odometry
1789808669.3097384,0.03977629440905809,2.404411269134607,-0.007547121625020539,0.5999999999999999,0.0,0,0,5.15768810121179,True,False,False,2,synthetic_2d_kinematics_ideal_odometry
1789808669.3347049,0.05475712495204179,2.4042982048377692,-0.007547121625020539,0.5999999999999999,0.0,0,0,5.172669358411799,True,False,False,2,synthetic_2d_kinematics_ideal_odometry
1789808669.3598764,0.06985326681093422,2.4041842702558816,-0.007547121625020539,0.5999999999999999,0.0,0,0,5.187765930211805,True,False,False,2,synthetic_2d_kinematics_ideal_odometry
1789808669.3848348,0.08483307438302524,2.404071213679676,-0.007547121625020539,0.5999999999999999,0.0,0,0,5.202746164411787,True,False,False,2,synthetic_2d_kinematics_ideal_odometry
1789808669.409977,0.09991769357008508,2.4039573660624454,-0.007547121625020539,0.5999999999999999,0.0,0,0,5.2178312132117926,True,False,False,2,synthetic_2d_kinematics_ideal_odometry
1789808669.4347696,0.11479396509092912,2.4038450909002473,-0.007547121625020539,0.5999999999999999,0.0,0,0,5.2327079084118,True,False,False,2,synthetic_2d_kinematics_ideal_odometry
1789808669.4599273,0.12986849256541202,2.403731319447845,-0.007547121625020539,0.5999999999999999,0.0,0,0,5.247782865211815,True,False,False,2,synthetic_2d_kinematics_ideal_odometry
1789808669.4850597,0.14495656945398988,2.403617445734425,-0.007547121625020539,0.5999999999999999,0.0,0,0,5.262871371811815,True,False,False,2,synthetic_2d_kinematics_ideal_odometry
1789808669.5099924,0.1599178843527648,2.403504528727324,-0.007547121625020539,0.5999999999999999,0.0,0,0,5.2778331128118054,True,False,False,2,synthetic_2d_kinematics_ideal_odometry
1789808669.535325,0.1750539940733527,2.403390292497396,-0.007547121625020539,0.5999999999999999,0.0,0,0,5.2929696536118005,True,False,False,2,synthetic_2d_kinematics_ideal_odometry
1789808669.5602617,0.1900722503504414,2.403276945738628,-0.007547121625020539,0.5999999999999999,0.0,0,0,5.307988337611807,True,False,False,2,synthetic_2d_kinematics_ideal_odometry
1789808669.5849211,0.2048715830624977,2.4031652512540025,-0.007547121625020539,0.5999999999999999,0.0,0,0,5.322788091811794,True,False,False,2,synthetic_2d_kinematics_ideal_odometry
1789808669.6099503,0.21989005413348253,2.403051902874128,-0.007547121625020539,0.5999999999999999,0.0,0,0,5.3378069906118135,True,False,False,2,synthetic_2d_kinematics_ideal_odometry
1789808669.6349134,0.23486587781904686,2.4029388763653694,-0.007547121625020539,0.5999999999999999,0.0,0,0,5.352783240811807,True,False,False,2,synthetic_2d_kinematics_ideal_odometry
1789808669.6600451,0.24992855743095307,2.4028251943319248,-0.007547121625020539,0.5999999999999999,0.0,0,0,5.367846349411815,True,False,False,2,synthetic_2d_kinematics_ideal_odometry
1789808669.6850314,0.2649340070727472,2.402711944228226,-0.007547121625020539,0.5999999999999999,0.0,0,0,5.382852226411791,True,False,False,2,synthetic_2d_kinematics_ideal_odometry
1789808669.7100582,0.27994858125469435,2.402598625259205,-0.007547121625020539,0.5999999999999999,0.0,0,0,5.397867228211789,True,False,False,2,synthetic_2d_kinematics_ideal_odometry
1789808669.7355058,0.2952190127497756,2.4024833752672605,-0.007547121625020539,0.5999999999999999,0.0,0,0,5.413138094611788,True,False,False,2,synthetic_2d_kinematics_ideal_odometry
1789808669.760043,0.3099393925104602,2.4023722766614752,-0.007547121625020539,0.5999999999999999,0.0,0,0,5.427858893611807,True,False,False,2,synthetic_2d_kinematics_ideal_odometry
1789808669.7849023,0.3248598941716208,2.402259667682691,-0.007547121625020539,0.5999999999999999,0.0,0,0,5.442779820211815,True,False,False,2,synthetic_2d_kinematics_ideal_odometry
1789808669.8102753,0.34008452957096974,2.402144763326013,-0.007547121625020539,0.5999999999999999,0.0,0,0,5.458004889211799,True,False,False,2,synthetic_2d_kinematics_ideal_odometry
1789808669.8349946,0.3549108999129922,2.4020328647812312,-0.007547121625020539,0.5999999999999999,0.0,0,0,5.4728316818117895,True,False,False,2,synthetic_2d_kinematics_ideal_odometry
1789808669.8598297,0.36982075170920664,2.4018971769783244,-0.01065346937502605,0.5999999999999999,-0.125,0,0,5.487742151011816,True,False,False,2,synthetic_2d_kinematics_ideal_odometry
1789808669.8847787,0.3847899616780577,2.4017143507477354,-0.013772287375023298,0.5999999999999999,-0.125,0,0,5.502712477411803,True,False,False,2,synthetic_2d_kinematics_ideal_odometry
1789808669.9098227,0.3998140429852182,2.4014839011316327,-0.016902672500020602,0.5999999999999999,-0.125,0,0,5.5177383260117905,True,False,False,2,synthetic_2d_kinematics_ideal_odometry
1789808669.9347527,0.41476906409227543,2.4012077888185233,-0.020018832875021333,0.5999999999999999,-0.125,0,0,5.532695895811794,True,False,False,2,synthetic_2d_kinematics_ideal_odometry
1789808669.959816,0.4298053182708521,2.400883173722366,-0.023152115750026583,0.5999999999999999,-0.125,0,0,5.547735653611819,True,False,False,2,synthetic_2d_kinematics_ideal_odometry
1789808669.9849377,0.44486117800363567,2.4005109032740326,-0.02628971187502012,0.5999999999999999,-0.125,0,0,5.562796115011788,True,False,False,2,synthetic_2d_kinematics_ideal_odometry
1789808670.0099754,0.4598804132735155,2.400092436904972,-0.02941993350001988,0.5999999999999999,-0.125,0,0,5.577821178811787,True,False,False,2,synthetic_2d_kinematics_ideal_odometry
1789808670.0351298,0.4749402668568283,2.3996255912961075,-0.032558910125022836,0.5999999999999999,-0.125,0,0,5.592888266611801,True,False,False,2,synthetic_2d_kinematics_ideal_odometry
1789808670.0599525,0.4898457194083423,2.3991169322464887,-0.03566602037502216,0.5999999999999999,-0.125,0,0,5.607802395811798,True,False,False,2,synthetic_2d_kinematics_ideal_odometry
1789808670.0849328,0.5048285911501871,2.398558894799017,-0.038789616250025256,0.5999999999999999,-0.125,0,0,5.622795656011813,True,False,False,2,synthetic_2d_kinematics_ideal_odometry
1789808670.1101108,0.5199139377272017,2.3979496848451842,-0.041934958500025994,0.5999999999999999,-0.125,0,0,5.637893298811816,True,False,False,2,synthetic_2d_kinematics_ideal_odometry
1789808670.1348457,0.5347513252725493,2.3973041189231945,-0.045029005375024925,0.5999999999999999,-0.125,0,0,5.652744723811811,True,False,False,2,synthetic_2d_kinematics_ideal_odometry
1789808670.159957,0.5497984095788941,2.3966024452433667,-0.04816722112502399,0.5999999999999999,-0.125,0,0,5.667808159411806,True,False,False,2,synthetic_2d_kinematics_ideal_odometry
1789808670.1847596,0.5646737283441111,2.395862254462769,-0.051270080125025944,0.5999999999999999,-0.125,0,0,5.682701882611815,True,False,False,2,synthetic_2d_kinematics_ideal_odometry
1789808670.2098258,0.5796864657674701,2.3950683011308924,-0.054402104500024764,0.5999999999999999,-0.125,0,0,5.69773559961181,True,False,False,2,synthetic_2d_kinematics_ideal_odometry
1789808670.2347455,0.594619913519504,2.394231750328424,-0.05751811712502482,0.5999999999999999,-0.125,0,0,5.71269246021181,True,False,False,2,synthetic_2d_kinematics_ideal_odometry
1789808670.259804,0.6096103335023689,2.3933450491266868,-0.06064658000002206,0.5999999999999999,-0.125,0,0,5.727709082011796,True,False,False,2,synthetic_2d_kinematics_ideal_odometry
1789808670.2848148,0.6246057639225809,2.392410953549589,-0.06377668325002313,0.5999999999999999,-0.125,0,0,5.742733577611801,True,False,False,2,synthetic_2d_kinematics_ideal_odometry
1789808670.3099225,0.6396081635351413,2.391429257548389,-0.0669088675000223,0.5999999999999999,-0.125,0,0,5.757768062011797,True,False,False,2,synthetic_2d_kinematics_ideal_odometry
1789808670.334989,0.6546093533463253,2.390400440152671,-0.07004145662502433,0.5999999999999999,-0.125,0,0,5.772804489811807,True,False,False,2,synthetic_2d_kinematics_ideal_odometry
1789808670.360095,0.6696314553649075,2.389322860641483,-0.073179102750022,0.5999999999999999,-0.125,0,0,5.787865191211796,True,False,False,2,synthetic_2d_kinematics_ideal_odometry
1789808670.3849251,0.6845168434859817,2.3882083402812357,-0.07628890562502429,0.5999999999999999,-0.125,0,0,5.802792245011807,True,False,False,2,synthetic_2d_kinematics_ideal_odometry
1789808670.4101517,0.6996067801594519,2.387030973606135,-0.07944219687502548,0.5999999999999999,-0.125,0,0,5.817928043011812,True,False,False,2,synthetic_2d_kinematics_ideal_odometry
1789808670.4349658,0.7144394835385238,2.385827004342032,-0.082542506500023,0.5999999999999999,-0.125,0,0,5.8328095292118,True,False,False,2,synthetic_2d_kinematics_ideal_odometry
1789808670.4599466,0.7293787442116092,2.384567578857525,-0.08566589262502028,0.5999999999999999,-0.125,0,0,5.8478017826117865,True,False,False,2,synthetic_2d_kinematics_ideal_odometry
1789808670.4851308,0.744432342342124,2.383250961658736,-0.088814031250021,0.5999999999999999,-0.125,0,0,5.86291284801179,True,False,False,2,synthetic_2d_kinematics_ideal_odometry
1789808670.5098398,0.759206073021454,2.381912373120135,-0.09190449975002628,0.5999999999999999,-0.125,0,0,5.877747096811816,True,False,False,2,synthetic_2d_kinematics_ideal_odometry
1789808670.5347354,0.7740781711368292,2.3804950045673134,-0.0981292855000189,0.5999999999999999,-0.25,0,0,5.892686582611798,True,False,False,2,synthetic_2d_kinematics_ideal_odometry
1789808670.5598218,0.7890496124241293,2.3789737270734164,-0.10439950750001661,0.5999999999999999,-0.25,0,0,5.907735115411793,True,False,False,2,synthetic_2d_kinematics_ideal_odometry
1789808670.5847578,0.8039274871504213,2.3773679091407334,-0.11063462600001776,0.5999999999999999,-0.25,0,0,5.922699399811796,True,False,False,2,synthetic_2d_kinematics_ideal_odometry
1789808670.6099677,0.8180745317867946,2.3757737688656224,-0.1137859518750202,0.5647058823529411,-0.125,0,0,5.936935977882395,True,False,False,2,synthetic_2d_kinematics_ideal_odometry
1789808670.6347654,0.8319847447852,2.3741622715443245,-0.11688562912501912,0.5647058823529411,-0.125,0,0,5.950939225694155,True,False,False,2,synthetic_2d_kinematics_ideal_odometry
1789808670.660098,0.8470605180334126,2.372343692524145,-0.12321273912501998,0.5999999999999999,-0.25,0,0,5.966124289694157,True,False,False,2,synthetic_2d_kinematics_ideal_odometry
1789808670.6849864,0.8618795657737724,2.3704616568826844,-0.12943693912502544,0.5999999999999999,-0.25,0,0,5.98106236969417,True,False,False,2,synthetic_2d_kinematics_ideal_odometry
1789808670.7098744,0.876683808164252,2.3684878043470876,-0.1356599598750248,0.5999999999999999,-0.25,0,0,5.995997619494169,True,False,False,2,synthetic_2d_kinematics_ideal_odometry
1789808670.7350328,0.8916280231179816,2.3664000689330766,-0.14194718512501625,0.5999999999999999,-0.25,0,0,6.011086960094149,True,False,False,2,synthetic_2d_kinematics_ideal_odometry
1789808670.7600164,0.9064590821966827,2.3642333089483936,-0.14819239387501826,0.5999999999999999,-0.25,0,0,6.026075461094154,True,False,False,2,synthetic_2d_kinematics_ideal_odometry
1789808670.785309,0.9214395330755331,2.3619485544872356,-0.15450642712502516,0.5999999999999999,-0.25,0,0,6.0412291408941705,True,False,False,2,synthetic_2d_kinematics_ideal_odometry
1789808670.819607,0.9418034919398068,2.3586872358503967,-0.1630995346250157,0.5999999999999999,-0.25,0,0,6.061852598894148,True,False,False,2,synthetic_2d_kinematics_ideal_odometry
1789808670.8348162,0.9502646872976737,2.357278344807697,-0.16689695037501595,0.5647058823529411,-0.25,0,0,6.070430290941207,True,False,False,2,synthetic_2d_kinematics_ideal_odometry
1789808670.8597732,0.9650263641067912,2.354744139537361,-0.1731376281250161,0.5999999999999999,-0.25,0,0,6.0854079175412075,True,False,False,2,synthetic_2d_kinematics_ideal_odometry
1789808670.8849056,0.9798699864656557,2.3521000804521863,-0.1794198253750179,0.5999999999999999,-0.25,0,0,6.100485190941212,True,False,False,2,synthetic_2d_kinematics_ideal_odometry
1789808670.910036,0.9946897973393011,2.349364121398264,-0.18569909387501274,0.5999999999999999,-0.25,0,0,6.1155554353412,True,False,False,2,synthetic_2d_kinematics_ideal_odometry
1789808670.9350078,1.0094059081677818,2.34655191803948,-0.19194176187501147,0.5999999999999999,-0.25,0,0,6.130537838541197,True,False,False,2,synthetic_2d_kinematics_ideal_odometry
1789808670.9601154,1.024180212962752,2.343632631360253,-0.19821674412501672,0.5999999999999999,-0.25,0,0,6.145597795941209,True,False,False,2,synthetic_2d_kinematics_ideal_odometry
1789808670.984876,1.0387461757027554,2.3406600350832387,-0.204410989875012,0.5999999999999999,-0.25,0,0,6.160463985741198,True,False,False,2,synthetic_2d_kinematics_ideal_odometry
1789808671.0100322,1.0526404651834549,2.337734083132492,-0.2106970191250182,0.5647058823529411,-0.25,0,0,6.174663016517682,True,False,False,2,synthetic_2d_kinematics_ideal_odometry
1789808671.0350533,1.0664342286587505,2.3347388941827703,-0.2169459388750253,0.5647058823529411,-0.25,0,0,6.188778223482404,True,False,False,2,synthetic_2d_kinematics_ideal_odometry
1789808671.0601614,1.081153248844123,2.3314460722660324,-0.2232304578750158,0.5999999999999999,-0.25,0,0,6.203861069082381,True,False,False,2,synthetic_2d_kinematics_ideal_odometry
1789808671.0849779,1.095663365092784,2.3281047100491614,-0.22943456962502445,0.5999999999999999,-0.25,0,0,6.218750937282402,True,False,False,2,synthetic_2d_kinematics_ideal_odometry
1789808671.109948,1.1102430957329612,2.324651629804977,-0.23567751437502388,0.5999999999999999,-0.25,0,0,6.2337340046824,True,False,False,2,synthetic_2d_kinematics_ideal_odometry
1789808671.1349385,1.1247910132421586,2.321110057531223,-0.24191617962501916,0.5999999999999999,-0.25,0,0,6.248706801282389,True,False,False,2,synthetic_2d_kinematics_ideal_odometry
1789808671.1598215,1.139304033654677,2.317480967288184,-0.24814946362502305,0.5999999999999999,-0.25,0,0,6.263666682882398,True,False,False,2,synthetic_2d_kinematics_ideal_odometry
1789808671.1847987,1.1538201626954474,2.3137547207824016,-0.25439394612501737,0.5999999999999999,-0.25,0,0,6.278653440882385,True,False,False,2,synthetic_2d_kinematics_ideal_odometry
1789808671.2097712,1.1674570482133035,2.3101632707138737,-0.26063696812502407,0.5647058823529411,-0.25,0,0,6.292755325870636,True,False,False,2,synthetic_2d_kinematics_ideal_odometry
1789808671.2348547,1.181131687656183,2.3064702302094977,-0.26690772987501227,0.5647058823529411,-0.25,0,0,6.306919870058844,True,False,False,2,synthetic_2d_kinematics_ideal_odometry
1789808671.2605705,1.1951125731048329,2.30262328517198,-0.27011747325001473,0.5647058823529411,-0.125,0,0,6.3214203577765025,True,False,False,2,synthetic_2d_kinematics_ideal_odometry
1789808671.285053,1.2084413689701146,2.298910761548782,-0.2731801673750139,0.5647058823529411,-0.125,0,0,6.335256528882381,True,False,False,2,synthetic_2d_kinematics_ideal_odometry
1789808671.310505,1.2222534609888465,2.2950171518002622,-0.2763566890000147,0.5647058823529411,-0.125,0,0,6.349606932458855,True,False,False,2,synthetic_2d_kinematics_ideal_odometry
1789808671.3349023,1.2363488454729028,2.2909729393704352,-0.28246672625001124,0.5999999999999999,-0.25,0,0,6.364271021858846,True,False,False,2,synthetic_2d_kinematics_ideal_odometry
1789808671.3600717,1.2508406653608233,2.286717536819033,-0.2887599282500203,0.5999999999999999,-0.25,0,0,6.379374706658868,True,False,False,2,synthetic_2d_kinematics_ideal_odometry
1789808671.384945,1.2651316100295078,2.282423836562808,-0.2949774405000097,0.5999999999999999,-0.25,0,0,6.394296736058842,True,False,False,2,synthetic_2d_kinematics_ideal_odometry
1789808671.4101822,1.2796027742323481,2.277976992194612,-0.3012853530000155,0.5999999999999999,-0.25,0,0,6.409435726058856,True,False,False,2,synthetic_2d_kinematics_ideal_odometry
1789808671.4349382,1.293777709280174,2.273524039335837,-0.30747615000001766,0.5999999999999999,-0.25,0,0,6.424293638858861,True,False,False,2,synthetic_2d_kinematics_ideal_odometry
1789808671.460068,1.3072857909035078,2.2691878451883616,-0.31375685125000935,0.5647058823529411,-0.25,0,0,6.438480634623549,True,False,False,2,synthetic_2d_kinematics_ideal_odometry
1789808671.4850566,1.3206988601494891,2.2647892712236266,-0.32000606600002307,0.5647058823529411,-0.25,0,0,6.452596507941227,True,False,False,2,synthetic_2d_kinematics_ideal_odometry
1789808671.5099108,1.3340070275498228,2.260333065236586,-0.32621922300001366,0.5647058823529411,-0.25,0,0,6.466630933164735,True,False,False,2,synthetic_2d_kinematics_ideal_odometry
1789808671.5348754,1.3481789620704074,2.255489283243547,-0.33245957600000914,0.5999999999999999,-0.25,0,0,6.481607780364724,True,False,False,2,synthetic_2d_kinematics_ideal_odometry
1789808671.5598922,1.3623512452967896,2.2505462898707087,-0.3387135580000132,0.5999999999999999,-0.25,0,0,6.496617337164734,True,False,False,2,synthetic_2d_kinematics_ideal_odometry
1789808671.5849338,1.3765067594412999,2.2455095784080097,-0.34497392500000906,0.5999999999999999,-0.25,0,0,6.511642217964724,True,False,False,2,synthetic_2d_kinematics_ideal_odometry
1789808671.6098955,1.3905801920309369,2.2404027681949317,-0.35121198325001446,0.5999999999999999,-0.25,0,0,6.526613557764737,True,False,False,2,synthetic_2d_kinematics_ideal_odometry
1789808671.634745,1.4045791748651777,2.23522407268504,-0.3574312187500124,0.5999999999999999,-0.25,0,0,6.541539722964732,True,False,False,2,synthetic_2d_kinematics_ideal_odometry
1789808671.6597512,1.4177927324836417,2.230242046142005,-0.36368295475002244,0.5647058823529411,-0.25,0,0,6.555661291341225,True,False,False,2,synthetic_2d_kinematics_ideal_odometry
1789808671.6848278,1.4310107570767319,2.2251635990079954,-0.3699517235000127,0.5647058823529411,-0.25,0,0,6.569821333694144,True,False,False,2,synthetic_2d_kinematics_ideal_odometry
1789808671.709837,1.4441586757095377,2.2200174067470986,-0.37620239925002297,0.5647058823529411,-0.25,0,0,6.58394050715299,True,False,False,2,synthetic_2d_kinematics_ideal_odometry
1789808671.7348435,1.4572878424522855,2.214807434112451,-0.379329052000021,0.5647058823529411,-0.125,0,0,6.598065620752981,True,False,False,2,synthetic_2d_kinematics_ideal_odometry
1789808671.7598352,1.4703897920525584,2.2095608065200425,-0.3824531128750164,0.5647058823529411,-0.125,0,0,6.61217902517649,True,False,False,2,synthetic_2d_kinematics_ideal_odometry
1789808671.7848082,1.4834676909849511,2.204276356462462,-0.3855753591250175,0.5647058823529411,-0.125,0,0,6.62628423176473,True,False,False,2,synthetic_2d_kinematics_ideal_odometry
1789808671.8096852,1.4972796340233991,2.1986201129916223,-0.39179421012501736,0.5999999999999999,-0.25,0,0,6.64120947416473,True,False,False,2,synthetic_2d_kinematics_ideal_odometry
1789808671.8351316,1.5112496043461299,2.192796730246444,-0.398100510125023,0.5999999999999999,-0.25,0,0,6.656344594164743,True,False,False,2,synthetic_2d_kinematics_ideal_odometry
1789808671.860141,1.5251742063846516,2.1868889459826195,-0.40440301812502755,0.5999999999999999,-0.25,0,0,6.671470613364754,True,False,False,2,synthetic_2d_kinematics_ideal_odometry
1789808671.8849833,1.5388617894645453,2.1809803891029773,-0.4106148596250177,0.5999999999999999,-0.25,0,0,6.68637903296473,True,False,False,2,synthetic_2d_kinematics_ideal_odometry
1789808671.9099884,1.5525973772597486,2.174949296686302,-0.41686542137502564,0.5999999999999999,-0.25,0,0,6.701380381164749,True,False,False,2,synthetic_2d_kinematics_ideal_odometry
1789808671.9348536,1.566230600880191,2.168886897450675,-0.4199738320000219,0.5999999999999999,-0.125,0,0,6.716300752164732,True,False,False,2,synthetic_2d_kinematics_ideal_odometry
1789808671.9597313,1.5798597657341813,2.1627754626342157,-0.4230856358750228,0.5999999999999999,-0.125,0,0,6.731237410764736,True,False,False,2,synthetic_2d_kinematics_ideal_odometry
1789808671.9847822,1.5935539805310983,2.15658344636617,-0.4262166896250262,0.5999999999999999,-0.125,0,0,6.746266468764752,True,False,False,2,synthetic_2d_kinematics_ideal_odometry
1789808672.009805,1.6064095047690903,2.1507221332549595,-0.42934413100002594,0.5647058823529411,-0.125,0,0,6.760395145094162,True,False,False,2,synthetic_2d_kinematics_ideal_odometry
1789808672.034986,1.6193190227029772,2.1447872280070177,-0.43248922050002087,0.5647058823529411,-0.125,0,0,6.774603549423551,True,False,False,2,synthetic_2d_kinematics_ideal_odometry
1789808672.0599566,1.63290534967589,2.1384637422196673,-0.4387333115000201,0.5999999999999999,-0.25,0,0,6.789589367823549,True,False,False,2,synthetic_2d_kinematics_ideal_odometry
1789808672.0850184,1.6464986772159294,2.1320332516456997,-0.4449989830000232,0.5999999999999999,-0.25,0,0,6.804626979423556,True,False,False,2,synthetic_2d_kinematics_ideal_odometry
1789808672.1099937,1.6600069647172084,2.125539272707271,-0.4512440587500249,0.5999999999999999,-0.25,0,0,6.8196151612235605,True,False,False,2,synthetic_2d_kinematics_ideal_odometry
1789808672.134834,1.6734077450941172,2.119019676900755,-0.4543487570000236,0.5999999999999999,-0.125,0,0,6.834517712823554,True,False,False,2,synthetic_2d_kinematics_ideal_odometry
1789808672.160159,1.687047411894668,2.112330902011802,-0.45751364287502533,0.5999999999999999,-0.125,0,0,6.849709165023562,True,False,False,2,synthetic_2d_kinematics_ideal_odometry
1789808672.1849468,1.7003844309043963,2.1057386435135794,-0.4606130796250239,0.5999999999999999,-0.125,0,0,6.8645864614235546,True,False,False,2,synthetic_2d_kinematics_ideal_odometry
1789808672.210139,1.713911622284674,2.0989997216010385,-0.46376158825002683,0.5999999999999999,-0.125,0,0,6.8796993028235685,True,False,False,2,synthetic_2d_kinematics_ideal_odometry
1789808672.234876,1.7271732024663673,2.092341395286928,-0.466853095000023,0.5999999999999999,-0.125,0,0,6.89453853522355,True,False,False,2,synthetic_2d_kinematics_ideal_odometry
1789808672.2597818,1.740508752586864,2.085567907771726,-0.4730852505000241,0.5999999999999999,-0.25,0,0,6.909495708423552,True,False,False,2,synthetic_2d_kinematics_ideal_odometry
1789808672.2848105,1.753853541685307,2.078684565801679,-0.47934168875002975,0.5999999999999999,-0.25,0,0,6.924511160223566,True,False,False,2,synthetic_2d_kinematics_ideal_odometry
1789808672.3097706,1.7671212452154559,2.0717356843634116,-0.4855822220000232,0.5999999999999999,-0.25,0,0,6.93948844002355,True,False,False,2,synthetic_2d_kinematics_ideal_odometry
1789808672.3346884,1.7803223695575998,2.06471643953553,-0.49181190400003466,0.5999999999999999,-0.25,0,0,6.954439676823577,True,False,False,2,synthetic_2d_kinematics_ideal_odometry
1789808672.3597808,1.793570475014858,2.0575656269448483,-0.4980847292500284,0.5999999999999999,-0.25,0,0,6.969494457423562,True,False,False,2,synthetic_2d_kinematics_ideal_odometry
1789808672.3847766,1.8067236488257181,2.050359348627158,-0.5043338462500242,0.5999999999999999,-0.25,0,0,6.984492338223553,True,False,False,2,synthetic_2d_kinematics_ideal_odometry
1789808672.4098887,1.819883466677697,2.043068948505232,-0.5074680738750286,0.5999999999999999,-0.125,0,0,6.999536630823574,True,False,False,2,synthetic_2d_kinematics_ideal_odometry
1789808672.4347615,1.832934380155771,2.0357855045104505,-0.5105817680000269,0.5999999999999999,-0.125,0,0,7.014482362623566,True,False,False,2,synthetic_2d_kinematics_ideal_odometry
1789808672.4598744,1.845294305843378,2.028836924341824,-0.5137203993750288,0.5647058823529411,-0.125,0,0,7.028661591423575,True,False,False,2,synthetic_2d_kinematics_ideal_odometry
1789808672.4848454,1.8575663801949402,2.02188708825102,-0.5168422311250294,0.5647058823529411,-0.125,0,0,7.0427649254471065,True,False,False,2,synthetic_2d_kinematics_ideal_odometry
1789808672.5100236,1.8699083235198328,2.014846516734161,-0.5199874332500269,0.5647058823529411,-0.125,0,0,7.056973838576507,True,False,False,2,synthetic_2d_kinematics_ideal_odometry
1789808672.5350497,1.8829042142244417,2.007351752866027,-0.5262383312500316,0.5999999999999999,-0.25,0,0,7.071975993776518,True,False,False,2,synthetic_2d_kinematics_ideal_odometry
1789808672.5599422,1.8958076993167967,1.9998025948060778,-0.53246731975003,0.5999999999999999,-0.25,0,0,7.0869255661765145,True,False,False,2,synthetic_2d_kinematics_ideal_odometry
1789808672.584969,1.908723482677274,1.99213760321006,-0.538725225250023,0.5999999999999999,-0.25,0,0,7.101944539376498,True,False,False,2,synthetic_2d_kinematics_ideal_odometry
1789808672.6099806,1.9215920339566455,1.9844187675484886,-0.5418514752500241,0.5999999999999999,-0.125,0,0,7.116950539376503,True,False,False,2,synthetic_2d_kinematics_ideal_odometry
1789808672.634913,1.934394324524599,1.976685240679639,-0.544967476750021,0.5999999999999999,-0.125,0,0,7.1319073465764875,True,False,False,2,synthetic_2d_kinematics_ideal_odometry
1789808672.6603446,1.9474294253037057,1.9687549755704852,-0.5481462021250221,0.5999999999999999,-0.125,0,0,7.147165228376493,True,False,False,2,synthetic_2d_kinematics_ideal_odometry
1789808672.6849716,1.9600319425236423,1.9610337543941552,-0.551225314500027,0.5999999999999999,-0.125,0,0,7.161944967776517,True,False,False,2,synthetic_2d_kinematics_ideal_odometry
1789808672.7098873,1.9727391016121087,1.9531942302514207,-0.5543359065000257,0.5999999999999999,-0.125,0,0,7.176875809376511,True,False,False,2,synthetic_2d_kinematics_ideal_odometry
1789808672.7349136,1.9847549117343435,1.9457293518583438,-0.557467141750021,0.5647058823529411,-0.125,0,0,7.191021625094137,True,False,False,2,synthetic_2d_kinematics_ideal_odometry
1789808672.7597687,1.9966654416418739,1.9382782667992222,-0.5605769857500218,0.5647058823529411,-0.125,0,0,7.20507080269414,True,False,False,2,synthetic_2d_kinematics_ideal_odometry
1789808672.7847373,2.0085959539298495,1.930762863624388,-0.5636981455000236,0.5647058823529411,-0.125,0,0,7.219171100858854,True,False,False,2,synthetic_2d_kinematics_ideal_odometry
1789808672.8096757,2.0212166179023443,1.9227300134297958,-0.5699315657500219,0.5999999999999999,-0.25,0,0,7.23413130945885,True,False,False,2,synthetic_2d_kinematics_ideal_odometry
1789808672.8347652,2.0338667498641905,1.9145668112699634,-0.5762046302500293,0.5999999999999999,-0.25,0,0,7.249186664258867,True,False,False,2,synthetic_2d_kinematics_ideal_odometry
1789808672.8597655,2.0464274974353254,1.906377442699967,-0.5793285060000284,0.5999999999999999,-0.125,0,0,7.264181267858864,True,False,False,2,synthetic_2d_kinematics_ideal_odometry
1789808672.8848767,2.0590245897871067,1.898108044654034,-0.5824678458750268,0.5999999999999999,-0.125,0,0,7.279250099258856,True,False,False,2,synthetic_2d_kinematics_ideal_odometry
1789808672.9099376,2.0715633388494594,1.8898205762305633,-0.585599106000029,0.5999999999999999,-0.125,0,0,7.294280147858866,True,False,False,2,synthetic_2d_kinematics_ideal_odometry
1789808672.9350572,2.083367675135726,1.8819652343135942,-0.5887377235000284,0.5647058823529411,-0.125,0,0,7.308459313976511,True,False,False,2,synthetic_2d_kinematics_ideal_odometry
1789808672.9602509,2.0951891508002305,1.8740447451293107,-0.59188750412503,0.5647058823529411,-0.125,0,0,7.322688911152988,True,False,False,2,synthetic_2d_kinematics_ideal_odometry
1789808672.9850051,2.106779893654012,1.8662263032450574,-0.5949822962500275,0.5647058823529411,-0.125,0,0,7.336670089694153,True,False,False,2,synthetic_2d_kinematics_ideal_odometry
1789808673.0100212,2.1184658783721404,1.8582906119019573,-0.598109094750026,0.5647058823529411,-0.125,0,0,7.350795861741205,True,False,False,2,synthetic_2d_kinematics_ideal_odometry
1789808673.0349205,2.1300752472406472,1.8503539140982321,-0.6012220035000237,0.5647058823529411,-0.125,0,0,7.364858884800018,True,False,False,2,synthetic_2d_kinematics_ideal_odometry
1789808673.0598462,2.1423915636326196,1.8418775183048641,-0.604336854625029,0.5999999999999999,-0.125,0,0,7.3798101702000425,True,False,False,2,synthetic_2d_kinematics_ideal_odometry
1789808673.0849683,2.154785603202997,1.8332903753671368,-0.6074781402500276,0.5999999999999999,-0.125,0,0,7.394888341200036,True,False,False,2,synthetic_2d_kinematics_ideal_odometry
1789808673.1099818,2.1670942914783056,1.8247051526063816,-0.610604597250028,0.5999999999999999,-0.125,0,0,7.409895334800039,True,False,False,2,synthetic_2d_kinematics_ideal_odometry
1789808673.134966,2.1793628626576838,1.8160907995055715,-0.6137276863750256,0.5999999999999999,-0.125,0,0,7.4248861626000275,True,False,False,2,synthetic_2d_kinematics_ideal_odometry
1789808673.1599312,2.1915950384857914,1.807444861588423,-0.6168483665000264,0.5999999999999999,-0.125,0,0,7.439865427200031,True,False,False,2,synthetic_2d_kinematics_ideal_odometry
1789808673.1849864,2.203845038035975,1.7987287656997168,-0.6199805306250252,0.5999999999999999,-0.125,0,0,7.454899815000026,True,False,False,2,synthetic_2d_kinematics_ideal_odometry
1789808673.2099454,2.2153019411344292,1.790522909898729,-0.623099949625026,0.5647058823529411,-0.125,0,0,7.4689922490706175,True,False,False,2,synthetic_2d_kinematics_ideal_odometry
1789808673.2348385,2.22670893929147,1.78229889733322,-0.6262127432500262,0.5647058823529411,-0.125,0,0,7.483054752035324,True,False,False,2,synthetic_2d_kinematics_ideal_odometry
1789808673.259735,2.2380902291588813,1.7740394559262718,-0.6293255222500246,0.5647058823529411,-0.125,0,0,7.497117188929435,True,False,False,2,synthetic_2d_kinematics_ideal_odometry
1789808673.284796,2.2495177103408754,1.7656918925122598,-0.6324580485000236,0.5647058823529411,-0.125,0,0,7.511268836929431,True,False,False,2,synthetic_2d_kinematics_ideal_odometry
1789808673.309642,2.2608238817673403,1.7573787312780877,-0.6355644146250267,0.5647058823529411,-0.125,0,0,7.52530230271768,True,False,False,2,synthetic_2d_kinematics_ideal_odometry
1789808673.334746,2.2729279667941045,1.748420534197648,-0.6387016003750258,0.5999999999999999,-0.125,0,0,7.540360794317675,True,False,False,2,synthetic_2d_kinematics_ideal_odometry
1789808673.3599458,2.2850432578007043,1.7393949835450744,-0.6418490257500234,0.5999999999999999,-0.125,0,0,7.555468436117664,True,False,False,2,synthetic_2d_kinematics_ideal_odometry
1789808673.3848495,2.2970026419550638,1.7304272201965927,-0.6449632268750246,0.5999999999999999,-0.125,0,0,7.570416601517669,True,False,False,2,synthetic_2d_kinematics_ideal_odometry
1789808673.4099374,2.309016855034449,1.7213595501314052,-0.6480990688750234,0.5999999999999999,-0.125,0,0,7.585468643117664,True,False,False,2,synthetic_2d_kinematics_ideal_odometry
1789808673.4348507,2.3209177890965833,1.7123188680063466,-0.651212702125026,0.5999999999999999,-0.125,0,0,7.600414082717676,True,False,False,2,synthetic_2d_kinematics_ideal_odometry
1789808673.4600039,2.3322030888369034,1.7036900351538502,-0.6543572930000291,0.5647058823529411,-0.125,0,0,7.614620234435336,True,False,False,2,synthetic_2d_kinematics_ideal_odometry
1789808673.4854054,2.343538768263176,1.6949658637891036,-0.6575235768750257,0.5647058823529411,-0.125,0,0,7.628924387470615,True,False,False,2,synthetic_2d_kinematics_ideal_odometry
1789808673.5101538,2.3546187229197333,1.6863830714399206,-0.6606259305000289,0.5647058823529411,-0.125,0,0,7.642939726200042,True,False,False,2,synthetic_2d_kinematics_ideal_odometry
1789808673.535082,2.366414632480642,1.6772163715867545,-0.6606259305000289,0.5999999999999999,0.0,0,0,7.657878664200019,True,False,False,2,synthetic_2d_kinematics_ideal_odometry
1789808673.559797,2.378146605088025,1.66809935767425,-0.6606259305000289,0.5999999999999999,0.0,0,0,7.672736629200018,True,False,False,2,synthetic_2d_kinematics_ideal_odometry
1789808673.5847862,2.3899852624635574,1.6588994381372595,-0.6606259305000289,0.5999999999999999,0.0,0,0,7.687729705200037,True,False,False,2,synthetic_2d_kinematics_ideal_odometry
1789808673.609812,2.401827186878031,1.6496672360226556,-0.663754156125027,0.5999999999999999,-0.125,0,0,7.702745188200027,True,False,False,2,synthetic_2d_kinematics_ideal_odometry
1789808673.634951,2.41365831587427,1.6403837529190228,-0.6668871921250282,0.5999999999999999,-0.125,0,0,7.7177837610000335,True,False,False,2,synthetic_2d_kinematics_ideal_odometry
1789808673.6600344,2.4254924048625215,1.631037812675796,-0.6700287611250285,0.5999999999999999,-0.125,0,0,7.732863292200035,True,False,False,2,synthetic_2d_kinematics_ideal_odometry
1789808673.6849408,2.4371964189270225,1.6217350043801684,-0.6731435095000261,0.5999999999999999,-0.125,0,0,7.747814084400024,True,False,False,2,synthetic_2d_kinematics_ideal_odometry
1789808673.709885,2.448883692051971,1.6123859221982304,-0.6762615412500249,0.5999999999999999,-0.125,0,0,7.762780636800018,True,False,False,2,synthetic_2d_kinematics_ideal_odometry
1789808673.7349346,2.4605659578406485,1.6030109410330355,-0.6762615412500249,0.5999999999999999,0.0,0,0,7.777759475400026,True,False,False,2,synthetic_2d_kinematics_ideal_odometry
1789808673.7600503,2.4723539940801933,1.5935510794171939,-0.6762615412500249,0.5999999999999999,0.0,0,0,7.792873931400018,True,False,False,2,synthetic_2d_kinematics_ideal_odometry
1789808673.7847865,2.4839352386506452,1.5842571674585448,-0.6762615412500249,0.5999999999999999,0.0,0,0,7.8077232420000335,True,False,False,2,synthetic_2d_kinematics_ideal_odometry
1789808673.8170907,2.4990540859636203,1.5721243405427274,-0.6762615412500249,0.5999999999999999,0.0,0,0,7.8271084176000185,True,False,False,2,synthetic_2d_kinematics_ideal_odometry
1789808673.8349023,2.5068934707916632,1.5658332591344575,-0.6762615412500249,0.5647058823529411,0.0,0,0,7.837159967717668,True,False,False,2,synthetic_2d_kinematics_ideal_odometry
1789808673.8596883,2.518486821836781,1.5565000460502718,-0.6793622430000251,0.5999999999999999,-0.125,0,0,7.85204333611767,True,False,False,2,synthetic_2d_kinematics_ideal_odometry
1789808673.884848,2.530214901723276,1.5469978588172375,-0.6825068993750246,0.5999999999999999,-0.125,0,0,7.867137686717667,True,False,False,2,synthetic_2d_kinematics_ideal_odometry
1789808673.9097328,2.5417881452688937,1.5375610067791632,-0.6856179386250257,0.5999999999999999,-0.125,0,0,7.882070675117673,True,False,False,2,synthetic_2d_kinematics_ideal_odometry
1789808673.9347281,2.553395785391514,1.528066008534056,-0.6856179386250257,0.5999999999999999,0.0,0,0,7.897067084717668,True,False,False,2,synthetic_2d_kinematics_ideal_odometry
1789808673.9597747,2.5650285495324434,1.5185504589531706,-0.6856179386250257,0.5999999999999999,0.0,0,0,7.912095953117677,True,False,False,2,synthetic_2d_kinematics_ideal_odometry
1789808673.9850295,2.576751296744198,1.5089613036186136,-0.6856179386250257,0.5999999999999999,0.0,0,0,7.927241074517685,True,False,False,2,synthetic_2d_kinematics_ideal_odometry
1789808674.0099626,2.588328207338138,1.4994914419919587,-0.6856179386250257,0.5999999999999999,0.0,0,0,7.942197783317687,True,False,False,2,synthetic_2d_kinematics_ideal_odometry
1789808674.0348408,2.5998831380152994,1.4900395598399463,-0.6856179386250257,0.5999999999999999,0.0,0,0,7.957126095317694,True,False,False,2,synthetic_2d_kinematics_ideal_odometry
1789808674.05991,2.611509506252023,1.4804988008847073,-0.6887512506250214,0.5999999999999999,-0.125,0,0,7.972165992917673,True,False,False,2,synthetic_2d_kinematics_ideal_odometry
1789808674.084978,2.623104551993319,1.4709227959166493,-0.6918841916250255,0.5999999999999999,-0.125,0,0,7.987204109717692,True,False,False,2,synthetic_2d_kinematics_ideal_odometry
1789808674.109932,2.6346209574122232,1.4613510191679735,-0.6950039546250263,0.5999999999999999,-0.125,0,0,8.002178972117695,True,False,False,2,synthetic_2d_kinematics_ideal_odometry
1789808674.1349044,2.64610253400798,1.451747481476584,-0.6981223820000263,0.5999999999999999,-0.125,0,0,8.017147423517695,True,False,False,2,synthetic_2d_kinematics_ideal_odometry
1789808674.160365,2.6578016965882374,1.441899104120854,-0.7013083221250195,0.5999999999999999,-0.125,0,0,8.032439936117662,True,False,False,2,synthetic_2d_kinematics_ideal_odometry
1789808674.1847532,2.6689763214053617,1.4324325836792444,-0.7043594436250199,0.5999999999999999,-0.125,0,0,8.047085319317663,True,False,False,2,synthetic_2d_kinematics_ideal_odometry
1789808674.209766,2.6804099737906233,1.422716630129643,-0.7043594436250199,0.5999999999999999,0.0,0,0,8.062089590717669,True,False,False,2,synthetic_2d_kinematics_ideal_odometry
1789808674.2347841,2.6918492078675693,1.412995933436267,-0.7043594436250199,0.5999999999999999,0.0,0,0,8.077101186917666,True,False,False,2,synthetic_2d_kinematics_ideal_odometry
1789808674.259848,2.7026310016561794,1.4038339085555254,-0.7043594436250199,0.5647058823529411,0.0,0,0,8.091250030588279,True,False,False,2,synthetic_2d_kinematics_ideal_odometry
1789808674.2847698,2.7133595200027787,1.3947171554481832,-0.7043594436250199,0.5647058823529411,0.0,0,0,8.105328961411802,True,False,False,2,synthetic_2d_kinematics_ideal_odometry
1789808674.3095934,2.7240416540654078,1.3856398182276723,-0.7043594436250199,0.5647058823529411,0.0,0,0,8.119347022588258,True,False,False,2,synthetic_2d_kinematics_ideal_odometry
1789808674.334936,2.734913606526013,1.3764011793796977,-0.7043594436250199,0.5647058823529411,0.0,0,0,8.133614180611808,True,False,False,2,synthetic_2d_kinematics_ideal_odometry
1789808674.3598924,2.7456778871168095,1.367254036656532,-0.7043594436250199,0.5647058823529411,0.0,0,0,8.147740041882377,True,False,False,2,synthetic_2d_kinematics_ideal_odometry
1789808674.3849294,2.7564532381417037,1.358097486631146,-0.7043594436250199,0.5647058823529411,0.0,0,0,8.161880430776502,True,False,False,2,synthetic_2d_kinematics_ideal_odometry
1789808674.4100525,2.766585336233783,1.3494875524556462,-0.7043594436250199,0.5294117647058822,0.0,0,0,8.175176685070625,True,False,False,2,synthetic_2d_kinematics_ideal_odometry
1789808674.4352655,2.7767095993935427,1.3408842761560307,-0.7043594436250199,0.5294117647058822,0.0,0,0,8.188462657658869,True,False,False,2,synthetic_2d_kinematics_ideal_odometry
1789808674.4598446,2.788003143453242,1.3312873821979936,-0.7043594436250199,0.5999999999999999,0.0,0,0,8.203283066258843,True,False,False,2,synthetic_2d_kinematics_ideal_odometry
1789808674.4850037,2.7995074713576953,1.3215113708437272,-0.7043594436250199,0.5999999999999999,0.0,0,0,8.21838008445887,True,False,False,2,synthetic_2d_kinematics_ideal_odometry
1789808674.5098195,2.810861089928751,1.3118634274797618,-0.7043594436250199,0.5999999999999999,0.0,0,0,8.233279328258853,True,False,False,2,synthetic_2d_kinematics_ideal_odometry
1789808674.5347698,2.8222683266654633,1.3021699211067617,-0.7043594436250199,0.5999999999999999,0.0,0,0,8.248248934658848,True,False,False,2,synthetic_2d_kinematics_ideal_odometry
1789808674.5600884,2.833843643281962,1.2923335858065212,-0.7043594436250199,0.5999999999999999,0.0,0,0,8.263439110658847,True,False,False,2,synthetic_2d_kinematics_ideal_odometry
1789808674.5848749,2.8451718360769203,1.2827072484570823,-0.7043594436250199,0.5999999999999999,0.0,0,0,8.278304988458862,True,False,False,2,synthetic_2d_kinematics_ideal_odometry
1789808674.6099927,2.8566530485171575,1.2729508798879061,-0.7043594436250199,0.5999999999999999,0.0,0,0,8.293371672458848,True,False,False,2,synthetic_2d_kinematics_ideal_odometry
1789808674.6349373,2.8680461952315306,1.263269346767017,-0.7043594436250199,0.5999999999999999,0.0,0,0,8.308322788658854,True,False,False,2,synthetic_2d_kinematics_ideal_odometry
1789808674.6599457,2.8788180761491065,1.2541157455282812,-0.7043594436250199,0.5647058823529411,0.0,0,0,8.32245862376472,True,False,False,2,synthetic_2d_kinematics_ideal_odometry
1789808674.6849797,2.88959329549582,1.244959307398818,-0.7043594436250199,0.5647058823529411,0.0,0,0,8.33659883985884,True,False,False,2,synthetic_2d_kinematics_ideal_odometry
1789808674.7098951,2.9003151494634873,1.2358482174683816,-0.7043594436250199,0.5647058823529411,0.0,0,0,8.350669025082372,True,False,False,2,synthetic_2d_kinematics_ideal_odometry
1789808674.735019,2.911800863194257,1.226088023845911,-0.7043594436250199,0.5999999999999999,0.0,0,0,8.365741616082373,True,False,False,2,synthetic_2d_kinematics_ideal_odometry
1789808674.7600963,2.923268272743744,1.2163433845335692,-0.7043594436250199,0.5999999999999999,0.0,0,0,8.380790186682377,True,False,False,2,synthetic_2d_kinematics_ideal_odometry
1789808674.7849536,2.934630911270066,1.2066877762989714,-0.7043594436250199,0.5999999999999999,0.0,0,0,8.395701267282384,True,False,False,2,synthetic_2d_kinematics_ideal_odometry
1789808674.8104668,2.946304289723633,1.1967681111735933,-0.7043594436250199,0.5999999999999999,0.0,0,0,8.411020128882381,True,False,False,2,synthetic_2d_kinematics_ideal_odometry
1789808674.8348322,2.957437677912302,1.1873073125725946,-0.7043594436250199,0.5999999999999999,0.0,0,0,8.425630366482373,True,False,False,2,synthetic_2d_kinematics_ideal_odometry
1789808674.8597343,2.968827828490895,1.1776283254724418,-0.7043594436250199,0.5999999999999999,0.0,0,0,8.440577550882384,True,False,False,2,synthetic_2d_kinematics_ideal_odometry
1789808674.8847523,2.9802690578580253,1.1679059332450321,-0.7043594436250199,0.5999999999999999,0.0,0,0,8.455591765482385,True,False,False,2,synthetic_2d_kinematics_ideal_odometry
1789808674.9098296,2.9917347057546504,1.1581627909291703,-0.7043594436250199,0.5999999999999999,0.0,0,0,8.470638024282383,True,False,False,2,synthetic_2d_kinematics_ideal_odometry
1789808674.9347851,3.003145465339875,1.1484662909517334,-0.7043594436250199,0.5999999999999999,0.0,0,0,8.485612253682397,True,False,False,2,synthetic_2d_kinematics_ideal_odometry
1789808674.959994,3.0146618308244766,1.1386800504453443,-0.7043594436250199,0.5999999999999999,0.0,0,0,8.500725068682383,True,False,False,2,synthetic_2d_kinematics_ideal_odometry
1789808674.9849172,3.026059125858698,1.128994992214403,-0.7043594436250199,0.5999999999999999,0.0,0,0,8.51568162868239,True,False,False,2,synthetic_2d_kinematics_ideal_odometry
1789808675.0099697,3.0375121637408427,1.1192625654871238,-0.7043594436250199,0.5999999999999999,0.0,0,0,8.530711339482393,True,False,False,2,synthetic_2d_kinematics_ideal_odometry
1789808675.0348547,3.0488913667419504,1.109592881289556,-0.7043594436250199,0.5999999999999999,0.0,0,0,8.545644157482393,True,False,False,2,synthetic_2d_kinematics_ideal_odometry
1789808675.0599034,3.0603339732433574,1.0998693188173096,-0.7043594436250199,0.5999999999999999,0.0,0,0,8.560660179282381,True,False,False,2,synthetic_2d_kinematics_ideal_odometry
1789808675.084951,3.0717943521839666,1.0901306538924147,-0.7043594436250199,0.5999999999999999,0.0,0,0,8.57569952368238,True,False,False,2,synthetic_2d_kinematics_ideal_odometry
1789808675.11004,3.0832631544130886,1.0803848311252862,-0.7043594436250199,0.5999999999999999,0.0,0,0,8.590749921882393,True,False,False,2,synthetic_2d_kinematics_ideal_odometry
1789808675.1352437,3.094096259229007,1.0711792037681782,-0.7043594436250199,0.5647058823529411,0.0,0,0,8.604966100517688,True,False,False,2,synthetic_2d_kinematics_ideal_odometry
1789808675.159801,3.1046865950972142,1.0621798737288275,-0.7043594436250199,0.5647058823529411,0.0,0,0,8.618863695811788,True,False,False,2,synthetic_2d_kinematics_ideal_odometry
1789808675.1848361,3.115459456285706,1.0530254394870964,-0.7043594436250199,0.5647058823529411,0.0,0,0,8.633000817317692,True,False,False,2,synthetic_2d_kinematics_ideal_odometry
1789808675.2097774,3.126847310152142,1.043317794683908,-0.7074769456250148,0.5999999999999999,-0.125,0,0,8.647964826917667,True,False,False,2,synthetic_2d_kinematics_ideal_odometry
1789808675.2347922,3.138226519675373,1.033556043032025,-0.7106004050000191,0.5999999999999999,-0.125,0,0,8.662957431917688,True,False,False,2,synthetic_2d_kinematics_ideal_odometry
1789808675.259975,3.1496837500378634,1.0236962578385511,-0.7106004050000191,0.5999999999999999,0.0,0,0,8.678073102317661,True,False,False,2,synthetic_2d_kinematics_ideal_odometry
1789808675.2850103,3.1610724128843084,1.0138954800105637,-0.7106004050000191,0.5999999999999999,0.0,0,0,8.693098310717666,True,False,False,2,synthetic_2d_kinematics_ideal_odometry
1789808675.3215294,3.1776793383921067,0.9996040052779813,-0.7106004050000191,0.5999999999999999,0.0,0,0,8.71500803971767,True,False,False,2,synthetic_2d_kinematics_ideal_odometry
1789808675.3631635,3.196610559893049,0.9833123037459552,-0.7106004050000191,0.5999999999999999,0.0,0,0,8.739984242117682,True,False,False,2,synthetic_2d_kinematics_ideal_odometry
1789808675.3848662,3.2064851699419585,0.9748144791521238,-0.7106004050000191,0.5999999999999999,0.0,0,0,8.753011941317677,True,False,False,2,synthetic_2d_kinematics_ideal_odometry
1789808675.4101014,3.2172854876048267,0.9655200154110621,-0.7106004050000191,0.5647058823529411,0.0,0,0,8.767260938400025,True,False,False,2,synthetic_2d_kinematics_ideal_odometry
1789808675.4348817,3.22789094446023,0.9563932436551875,-0.7106004050000191,0.5647058823529411,0.0,0,0,8.781252853129455,True,False,False,2,synthetic_2d_kinematics_ideal_odometry
1789808675.459959,3.2392978408904214,0.9465767744940105,-0.7106004050000191,0.5999999999999999,0.0,0,0,8.796302117329457,True,False,False,2,synthetic_2d_kinematics_ideal_odometry
1789808675.4848406,3.250613443427192,0.9368388704092201,-0.7106004050000191,0.5999999999999999,0.0,0,0,8.811230936329457,True,False,False,2,synthetic_2d_kinematics_ideal_odometry
1789808675.509879,3.2620000411075485,0.9270398698077853,-0.7106004050000191,0.5999999999999999,0.0,0,0,8.826253420129456,True,False,False,2,synthetic_2d_kinematics_ideal_odometry
1789808675.5349414,3.2733917946539854,0.91723643220627,-0.7106004050000191,0.5999999999999999,0.0,0,0,8.841282706129448,True,False,False,2,synthetic_2d_kinematics_ideal_odometry
1789808675.5599983,3.284790889295096,0.9074266770555502,-0.7106004050000191,0.5999999999999999,0.0,0,0,8.856321677329436,True,False,False,2,synthetic_2d_kinematics_ideal_odometry
1789808675.5849013,3.296116260554054,0.8976803662704196,-0.7106004050000191,0.5999999999999999,0.0,0,0,8.871263384329428,True,False,False,2,synthetic_2d_kinematics_ideal_odometry
1789808675.6099713,3.3068487807809266,0.8884442471846046,-0.7106004050000191,0.5647058823529411,0.0,0,0,8.885422935388258,True,False,False,2,synthetic_2d_kinematics_ideal_odometry
1789808675.6348271,3.31749265293036,0.8792844162568968,-0.7106004050000191,0.5647058823529411,0.0,0,0,8.899465531905914,True,False,False,2,synthetic_2d_kinematics_ideal_odometry
1789808675.6597478,3.3288281699259907,0.8695293743228713,-0.7106004050000191,0.5999999999999999,0.0,0,0,8.914420624305924,True,False,False,2,synthetic_2d_kinematics_ideal_odometry
1789808675.6848886,3.340261166308075,0.8596904442430358,-0.7106004050000191,0.5999999999999999,0.0,0,0,8.929504322505922,True,False,False,2,synthetic_2d_kinematics_ideal_odometry
1789808675.7097878,3.351585156848193,0.8499453216675107,-0.7106004050000191,0.5999999999999999,0.0,0,0,8.944444207905908,True,False,False,2,synthetic_2d_kinematics_ideal_odometry
1789808675.7347424,3.362934280473208,0.8401785702331355,-0.7106004050000191,0.5999999999999999,0.0,0,0,8.95941725170591,True,False,False,2,synthetic_2d_kinematics_ideal_odometry
1789808675.7598164,3.3743361733893558,0.8303664069619615,-0.7106004050000191,0.5999999999999999,0.0,0,0,8.974459914705907,True,False,False,2,synthetic_2d_kinematics_ideal_odometry
1789808675.7847562,3.385679583130507,0.820604572742806,-0.7106004050000191,0.5999999999999999,0.0,0,0,8.989425420105924,True,False,False,2,synthetic_2d_kinematics_ideal_odometry
1789808675.818202,3.400884167182172,0.8075199154598092,-0.7106004050000191,0.5999999999999999,0.0,0,0,9.009485022105904,True,False,False,2,synthetic_2d_kinematics_ideal_odometry
1789808675.8351529,3.408585062361357,0.8008927315888449,-0.7106004050000191,0.5999999999999999,0.0,0,0,9.01964491150591,True,False,False,2,synthetic_2d_kinematics_ideal_odometry
1789808675.860704,3.419512449388129,0.7914889153609147,-0.7106004050000191,0.5647058823529411,0.0,0,0,9.034061552823552,True,False,False,2,synthetic_2d_kinematics_ideal_odometry
1789808675.8851733,3.4300010419787266,0.7824627138573017,-0.7106004050000191,0.5647058823529411,0.0,0,0,9.047899287035314,True,False,False,2,synthetic_2d_kinematics_ideal_odometry
1789808675.9099844,3.4406199672364743,0.7733243515555607,-0.7106004050000191,0.5647058823529411,0.0,0,0,9.061908970800037,True,False,False,2,synthetic_2d_kinematics_ideal_odometry
1789808675.9348633,3.4519337360913167,0.7635880254882623,-0.7106004050000191,0.5999999999999999,0.0,0,0,9.07683537060004,True,False,False,2,synthetic_2d_kinematics_ideal_odometry
1789808675.9598606,3.4633042281139446,0.7538028849839522,-0.7106004050000191,0.5999999999999999,0.0,0,0,9.091836606000024,True,False,False,2,synthetic_2d_kinematics_ideal_odometry
1789808675.9852881,3.474847303624044,0.7438692237586151,-0.7106004050000191,0.5999999999999999,0.0,0,0,9.107065533000034,True,False,False,2,synthetic_2d_kinematics_ideal_odometry
1789808676.0098855,3.4860570314944703,0.7342224325723662,-0.7106004050000191,0.5999999999999999,0.0,0,0,9.121854670200022,True,False,False,2,synthetic_2d_kinematics_ideal_odometry
1789808676.0355864,3.497731823761272,0.7241754194385508,-0.7106004050000191,0.5999999999999999,0.0,0,0,9.137257372800022,True,False,False,2,synthetic_2d_kinematics_ideal_odometry
1789808676.0600069,3.5088203139670298,0.7146329621352011,-0.7106004050000191,0.5999999999999999,0.0,0,0,9.151886559600026,True,False,False,2,synthetic_2d_kinematics_ideal_odometry
1789808676.0849586,3.5201963820745426,0.7048430230017769,-0.7106004050000191,0.5999999999999999,0.0,0,0,9.166895151600041,True,False,False,2,synthetic_2d_kinematics_ideal_odometry
1789808676.1098323,3.531517082720041,0.6951007316213345,-0.7106004050000191,0.5999999999999999,0.0,0,0,9.181830696600022,True,False,False,2,synthetic_2d_kinematics_ideal_odometry
1789808676.1347911,3.542848268905262,0.6853186209684057,-0.7137190476250236,0.5999999999999999,-0.125,0,0,9.196800181200043,True,False,False,2,synthetic_2d_kinematics_ideal_odometry
1789808676.1598597,3.554203942123612,0.6754532447236841,-0.7168529028750225,0.5999999999999999,-0.125,0,0,9.211842686400038,True,False,False,2,synthetic_2d_kinematics_ideal_odometry
1789808676.1849728,3.5655467672434784,0.6655364340701342,-0.7199917805000208,0.5999999999999999,-0.125,0,0,9.22690929900003,True,False,False,2,synthetic_2d_kinematics_ideal_odometry
1789808676.20975,3.576711514889683,0.6557137151349778,-0.7230898407500174,0.5999999999999999,-0.125,0,0,9.241779988200014,True,False,False,2,synthetic_2d_kinematics_ideal_odometry
1789808676.2347605,3.587946122632736,0.6457673378644697,-0.7262158602500189,0.5999999999999999,-0.125,0,0,9.256784881800021,True,False,False,2,synthetic_2d_kinematics_ideal_odometry
1789808676.259783,3.599167191387465,0.6358016180354722,-0.7262158602500189,0.5999999999999999,0.0,0,0,9.271792478400025,True,False,False,2,synthetic_2d_kinematics_ideal_odometry
1789808676.2849708,3.610463100880492,0.6257694302214744,-0.7262158602500189,0.5999999999999999,0.0,0,0,9.286900170600026,True,False,False,2,synthetic_2d_kinematics_ideal_odometry
1789808676.3097386,3.6215794587275454,0.6158967068433269,-0.7262158602500189,0.5999999999999999,0.0,0,0,9.301767721800044,True,False,False,2,synthetic_2d_kinematics_ideal_odometry
1789808676.3349242,3.6322088880918764,0.6064564371771776,-0.7262158602500189,0.5647058823529411,0.0,0,0,9.315984031447098,True,False,False,2,synthetic_2d_kinematics_ideal_odometry
1789808676.359938,3.64277270389539,0.597074440602334,-0.7262158602500189,0.5647058823529411,0.0,0,0,9.330112586364743,True,False,False,2,synthetic_2d_kinematics_ideal_odometry
1789808676.3849835,3.65334788645589,0.5876823489181946,-0.7262158602500189,0.5647058823529411,0.0,0,0,9.344256343729432,True,False,False,2,synthetic_2d_kinematics_ideal_odometry
1789808676.410027,3.663260708154892,0.5788785169547352,-0.7262158602500189,0.5294117647058822,0.0,0,0,9.357514227847082,True,False,False,2,synthetic_2d_kinematics_ideal_odometry
1789808676.434742,3.6730492753526827,0.5701850386103139,-0.7262158602500189,0.5294117647058822,0.0,0,0,9.370605928023553,True,False,False,2,synthetic_2d_kinematics_ideal_odometry
1789808676.4598231,3.6829779693338525,0.5613671100647382,-0.7262158602500189,0.5294117647058822,0.0,0,0,9.383885040494143,True,False,False,2,synthetic_2d_kinematics_ideal_odometry
1789808676.4848728,3.6928932297861645,0.5525611121817255,-0.7262158602500189,0.5294117647058822,0.0,0,0,9.397146186317668,True,False,False,2,synthetic_2d_kinematics_ideal_odometry
1789808676.5097861,3.7027558759466723,0.5438018424047948,-0.7262158602500189,0.5294117647058822,0.0,0,0,9.410336963258866,True,False,False,2,synthetic_2d_kinematics_ideal_odometry
1789808676.5349236,3.7120315839702624,0.5355638474865544,-0.7262158602500189,0.4941176470588234,0.0,0,0,9.422742740929445,True,False,False,2,synthetic_2d_kinematics_ideal_odometry
1789808676.560046,3.7213151180130133,0.5273189020793688,-0.7262158602500189,0.4941176470588234,0.0,0,0,9.435158985494143,True,False,False,2,synthetic_2d_kinematics_ideal_odometry
1789808676.5849721,3.730526574578167,0.5191379705342685,-0.7262158602500189,0.4941176470588234,0.0,0,0,9.447478830176497,True,False,False,2,synthetic_2d_kinematics_ideal_odometry
1789808676.6100814,3.7398019626597025,0.5109002597647975,-0.7262158602500189,0.4941176470588234,0.0,0,0,9.459884179941197,True,False,False,2,synthetic_2d_kinematics_ideal_odometry
1789808676.6349738,3.748998079370198,0.5027329519392449,-0.7262158602500189,0.4941176470588234,0.0,0,0,9.472183508364749,True,False,False,2,synthetic_2d_kinematics_ideal_odometry
1789808676.6599717,3.757572323300632,0.4951179453276706,-0.7262158602500189,0.4588235294117646,0.0,0,0,9.483651114247099,True,False,False,2,synthetic_2d_kinematics_ideal_odometry
1789808676.6849787,3.7661522674986156,0.4874978761618433,-0.7262158602500189,0.4588235294117646,0.0,0,0,9.495126343941205,True,False,False,2,synthetic_2d_kinematics_ideal_odometry
1789808676.7102497,3.7748167904799375,0.4798026904026993,-0.7262158602500189,0.4588235294117646,0.0,0,0,9.506714693364724,True,False,False,2,synthetic_2d_kinematics_ideal_odometry
1789808676.7350235,3.783320506635631,0.4722503213222364,-0.7262158602500189,0.4588235294117646,0.0,0,0,9.518087972011806,True,False,False,2,synthetic_2d_kinematics_ideal_odometry
1789808676.7597778,3.791820453602595,0.4647012997552487,-0.7262158602500189,0.4588235294117646,0.0,0,0,9.529456209564744,True,False,False,2,synthetic_2d_kinematics_ideal_odometry
1789808676.784743,3.8003768927733863,0.45710210600875,-0.7262158602500189,0.4588235294117646,0.0,0,0,9.540900002505909,True,False,False,2,synthetic_2d_kinematics_ideal_odometry
1789808676.8168068,3.811385266560886,0.4473252860518392,-0.7262158602500189,0.4588235294117646,0.0,0,0,9.555623130635324,True,False,False,2,synthetic_2d_kinematics_ideal_odometry
1789808676.8347447,3.8165960125143483,0.4427079249486839,-0.7239742505000176,0.38823529411764696,0.125,0,0,9.562585306800035,True,False,False,2,synthetic_2d_kinematics_ideal_odometry
1789808676.8597863,3.823226101642476,0.436864565409967,-0.7208442720000189,0.35294117647058815,0.125,0,0,9.571422893152972,True,False,False,2,synthetic_2d_kinematics_ideal_odometry
1789808676.8847818,3.8298630104798392,0.43105197174445675,-0.7177196707500183,0.35294117647058815,0.125,0,0,9.580245296682385,True,False,False,2,synthetic_2d_kinematics_ideal_odometry
1789808676.9100268,3.836580196522346,0.42520622953716913,-0.7145659306250177,0.35294117647058815,0.125,0,0,9.589149974682387,True,False,False,2,synthetic_2d_kinematics_ideal_odometry
1789808676.934892,3.8432175079194217,0.4194664182121377,-0.711458144125022,0.35294117647058815,0.125,0,0,9.597924901270611,True,False,False,2,synthetic_2d_kinematics_ideal_odometry
1789808676.9599907,3.84993645023038,0.41369258706093487,-0.7083205930000215,0.35294117647058815,0.125,0,0,9.606783869152965,True,False,False,2,synthetic_2d_kinematics_ideal_odometry
1789808676.9850006,3.856649558603271,0.40796022299722434,-0.7051941653750159,0.35294117647058815,0.125,0,0,9.615611429505922,True,False,False,2,synthetic_2d_kinematics_ideal_odometry
1789808677.00997,3.863359206478425,0.40224892615736335,-0.7051941653750159,0.35294117647058815,0.0,0,0,9.624422688564737,True,False,False,2,synthetic_2d_kinematics_ideal_odometry
1789808677.0349405,3.8700700989795846,0.396536569883579,-0.7051941653750159,0.35294117647058815,0.0,0,0,9.63323558209415,True,False,False,2,synthetic_2d_kinematics_ideal_odometry
1789808677.0599396,3.876124447712423,0.3913993584109217,-0.7020695668750147,0.31764705882352934,0.125,0,0,9.641175738282389,True,False,False,2,synthetic_2d_kinematics_ideal_odometry
1789808677.0847697,3.8821611286802513,0.3863094058029432,-0.6989622868750129,0.31764705882352934,0.125,0,0,9.649071885105922,True,False,False,2,synthetic_2d_kinematics_ideal_odometry
1789808677.1097994,3.8882553090856478,0.3812033965668189,-0.695833620000013,0.31764705882352934,0.125,0,0,9.65702237975298,True,False,False,2,synthetic_2d_kinematics_ideal_odometry
1789808677.134811,3.8943597571204687,0.3761211907026656,-0.6927078565000184,0.31764705882352934,0.125,0,0,9.66496549641179,True,False,False,2,synthetic_2d_kinematics_ideal_odometry
1789808677.1599529,3.9005114082842813,0.37103224115485545,-0.6895661041250176,0.31764705882352934,0.125,0,0,9.672949243623558,True,False,False,2,synthetic_2d_kinematics_ideal_odometry
1789808677.1849542,3.9066440332160073,0.3659913081055792,-0.6864421496250128,0.31764705882352934,0.125,0,0,9.680887763294159,True,False,False,2,synthetic_2d_kinematics_ideal_odometry
1789808677.2100468,3.9128174425008453,0.36094914955275814,-0.6833054751250143,0.31764705882352934,0.125,0,0,9.688858606729449,True,False,False,2,synthetic_2d_kinematics_ideal_odometry
1789808677.2349052,3.918949171503939,0.3559728673039493,-0.6801978873750127,0.31764705882352934,0.125,0,0,9.69675553560004,True,False,False,2,synthetic_2d_kinematics_ideal_odometry
1789808677.259953,3.924439429222207,0.3515454739988309,-0.6770754676250132,0.28235294117647053,0.125,0,0,9.703808530800039,True,False,False,2,synthetic_2d_kinematics_ideal_odometry
1789808677.2850034,3.9299743843363544,0.3471105654812499,-0.6739355405000151,0.28235294117647053,0.125,0,0,9.710901072070623,True,False,False,2,synthetic_2d_kinematics_ideal_odometry
1789808677.3096497,3.935418979721004,0.34277579686444143,-0.6708545373750181,0.28235294117647053,0.125,0,0,9.717860514423558,True,False,False,2,synthetic_2d_kinematics_ideal_odometry
1789808677.3348918,3.94100789658447,0.33835452644345787,-0.6676996813750162,0.28235294117647053,0.125,0,0,9.724986777388269,True,False,False,2,synthetic_2d_kinematics_ideal_odometry
1789808677.360129,3.946611300198992,0.3339504667210979,-0.6645445070000133,0.28235294117647053,0.125,0,0,9.732113759505923,True,False,False,2,synthetic_2d_kinematics_ideal_odometry
1789808677.3849196,3.9521281929845804,0.3296422410873225,-0.6614456462500127,0.28235294117647053,0.125,0,0,9.739113539082394,True,False,False,2,synthetic_2d_kinematics_ideal_odometry
1789808677.4099765,3.957718179165548,0.3253049046601357,-0.6583133343750132,0.28235294117647053,0.125,0,0,9.746188878847098,True,False,False,2,synthetic_2d_kinematics_ideal_odometry
1789808677.4349043,3.963290687224664,0.3210089483602321,-0.6551983507500165,0.28235294117647053,0.125,0,0,9.753225077152972,True,False,False,2,synthetic_2d_kinematics_ideal_odometry
1789808677.4598556,3.968183026504803,0.31726159777312746,-0.6520803693750179,0.24705882352941172,0.125,0,0,9.759387675635322,True,False,False,2,synthetic_2d_kinematics_ideal_odometry
1789808677.4848754,3.973104941347722,0.313515929859834,-0.6489510110000193,0.24705882352941172,0.125,0,0,9.765572760423554,True,False,False,2,synthetic_2d_kinematics_ideal_odometry
1789808677.510291,3.9780909718928723,0.309746179956367,-0.6457884437500181,0.24705882352941172,0.125,0,0,9.771823481576497,True,False,False,2,synthetic_2d_kinematics_ideal_odometry
1789808677.5348847,3.982966120627041,0.3060841413817391,-0.6427034781250183,0.24705882352941172,0.125,0,0,9.777920825400026,True,False,False,2,synthetic_2d_kinematics_ideal_odometry
1789808677.5599086,3.9879272989434247,0.3023815481549987,-0.6395713718750184,0.24705882352941172,0.125,0,0,9.784111341282378,True,False,False,2,synthetic_2d_kinematics_ideal_odometry
1789808677.584765,3.9928620889995146,0.2987225666544801,-0.6364631478750167,0.24705882352941172,0.125,0,0,9.790254654600028,True,False,False,2,synthetic_2d_kinematics_ideal_odometry
1789808677.6097457,3.9978311595545115,0.29506210373344066,-0.6333405300000163,0.24705882352941172,0.125,0,0,9.796426416988265,True,False,False,2,synthetic_2d_kinematics_ideal_odometry
1789808677.6347725,4.002816439243745,0.2914136715007433,-0.6302149041250158,0.24705882352941172,0.125,0,0,9.80260412460003,True,False,False,2,synthetic_2d_kinematics_ideal_odometry
1789808677.660053,4.007859763828774,0.2877226185460124,-0.6333769646250187,0.24705882352941172,-0.125,0,0,9.808853844176507,True,False,False,2,synthetic_2d_kinematics_ideal_odometry
1789808677.6848395,4.012790902147223,0.2840899116735397,-0.636475801500016,0.24705882352941172,-0.125,0,0,9.814978604117679,True,False,False,2,synthetic_2d_kinematics_ideal_odometry
1789808677.709796,4.017743455482876,0.2804176190742857,-0.6395952561250167,0.24705882352941172,-0.125,0,0,9.821144114435327,True,False,False,2,synthetic_2d_kinematics_ideal_odometry
1789808677.734909,4.02201208352926,0.2772525107831033,-0.6364584922500183,0.2117647058823529,0.125,0,0,9.826458161470619,True,False,False,2,synthetic_2d_kinematics_ideal_odometry
1789808677.7602003,4.026324369527417,0.2740760280496373,-0.6332970131250205,0.2117647058823529,0.125,0,0,9.831814079047087,True,False,False,2,synthetic_2d_kinematics_ideal_odometry
1789808677.785047,4.0305698394898775,0.27096923650661625,-0.6301916712500214,0.2117647058823529,0.125,0,0,9.837074893517674,True,False,False,2,synthetic_2d_kinematics_ideal_odometry
1789808677.8118675,4.035161246743905,0.2676319953930443,-0.6268411910000152,0.2117647058823529,0.125,0,0,9.842751001235332,True,False,False,2,synthetic_2d_kinematics_ideal_odometry
1789808677.8348165,4.039105768633593,0.26478365310305224,-0.6239692420000195,0.2117647058823529,0.125,0,0,9.847616420717678,True,False,False,2,synthetic_2d_kinematics_ideal_odometry
1789808677.8599236,4.043424201763742,0.26168500781060067,-0.6208318466250203,0.2117647058823529,0.125,0,0,9.852931537588265,True,False,False,2,synthetic_2d_kinematics_ideal_odometry
1789808677.885072,4.047760839967892,0.25859388441137743,-0.6176882932500163,0.2117647058823529,0.125,0,0,9.858257086835332,True,False,False,2,synthetic_2d_kinematics_ideal_odometry
1789808677.9099207,4.052057056064541,0.25555177845348376,-0.6145809485000171,0.2117647058823529,0.125,0,0,9.863521294411802,True,False,False,2,synthetic_2d_kinematics_ideal_odometry
1789808677.9348397,4.056357772920942,0.2525064750330133,-0.6176915521250137,0.2117647058823529,-0.125,0,0,9.868791022905913,True,False,False,2,synthetic_2d_kinematics_ideal_odometry
1789808677.9600725,4.060713063701711,0.2494019903335652,-0.620848649000014,0.2117647058823529,-0.125,0,0,9.874139516435326,True,False,False,2,synthetic_2d_kinematics_ideal_odometry
1789808677.984933,4.064990416741969,0.24633280942440552,-0.6239562033750132,0.2117647058823529,-0.125,0,0,9.879404079141207,True,False,False,2,synthetic_2d_kinematics_ideal_odometry
1789808678.0100172,4.068587733383009,0.24375166122448805,-0.6208200370000128,0.1764705882352941,0.125,0,0,9.883831608141207,True,False,False,2,synthetic_2d_kinematics_ideal_odometry
1789808678.034872,4.072160262518991,0.24120515587786245,-0.6177124265000102,0.1764705882352941,0.125,0,0,9.88821882296474,True,False,False,2,synthetic_2d_kinematics_ideal_odometry
1789808678.0597599,4.075745597169071,0.23866629994260968,-0.6146005597500135,0.1764705882352941,0.125,0,0,9.892612046611793,True,False,False,2,synthetic_2d_kinematics_ideal_odometry
1789808678.0848436,4.07936468082953,0.23612047832509936,-0.611466316875007,0.1764705882352941,0.125,0,0,9.897036860082391,True,False,False,2,synthetic_2d_kinematics_ideal_odometry
1789808678.1098235,4.082980082906269,0.2335941210200155,-0.6083421241250135,0.1764705882352941,0.125,0,0,9.901447485141205,True,False,False,2,synthetic_2d_kinematics_ideal_odometry
1789808678.1347258,4.086590392784076,0.23108804248919615,-0.6052291005000086,0.1764705882352941,0.125,0,0,9.905842342023565,True,False,False,2,synthetic_2d_kinematics_ideal_odometry
1789808678.1598167,4.090234987258643,0.22857500301363204,-0.6020933002500085,0.1764705882352941,0.125,0,0,9.910269354141212,True,False,False,2,synthetic_2d_kinematics_ideal_odometry
1789808678.184823,4.0938743757298095,0.22608232533180928,-0.5989687078750136,0.1764705882352941,0.125,0,0,9.9146805433765,True,False,False,2,synthetic_2d_kinematics_ideal_odometry
1789808678.2098851,4.09753086320231,0.22359470645971866,-0.5958361323750095,0.1764705882352941,0.125,0,0,9.919103002905917,True,False,False,2,synthetic_2d_kinematics_ideal_odometry
1789808678.2348003,4.101173821968644,0.2211329016620351,-0.5927217500000138,0.1764705882352941,0.125,0,0,9.923499778023558,True,False,False,2,synthetic_2d_kinematics_ideal_odometry
1789808678.2599308,4.104115534483992,0.21915164423431926,-0.5927217500000138,0.1411764705882353,0.0,0,0,9.927046474164735,True,False,False,2,synthetic_2d_kinematics_ideal_odometry
1789808678.285054,4.107057909874469,0.21716994035703857,-0.5927217500000138,0.1411764705882353,0.0,0,0,9.930593969505917,True,False,False,2,synthetic_2d_kinematics_ideal_odometry
1789808678.30972,4.109946703386056,0.21522432413107936,-0.5927217500000138,0.1411764705882353,0.0,0,0,9.934076863482384,True,False,False,2,synthetic_2d_kinematics_ideal_odometry
1789808678.3406758,4.114462246234979,0.21215763965476236,-0.6004545547500199,0.1764705882352941,-0.25,0,0,9.939535313894153,True,False,False,2,synthetic_2d_kinematics_ideal_odometry
1789808678.3599894,4.117272638188392,0.21022307740828583,-0.6052880325000173,0.1764705882352941,-0.25,0,0,9.94294718054121,True,False,False,2,synthetic_2d_kinematics_ideal_odometry
1789808678.3848922,4.1208781749279035,0.20771167474264543,-0.6115128340000139,0.1764705882352941,-0.25,0,0,9.94734115807062,True,False,False,2,synthetic_2d_kinematics_ideal_odometry
1789808678.4099824,4.122326424041377,0.20669281075752824,-0.6146485140000136,0.07058823529411765,-0.125,0,0,9.949111895011796,True,False,False,2,synthetic_2d_kinematics_ideal_odometry
1789808678.4349241,4.1237616226949765,0.20567640843460616,-0.6177627996250165,0.07058823529411765,-0.125,0,0,9.950870550423563,True,False,False,2,synthetic_2d_kinematics_ideal_odometry
1789808678.4598038,4.1251935272509375,0.20465562852744623,-0.6208768201250164,0.07058823529411765,-0.125,0,0,9.95262905611768,True,False,False,2,synthetic_2d_kinematics_ideal_odometry
1789808678.484914,4.126633784903158,0.20362208703087648,-0.6240160187500164,0.07058823529411765,-0.125,0,0,9.95440178004709,True,False,False,2,synthetic_2d_kinematics_ideal_odometry
1789808678.5098433,4.128061040760493,0.20259109584900556,-0.6271338936250187,0.07058823529411765,-0.125,0,0,9.956162462329445,True,False,False,2,synthetic_2d_kinematics_ideal_odometry
1789808678.5347803,4.129484944478744,0.20155575503006895,-0.6302514820000168,0.07058823529411765,-0.125,0,0,9.957922982823561,True,False,False,2,synthetic_2d_kinematics_ideal_odometry
1789808678.5598052,4.130910176230188,0.20051262972465328,-0.6333790945000187,0.07058823529411765,-0.125,0,0,9.959689164000032,True,False,False,2,synthetic_2d_kinematics_ideal_odometry
1789808678.58476,4.132328595211247,0.19946767089673106,-0.6364989045000128,0.07058823529411765,-0.125,0,0,9.961450939058853,True,False,False,2,synthetic_2d_kinematics_ideal_odometry
1789808678.6099725,4.133757206527103,0.19840827858483173,-0.6396484212500125,0.07058823529411765,-0.125,0,0,9.963229489694147,True,False,False,2,synthetic_2d_kinematics_ideal_odometry
1789808678.6348913,4.135166805796411,0.19735612576417538,-0.6427632741250134,0.07058823529411765,-0.125,0,0,9.964988465435324,True,False,False,2,synthetic_2d_kinematics_ideal_odometry
1789808678.6599944,4.136583289566849,0.19629192286948263,-0.6459006761250136,0.07058823529411765,-0.125,0,0,9.96676017480003,True,False,False,2,synthetic_2d_kinematics_ideal_odometry
1789808678.68499,4.137990552890816,0.19522773810349003,-0.6490250200000145,0.07058823529411765,-0.125,0,0,9.968524510164736,True,False,False,2,synthetic_2d_kinematics_ideal_odometry
1789808678.7099345,4.13939156063933,0.19416139439234423,-0.6521428493750148,0.07058823529411765,-0.125,0,0,9.970285166752971,True,False,False,2,synthetic_2d_kinematics_ideal_odometry
1789808678.734895,4.140792081545631,0.19309196902800255,-0.6521428493750148,0.07058823529411765,0.0,0,0,9.972047304494149,True,False,False,2,synthetic_2d_kinematics_ideal_odometry
1789808678.7598543,4.142192248108661,0.19202281423704481,-0.6521428493750148,0.07058823529411765,0.0,0,0,9.973808996400033,True,False,False,2,synthetic_2d_kinematics_ideal_odometry
1789808678.7849395,4.143599143154449,0.19094852163622494,-0.6521428493750148,0.07058823529411765,0.0,0,0,9.975579154094149,True,False,False,2,synthetic_2d_kinematics_ideal_odometry
1789808678.8189604,4.145507290529973,0.18949147719432707,-0.6521428493750148,0.07058823529411765,0.0,0,0,9.977979988305915,True,False,False,2,synthetic_2d_kinematics_ideal_odometry
1789808678.8347318,4.146394280854144,0.18881417923588395,-0.6521428493750148,0.07058823529411765,0.0,0,0,9.979096001011795,True,False,False,2,synthetic_2d_kinematics_ideal_odometry
1789808678.859724,4.14919151132347,0.18666437340435904,-0.658390193625014,0.1411764705882353,-0.25,0,0,9.982623913058854,True,False,False,2,synthetic_2d_kinematics_ideal_odometry
1789808678.8847833,4.151983216522375,0.18449089725520304,-0.6646554451250251,0.1411764705882353,-0.25,0,0,9.98616193743533,True,False,False,2,synthetic_2d_kinematics_ideal_odometry
1789808678.9098303,4.154759342188149,0.18230148718692354,-0.6709163841250256,0.1411764705882353,-0.25,0,0,9.989697526517684,True,False,False,2,synthetic_2d_kinematics_ideal_odometry
1789808678.9347541,4.1575087411845235,0.18010516224720494,-0.6771478653750234,0.1411764705882353,-0.25,0,0,9.99321648063533,True,False,False,2,synthetic_2d_kinematics_ideal_odometry
1789808678.9600384,4.1602819009440335,0.17786120925425145,-0.6834649866250158,0.1411764705882353,-0.25,0,0,9.996783796164737,True,False,False,2,synthetic_2d_kinematics_ideal_odometry
1789808678.9849455,4.1630014991900115,0.17563222663011976,-0.6896918213750252,0.1411764705882353,-0.25,0,0,10.000300126376507,True,False,False,2,synthetic_2d_kinematics_ideal_odometry
1789808679.0099833,4.16368318997747,0.1750699557072831,-0.6896918213750252,0.03529411764705882,0.0,0,0,10.001183784070625,True,False,False,2,synthetic_2d_kinematics_ideal_odometry
1789808679.0348878,4.16436136034769,0.17451058848842171,-0.6896918213750252,0.03529411764705882,0.0,0,0,10.002062878341214,True,False,False,2,synthetic_2d_kinematics_ideal_odometry
1789808679.0598607,4.165041214812415,0.17394983219787333,-0.6896918213750252,0.03529411764705882,0.0,0,0,10.00294415565886,True,False,False,2,synthetic_2d_kinematics_ideal_odometry
1789808679.0850174,4.165726080038923,0.173384942940145,-0.6896918213750252,0.03529411764705882,0.0,0,0,10.003831928294153,True,False,False,2,synthetic_2d_kinematics_ideal_odometry
1789808679.110015,4.166406758104362,0.17282350732879437,-0.6896918213750252,0.03529411764705882,0.0,0,0,10.004714273223566,True,False,False,2,synthetic_2d_kinematics_ideal_odometry
1789808679.1349182,4.166406758104362,0.17282350732879437,-0.680352112250024,0.0,0.375,0,0,10.004714273223566,True,False,False,2,synthetic_2d_kinematics_ideal_odometry
1789808679.1597998,4.166406758104362,0.17282350732879437,-0.6710153446250371,0.0,0.375,0,0,10.004714273223566,True,False,False,2,synthetic_2d_kinematics_ideal_odometry
1789808679.1847746,4.166406758104362,0.17282350732879437,-0.6616482125000371,0.0,0.375,0,0,10.004714273223566,True,False,False,2,synthetic_2d_kinematics_ideal_odometry
1789808679.2098145,4.166406758104362,0.17282350732879437,-0.6522612447500333,0.0,0.375,0,0,10.004714273223566,True,False,False,2,synthetic_2d_kinematics_ideal_odometry
1789808679.2347584,4.166406758104362,0.17282350732879437,-0.6429060256250279,0.0,0.375,0,0,10.004714273223566,True,False,False,2,synthetic_2d_kinematics_ideal_odometry
1789808679.2600162,4.166406758104362,0.17282350732879437,-0.6334423786250238,0.0,0.375,0,0,10.004714273223566,True,False,False,2,synthetic_2d_kinematics_ideal_odometry
1789808679.2850149,4.166406758104362,0.17282350732879437,-0.6240672961250309,0.0,0.375,0,0,10.004714273223566,True,False,False,2,synthetic_2d_kinematics_ideal_odometry
1789808679.3099878,4.166406758104362,0.17282350732879437,-0.614700530750032,0.0,0.375,0,0,10.004714273223566,True,False,False,2,synthetic_2d_kinematics_ideal_odometry
1789808679.3348734,4.166406758104362,0.17282350732879437,-0.6053765150000356,0.0,0.375,0,0,10.004714273223566,True,False,False,2,synthetic_2d_kinematics_ideal_odometry
1789808679.3600712,4.166406758104362,0.17282350732879437,-0.5959208210000395,0.0,0.375,0,0,10.004714273223566,True,False,False,2,synthetic_2d_kinematics_ideal_odometry
1789808679.3849297,4.166406758104362,0.17282350732879437,-0.5865986187500281,0.0,0.375,0,0,10.004714273223566,True,False,False,2,synthetic_2d_kinematics_ideal_odometry
1789808679.410009,4.166406758104362,0.17282350732879437,-0.577193863625038,0.0,0.375,0,0,10.004714273223566,True,False,False,2,synthetic_2d_kinematics_ideal_odometry
1789808679.4349217,4.166406758104362,0.17282350732879437,-0.5678522131250401,0.0,0.375,0,0,10.004714273223566,True,False,False,2,synthetic_2d_kinematics_ideal_odometry
1789808679.460065,4.166406758104362,0.17282350732879437,-0.5584228981250416,0.0,0.375,0,0,10.004714273223566,True,False,False,2,synthetic_2d_kinematics_ideal_odometry
1789808679.4848912,4.166406758104362,0.17282350732879437,-0.549107118125026,0.0,0.375,0,0,10.004714273223566,True,False,False,2,synthetic_2d_kinematics_ideal_odometry
1789808679.5098379,4.166406758104362,0.17282350732879437,-0.5397537162500297,0.0,0.375,0,0,10.004714273223566,True,False,False,2,synthetic_2d_kinematics_ideal_odometry
1789808679.5347888,4.166406758104362,0.17282350732879437,-0.5303940128750395,0.0,0.375,0,0,10.004714273223566,True,False,False,2,synthetic_2d_kinematics_ideal_odometry
1789808679.5597758,4.166406758104362,0.17282350732879437,-0.5210236171250426,0.0,0.375,0,0,10.004714273223566,True,False,False,2,synthetic_2d_kinematics_ideal_odometry
1789808679.5847433,4.166406758104362,0.17282350732879437,-0.5116610090000333,0.0,0.375,0,0,10.004714273223566,True,False,False,2,synthetic_2d_kinematics_ideal_odometry
1789808679.6097922,4.166406758104362,0.17282350732879437,-0.5053987132500279,0.0,0.25,0,0,10.004714273223566,True,False,False,2,synthetic_2d_kinematics_ideal_odometry
1789808679.6347144,4.166406758104362,0.17282350732879437,-0.49916802125003956,0.0,0.25,0,0,10.004714273223566,True,False,False,2,synthetic_2d_kinematics_ideal_odometry
1789808679.6599946,4.166406758104362,0.17282350732879437,-0.4928612975000388,0.0,0.25,0,0,10.004714273223566,True,False,False,2,synthetic_2d_kinematics_ideal_odometry
1789808679.6849763,4.166406758104362,0.17282350732879437,-0.48660817750002794,0.0,0.25,0,0,10.004714273223566,True,False,False,2,synthetic_2d_kinematics_ideal_odometry
1789808679.7098248,4.166406758104362,0.17282350732879437,-0.48039447025003,0.0,0.25,0,0,10.004714273223566,True,False,False,2,synthetic_2d_kinematics_ideal_odometry
1789808679.734932,4.166406758104362,0.17282350732879437,-0.4741198052500378,0.0,0.25,0,0,10.004714273223566,True,False,False,2,synthetic_2d_kinematics_ideal_odometry
1789808679.7599776,4.166406758104362,0.17282350732879437,-0.4678564140000359,0.0,0.25,0,0,10.004714273223566,True,False,False,2,synthetic_2d_kinematics_ideal_odometry
1789808679.784924,4.166406758104362,0.17282350732879437,-0.46162009800003695,0.0,0.25,0,0,10.004714273223566,True,False,False,2,synthetic_2d_kinematics_ideal_odometry
1789808679.8097093,4.166406758104362,0.17282350732879437,-0.455419652750035,0.0,0.25,0,0,10.004714273223566,True,False,False,2,synthetic_2d_kinematics_ideal_odometry
1789808679.8347054,4.166406758104362,0.17282350732879437,-0.4491701067500285,0.0,0.25,0,0,10.004714273223566,True,False,False,2,synthetic_2d_kinematics_ideal_odometry
1789808679.8597817,4.166406758104362,0.17282350732879437,-0.44290287625002783,0.0,0.25,0,0,10.004714273223566,True,False,False,2,synthetic_2d_kinematics_ideal_odometry
1789808679.8849971,4.166406758104362,0.17282350732879437,-0.4366025450000391,0.0,0.25,0,0,10.004714273223566,True,False,False,2,synthetic_2d_kinematics_ideal_odometry
1789808679.9101121,4.166406758104362,0.17282350732879437,-0.4303231517500277,0.0,0.25,0,0,10.004714273223566,True,False,False,2,synthetic_2d_kinematics_ideal_odometry
1789808679.9349704,4.166406758104362,0.17282350732879437,-0.4241101755000299,0.0,0.25,0,0,10.004714273223566,True,False,False,2,synthetic_2d_kinematics_ideal_odometry
1789808679.959915,4.166406758104362,0.17282350732879437,-0.41787301975002983,0.0,0.25,0,0,10.004714273223566,True,False,False,2,synthetic_2d_kinematics_ideal_odometry
1789808679.9849355,4.166406758104362,0.17282350732879437,-0.41162099400002866,0.0,0.25,0,0,10.004714273223566,True,False,False,2,synthetic_2d_kinematics_ideal_odometry
1789808680.010057,4.166406758104362,0.17282350732879437,-0.4053391910000355,0.0,0.25,0,0,10.004714273223566,True,False,False,2,synthetic_2d_kinematics_ideal_odometry
1789808680.035006,4.166406758104362,0.17282350732879437,-0.39909993400003124,0.0,0.25,0,0,10.004714273223566,True,False,False,2,synthetic_2d_kinematics_ideal_odometry
1789808680.0601394,4.166406758104362,0.17282350732879437,-0.3928182457500325,0.0,0.25,0,0,10.004714273223566,True,False,False,2,synthetic_2d_kinematics_ideal_odometry
1789808680.0849812,4.166406758104362,0.17282350732879437,-0.3866062835000404,0.0,0.25,0,0,10.004714273223566,True,False,False,2,synthetic_2d_kinematics_ideal_odometry
1789808680.109896,4.166406758104362,0.17282350732879437,-0.38037696450002706,0.0,0.25,0,0,10.004714273223566,True,False,False,2,synthetic_2d_kinematics_ideal_odometry
1789808680.1347668,4.166406758104362,0.17282350732879437,-0.3741561132500349,0.0,0.25,0,0,10.004714273223566,True,False,False,2,synthetic_2d_kinematics_ideal_odometry
1789808680.1597157,4.166406758104362,0.17282350732879437,-0.3679184385000381,0.0,0.25,0,0,10.004714273223566,True,False,False,2,synthetic_2d_kinematics_ideal_odometry
1789808680.1847618,4.166406758104362,0.17282350732879437,-0.36165575750002843,0.0,0.25,0,0,10.004714273223566,True,False,False,2,synthetic_2d_kinematics_ideal_odometry
1789808680.20977,4.166406758104362,0.17282350732879437,-0.355405159250037,0.0,0.25,0,0,10.004714273223566,True,False,False,2,synthetic_2d_kinematics_ideal_odometry
1789808680.2348056,4.166406758104362,0.17282350732879437,-0.34914827875003296,0.0,0.25,0,0,10.004714273223566,True,False,False,2,synthetic_2d_kinematics_ideal_odometry
1789808680.25996,4.166406758104362,0.17282350732879437,-0.3428623012500337,0.0,0.25,0,0,10.004714273223566,True,False,False,2,synthetic_2d_kinematics_ideal_odometry
1789808680.284993,4.166406758104362,0.17282350732879437,-0.3366029597500356,0.0,0.25,0,0,10.004714273223566,True,False,False,2,synthetic_2d_kinematics_ideal_odometry
1789808680.309973,4.166406758104362,0.17282350732879437,-0.3303587980000315,0.0,0.25,0,0,10.004714273223566,True,False,False,2,synthetic_2d_kinematics_ideal_odometry
1789808680.334896,4.166406758104362,0.17282350732879437,-0.3241263967500287,0.0,0.25,0,0,10.004714273223566,True,False,False,2,synthetic_2d_kinematics_ideal_odometry
1789808680.3601718,4.166406758104362,0.17282350732879437,-0.31781080750003515,0.0,0.25,0,0,10.004714273223566,True,False,False,2,synthetic_2d_kinematics_ideal_odometry
1789808680.3849864,4.166406758104362,0.17282350732879437,-0.31160401625004097,0.0,0.25,0,0,10.004714273223566,True,False,False,2,synthetic_2d_kinematics_ideal_odometry
1789808680.4100833,4.166406758104362,0.17282350732879437,-0.3084678991250384,0.0,0.125,0,0,10.004714273223566,True,False,False,2,synthetic_2d_kinematics_ideal_odometry
1789808680.4349604,4.166406758104362,0.17282350732879437,-0.3053579217500342,0.0,0.125,0,0,10.004714273223566,True,False,False,2,synthetic_2d_kinematics_ideal_odometry
1789808680.4597666,4.166406758104362,0.17282350732879437,-0.30225600637503613,0.0,0.125,0,0,10.004714273223566,True,False,False,2,synthetic_2d_kinematics_ideal_odometry
1789808680.4849982,4.166406758104362,0.17282350732879437,-0.2991026453750407,0.0,0.125,0,0,10.004714273223566,True,False,False,2,synthetic_2d_kinematics_ideal_odometry
1789808680.5099866,4.166406758104362,0.17282350732879437,-0.2959796450000354,0.0,0.125,0,0,10.004714273223566,True,False,False,2,synthetic_2d_kinematics_ideal_odometry
1789808680.534856,4.166406758104362,0.17282350732879437,-0.292870806000036,0.0,0.125,0,0,10.004714273223566,True,False,False,2,synthetic_2d_kinematics_ideal_odometry
1789808680.5599852,4.166406758104362,0.17282350732879437,-0.28973024875003683,0.0,0.125,0,0,10.004714273223566,True,False,False,2,synthetic_2d_kinematics_ideal_odometry
1789808680.5848634,4.166406758104362,0.17282350732879437,-0.2866191491250347,0.0,0.125,0,0,10.004714273223566,True,False,False,2,synthetic_2d_kinematics_ideal_odometry
1789808680.6098728,4.166406758104362,0.17282350732879437,-0.28349636400004097,0.0,0.125,0,0,10.004714273223566,True,False,False,2,synthetic_2d_kinematics_ideal_odometry
1789808680.6347806,4.166406758104362,0.17282350732879437,-0.2803786076250361,0.0,0.125,0,0,10.004714273223566,True,False,False,2,synthetic_2d_kinematics_ideal_odometry
1789808680.6598475,4.166406758104362,0.17282350732879437,-0.27724505562503476,0.0,0.125,0,0,10.004714273223566,True,False,False,2,synthetic_2d_kinematics_ideal_odometry
1789808680.6848497,4.166406758104362,0.17282350732879437,-0.27412003087503645,0.0,0.125,0,0,10.004714273223566,True,False,False,2,synthetic_2d_kinematics_ideal_odometry
1789808680.7099705,4.166406758104362,0.17282350732879437,-0.270981457625038,0.0,0.125,0,0,10.004714273223566,True,False,False,2,synthetic_2d_kinematics_ideal_odometry
1789808680.734899,4.166406758104362,0.17282350732879437,-0.26786496450003905,0.0,0.125,0,0,10.004714273223566,True,False,False,2,synthetic_2d_kinematics_ideal_odometry
1789808680.7599916,4.166406758104362,0.17282350732879437,-0.2647287353750343,0.0,0.125,0,0,10.004714273223566,True,False,False,2,synthetic_2d_kinematics_ideal_odometry
1789808680.7848566,4.166406758104362,0.17282350732879437,-0.2616193362500396,0.0,0.125,0,0,10.004714273223566,True,False,False,2,synthetic_2d_kinematics_ideal_odometry
1789808680.8101995,4.166406758104362,0.17282350732879437,-0.2584497871250348,0.0,0.125,0,0,10.004714273223566,True,False,False,2,synthetic_2d_kinematics_ideal_odometry
1789808680.834752,4.166406758104362,0.17282350732879437,-0.2553811108750394,0.0,0.125,0,0,10.004714273223566,True,False,False,2,synthetic_2d_kinematics_ideal_odometry
1789808680.8599849,4.166406758104362,0.17282350732879437,-0.2522299970000403,0.0,0.125,0,0,10.004714273223566,True,False,False,2,synthetic_2d_kinematics_ideal_odometry
1789808680.8850589,4.166406758104362,0.17282350732879437,-0.2490949046250363,0.0,0.125,0,0,10.004714273223566,True,False,False,2,synthetic_2d_kinematics_ideal_odometry
1789808680.909983,4.166406758104362,0.17282350732879437,-0.24598002975004069,0.0,0.125,0,0,10.004714273223566,True,False,False,2,synthetic_2d_kinematics_ideal_odometry
1789808680.9348788,4.166406758104362,0.17282350732879437,-0.24598002975004069,0.0,0.0,0,0,10.004714273223566,True,False,False,2,synthetic_2d_kinematics_ideal_odometry
1789808680.9598868,4.166406758104362,0.17282350732879437,-0.24598002975004069,0.0,0.0,0,0,10.004714273223566,True,False,False,2,synthetic_2d_kinematics_ideal_odometry
1789808680.9850225,4.166406758104362,0.17282350732879437,-0.24598002975004069,0.0,0.0,0,0,10.004714273223566,True,False,False,2,synthetic_2d_kinematics_ideal_odometry
1789808681.0099986,4.166406758104362,0.17282350732879437,-0.24598002975004069,0.0,0.0,0,0,10.004714273223566,True,False,False,2,synthetic_2d_kinematics_ideal_odometry
1789808681.0348904,4.166406758104362,0.17282350732879437,-0.24598002975004069,0.0,0.0,0,0,10.004714273223566,True,False,False,2,synthetic_2d_kinematics_ideal_odometry
1789808681.0599697,4.166406758104362,0.17282350732879437,-0.24598002975004069,0.0,0.0,0,0,10.004714273223566,True,False,False,2,synthetic_2d_kinematics_ideal_odometry
1789808681.0849986,4.166406758104362,0.17282350732879437,-0.24598002975004069,0.0,0.0,0,0,10.004714273223566,True,False,False,2,synthetic_2d_kinematics_ideal_odometry
1789808681.1097991,4.166406758104362,0.17282350732879437,-0.24598002975004069,0.0,0.0,0,0,10.004714273223566,True,False,False,2,synthetic_2d_kinematics_ideal_odometry
1789808681.1347377,4.166406758104362,0.17282350732879437,-0.24598002975004069,0.0,0.0,0,0,10.004714273223566,True,False,False,2,synthetic_2d_kinematics_ideal_odometry
1789808681.1600573,4.166406758104362,0.17282350732879437,-0.24598002975004069,0.0,0.0,0,0,10.004714273223566,True,False,False,2,synthetic_2d_kinematics_ideal_odometry
1789808681.184916,4.166406758104362,0.17282350732879437,-0.24598002975004069,0.0,0.0,0,0,10.004714273223566,True,False,False,2,synthetic_2d_kinematics_ideal_odometry
1789808681.2099106,4.166406758104362,0.17282350732879437,-0.24598002975004069,0.0,0.0,0,0,10.004714273223566,True,False,False,2,synthetic_2d_kinematics_ideal_odometry
1789808681.2350578,4.166406758104362,0.17282350732879437,-0.24598002975004069,0.0,0.0,0,0,10.004714273223566,True,False,False,2,synthetic_2d_kinematics_ideal_odometry
1789808681.2598138,4.166406758104362,0.17282350732879437,-0.24598002975004069,0.0,0.0,0,0,10.004714273223566,True,False,False,2,synthetic_2d_kinematics_ideal_odometry
1789808681.2848523,4.166406758104362,0.17282350732879437,-0.24598002975004069,0.0,0.0,0,0,10.004714273223566,True,False,False,2,synthetic_2d_kinematics_ideal_odometry
1789808681.3098373,4.166406758104362,0.17282350732879437,-0.24598002975004069,0.0,0.0,0,0,10.004714273223566,True,False,False,2,synthetic_2d_kinematics_ideal_odometry
1789808681.3349464,4.166406758104362,0.17282350732879437,-0.24598002975004069,0.0,0.0,0,0,10.004714273223566,True,False,False,2,synthetic_2d_kinematics_ideal_odometry
1789808681.3599298,4.166406758104362,0.17282350732879437,-0.24598002975004069,0.0,0.0,0,0,10.004714273223566,True,False,False,2,synthetic_2d_kinematics_ideal_odometry
1789808681.385054,4.166406758104362,0.17282350732879437,-0.24598002975004069,0.0,0.0,0,0,10.004714273223566,True,False,False,2,synthetic_2d_kinematics_ideal_odometry
1789808681.410087,4.166406758104362,0.17282350732879437,-0.24598002975004069,0.0,0.0,0,0,10.004714273223566,True,False,False,2,synthetic_2d_kinematics_ideal_odometry
1789808681.435217,4.166406758104362,0.17282350732879437,-0.24598002975004069,0.0,0.0,0,0,10.004714273223566,True,False,False,2,synthetic_2d_kinematics_ideal_odometry
1789808681.459873,4.166406758104362,0.17282350732879437,-0.24598002975004069,0.0,0.0,0,0,10.004714273223566,True,False,False,2,synthetic_2d_kinematics_ideal_odometry
1789808681.4850137,4.166406758104362,0.17282350732879437,-0.24598002975004069,0.0,0.0,0,0,10.004714273223566,True,False,False,2,synthetic_2d_kinematics_ideal_odometry
1789808681.510093,4.166406758104362,0.17282350732879437,-0.24598002975004069,0.0,0.0,0,0,10.004714273223566,True,False,False,2,synthetic_2d_kinematics_ideal_odometry
1789808681.5350807,4.166406758104362,0.17282350732879437,-0.24598002975004069,0.0,0.0,0,0,10.004714273223566,True,False,False,2,synthetic_2d_kinematics_ideal_odometry
1789808681.5599878,4.166406758104362,0.17282350732879437,-0.24598002975004069,0.0,0.0,0,0,10.004714273223566,True,False,False,2,synthetic_2d_kinematics_ideal_odometry
1789808681.5847566,4.166406758104362,0.17282350732879437,-0.24598002975004069,0.0,0.0,0,0,10.004714273223566,True,False,False,2,synthetic_2d_kinematics_ideal_odometry
1789808681.6097987,4.166406758104362,0.17282350732879437,-0.24598002975004069,0.0,0.0,0,0,10.004714273223566,True,False,False,2,synthetic_2d_kinematics_ideal_odometry
1789808681.6348312,4.166406758104362,0.17282350732879437,-0.24598002975004069,0.0,0.0,0,0,10.004714273223566,True,False,False,2,synthetic_2d_kinematics_ideal_odometry
1789808681.6598425,4.166406758104362,0.17282350732879437,-0.24598002975004069,0.0,0.0,0,0,10.004714273223566,True,False,False,2,synthetic_2d_kinematics_ideal_odometry
1789808681.6850863,4.166406758104362,0.17282350732879437,-0.24598002975004069,0.0,0.0,0,0,10.004714273223566,True,False,False,2,synthetic_2d_kinematics_ideal_odometry
1789808681.7102299,4.166406758104362,0.17282350732879437,-0.24598002975004069,0.0,0.0,0,0,10.004714273223566,True,False,False,2,synthetic_2d_kinematics_ideal_odometry
1789808681.734985,4.166406758104362,0.17282350732879437,-0.24598002975004069,0.0,0.0,0,0,10.004714273223566,True,False,False,2,synthetic_2d_kinematics_ideal_odometry
1789808681.7600553,4.166406758104362,0.17282350732879437,-0.24598002975004069,0.0,0.0,0,0,10.004714273223566,True,False,False,2,synthetic_2d_kinematics_ideal_odometry
1789808681.7850266,4.166406758104362,0.17282350732879437,-0.24598002975004069,0.0,0.0,0,0,10.004714273223566,True,False,False,2,synthetic_2d_kinematics_ideal_odometry
1789808681.840862,4.166406758104362,0.17282350732879437,-0.24598002975004069,0.0,0.0,0,0,10.004714273223566,True,False,False,2,synthetic_2d_kinematics_ideal_odometry
1789808681.8599699,4.166406758104362,0.17282350732879437,-0.24598002975004069,0.0,0.0,0,0,10.004714273223566,True,False,False,2,synthetic_2d_kinematics_ideal_odometry
1789808681.8849795,4.166406758104362,0.17282350732879437,-0.24598002975004069,0.0,0.0,0,0,10.004714273223566,True,False,False,2,synthetic_2d_kinematics_ideal_odometry
1789808681.9099972,4.166406758104362,0.17282350732879437,-0.24598002975004069,0.0,0.0,0,0,10.004714273223566,True,False,False,2,synthetic_2d_kinematics_ideal_odometry
1789808681.934852,4.166406758104362,0.17282350732879437,-0.24598002975004069,0.0,0.0,0,0,10.004714273223566,True,False,False,2,synthetic_2d_kinematics_ideal_odometry
1789808681.9599128,4.166406758104362,0.17282350732879437,-0.24598002975004069,0.0,0.0,0,0,10.004714273223566,True,False,False,2,synthetic_2d_kinematics_ideal_odometry
1789808681.9850166,4.166406758104362,0.17282350732879437,-0.24598002975004069,0.0,0.0,0,0,10.004714273223566,True,False,False,2,synthetic_2d_kinematics_ideal_odometry
1789808682.010007,4.166406758104362,0.17282350732879437,-0.24598002975004069,0.0,0.0,0,0,10.004714273223566,True,False,False,2,synthetic_2d_kinematics_ideal_odometry
